The target system is: Windows -  - x86_64
The host system is: Linux - 6.8.0-52-generic - x86_64
Compiling the C compiler identification source file "CMakeCCompilerId.c" succeeded.
Compiler: /usr/bin/x86_64-w64-mingw32-gcc 
Build flags: 
Id flags:  

The output was:
0


Compilation of the C compiler identification source "CMakeCCompilerId.c" produced "a.exe"

The C compiler identification is GNU, found in "/home/taiwei/code/myBeijingHell/build-windows/CMakeFiles/3.22.1/CompilerIdC/a.exe"

Compiling the CXX compiler identification source file "CMakeCXXCompilerId.cpp" succeeded.
Compiler: /usr/bin/x86_64-w64-mingw32-g++ 
Build flags: 
Id flags:  

The output was:
0


Compilation of the CXX compiler identification source "CMakeCXXCompilerId.cpp" produced "a.exe"

The CXX compiler identification is GNU, found in "/home/taiwei/code/myBeijingHell/build-windows/CMakeFiles/3.22.1/CompilerIdCXX/a.exe"

Detecting C compiler ABI info compiled with the following output:
Change Dir: /home/taiwei/code/myBeijingHell/build-windows/CMakeFiles/CMakeTmp

Run Build Command(s):/usr/bin/gmake -f Makefile cmTC_a7f4f/fast && /usr/bin/gmake  -f CMakeFiles/cmTC_a7f4f.dir/build.make CMakeFiles/cmTC_a7f4f.dir/build
gmake[1]: Entering directory '/home/taiwei/code/myBeijingHell/build-windows/CMakeFiles/CMakeTmp'
Building C object CMakeFiles/cmTC_a7f4f.dir/CMakeCCompilerABI.c.obj
/usr/bin/x86_64-w64-mingw32-gcc   -v -o CMakeFiles/cmTC_a7f4f.dir/CMakeCCompilerABI.c.obj -c /usr/share/cmake-3.22/Modules/CMakeCCompilerABI.c
Using built-in specs.
COLLECT_GCC=/usr/bin/x86_64-w64-mingw32-gcc
Target: x86_64-w64-mingw32
Configured with: ../../src/configure --build=x86_64-linux-gnu --prefix=/usr --includedir='/usr/include' --mandir='/usr/share/man' --infodir='/usr/share/info' --sysconfdir=/etc --localstatedir=/var --disable-option-checking --disable-silent-rules --libdir='/usr/lib/x86_64-linux-gnu' --libexecdir='/usr/lib/x86_64-linux-gnu' --disable-maintainer-mode --disable-dependency-tracking --prefix=/usr --enable-shared --enable-static --disable-multilib --with-system-zlib --libexecdir=/usr/lib --without-included-gettext --libdir=/usr/lib --enable-libstdcxx-time=yes --with-tune=generic --with-headers --enable-version-specific-runtime-libs --enable-fully-dynamic-string --enable-libgomp --enable-languages=c,c++,fortran,objc,obj-c++,ada --enable-lto --enable-threads=win32 --program-suffix=-win32 --program-prefix=x86_64-w64-mingw32- --target=x86_64-w64-mingw32 --with-as=/usr/bin/x86_64-w64-mingw32-as --with-ld=/usr/bin/x86_64-w64-mingw32-ld --enable-libatomic --enable-libstdcxx-filesystem-ts=yes --enable-dependency-tracking SED=/bin/sed
Thread model: win32
Supported LTO compression algorithms: zlib
gcc version 10-win32 20220113 (GCC) 
COLLECT_GCC_OPTIONS='-v' '-o' 'CMakeFiles/cmTC_a7f4f.dir/CMakeCCompilerABI.c.obj' '-c' '-mtune=generic' '-march=x86-64'
 /usr/lib/gcc/x86_64-w64-mingw32/10-win32/cc1 -quiet -v -U_REENTRANT /usr/share/cmake-3.22/Modules/CMakeCCompilerABI.c -quiet -dumpbase CMakeCCompilerABI.c -mtune=generic -march=x86-64 -auxbase-strip CMakeFiles/cmTC_a7f4f.dir/CMakeCCompilerABI.c.obj -version -o /tmp/cc0L7eYN.s
GNU C17 (GCC) version 10-win32 20220113 (x86_64-w64-mingw32)
	compiled by GNU C version 10.3.0, GMP version 6.2.1, MPFR version 4.1.0, MPC version 1.2.1, isl version isl-0.24-GMP

GGC heuristics: --param ggc-min-expand=100 --param ggc-min-heapsize=131072
ignoring nonexistent directory "/usr/lib/gcc/x86_64-w64-mingw32/10-win32/../../../../x86_64-w64-mingw32/sys-include"
#include "..." search starts here:
#include <...> search starts here:
 /usr/lib/gcc/x86_64-w64-mingw32/10-win32/include
 /usr/lib/gcc/x86_64-w64-mingw32/10-win32/include-fixed
 /usr/lib/gcc/x86_64-w64-mingw32/10-win32/../../../../x86_64-w64-mingw32/include
End of search list.
GNU C17 (GCC) version 10-win32 20220113 (x86_64-w64-mingw32)
	compiled by GNU C version 10.3.0, GMP version 6.2.1, MPFR version 4.1.0, MPC version 1.2.1, isl version isl-0.24-GMP

GGC heuristics: --param ggc-min-expand=100 --param ggc-min-heapsize=131072
Compiler executable checksum: 540c311885c0710cac74cf12fb1ae6c1
COLLECT_GCC_OPTIONS='-v' '-o' 'CMakeFiles/cmTC_a7f4f.dir/CMakeCCompilerABI.c.obj' '-c' '-mtune=generic' '-march=x86-64'
 /usr/bin/x86_64-w64-mingw32-as -v -o CMakeFiles/cmTC_a7f4f.dir/CMakeCCompilerABI.c.obj /tmp/cc0L7eYN.s
GNU assembler version 2.38 (x86_64-w64-mingw32) using BFD version (GNU Binutils) 2.38
COMPILER_PATH=/usr/lib/gcc/x86_64-w64-mingw32/10-win32/:/usr/lib/gcc/x86_64-w64-mingw32/10-win32/:/usr/lib/gcc/x86_64-w64-mingw32/:/usr/lib/gcc/x86_64-w64-mingw32/10-win32/:/usr/lib/gcc/x86_64-w64-mingw32/:/usr/lib/gcc/x86_64-w64-mingw32/10-win32/../../../../x86_64-w64-mingw32/bin/
LIBRARY_PATH=/usr/lib/gcc/x86_64-w64-mingw32/10-win32/:/usr/lib/gcc/x86_64-w64-mingw32/10-win32/../../../../x86_64-w64-mingw32/lib/
COLLECT_GCC_OPTIONS='-v' '-o' 'CMakeFiles/cmTC_a7f4f.dir/CMakeCCompilerABI.c.obj' '-c' '-mtune=generic' '-march=x86-64'
Linking C executable cmTC_a7f4f.exe
/usr/bin/cmake -E cmake_link_script CMakeFiles/cmTC_a7f4f.dir/link.txt --verbose=1
/usr/bin/cmake -E rm -f CMakeFiles/cmTC_a7f4f.dir/objects.a
/usr/bin/x86_64-w64-mingw32-ar qc CMakeFiles/cmTC_a7f4f.dir/objects.a @CMakeFiles/cmTC_a7f4f.dir/objects1.rsp
/usr/bin/x86_64-w64-mingw32-gcc  -v -Wl,--whole-archive CMakeFiles/cmTC_a7f4f.dir/objects.a -Wl,--no-whole-archive -o cmTC_a7f4f.exe -Wl,--out-implib,libcmTC_a7f4f.dll.a -Wl,--major-image-version,0,--minor-image-version,0 
Using built-in specs.
COLLECT_GCC=/usr/bin/x86_64-w64-mingw32-gcc
COLLECT_LTO_WRAPPER=/usr/lib/gcc/x86_64-w64-mingw32/10-win32/lto-wrapper
Target: x86_64-w64-mingw32
Configured with: ../../src/configure --build=x86_64-linux-gnu --prefix=/usr --includedir='/usr/include' --mandir='/usr/share/man' --infodir='/usr/share/info' --sysconfdir=/etc --localstatedir=/var --disable-option-checking --disable-silent-rules --libdir='/usr/lib/x86_64-linux-gnu' --libexecdir='/usr/lib/x86_64-linux-gnu' --disable-maintainer-mode --disable-dependency-tracking --prefix=/usr --enable-shared --enable-static --disable-multilib --with-system-zlib --libexecdir=/usr/lib --without-included-gettext --libdir=/usr/lib --enable-libstdcxx-time=yes --with-tune=generic --with-headers --enable-version-specific-runtime-libs --enable-fully-dynamic-string --enable-libgomp --enable-languages=c,c++,fortran,objc,obj-c++,ada --enable-lto --enable-threads=win32 --program-suffix=-win32 --program-prefix=x86_64-w64-mingw32- --target=x86_64-w64-mingw32 --with-as=/usr/bin/x86_64-w64-mingw32-as --with-ld=/usr/bin/x86_64-w64-mingw32-ld --enable-libatomic --enable-libstdcxx-filesystem-ts=yes --enable-dependency-tracking SED=/bin/sed
Thread model: win32
Supported LTO compression algorithms: zlib
gcc version 10-win32 20220113 (GCC) 
COMPILER_PATH=/usr/lib/gcc/x86_64-w64-mingw32/10-win32/:/usr/lib/gcc/x86_64-w64-mingw32/10-win32/:/usr/lib/gcc/x86_64-w64-mingw32/:/usr/lib/gcc/x86_64-w64-mingw32/10-win32/:/usr/lib/gcc/x86_64-w64-mingw32/:/usr/lib/gcc/x86_64-w64-mingw32/10-win32/../../../../x86_64-w64-mingw32/bin/
LIBRARY_PATH=/usr/lib/gcc/x86_64-w64-mingw32/10-win32/:/usr/lib/gcc/x86_64-w64-mingw32/10-win32/../../../../x86_64-w64-mingw32/lib/
COLLECT_GCC_OPTIONS='-v' '-o' 'cmTC_a7f4f.exe' '-mtune=generic' '-march=x86-64'
 /usr/lib/gcc/x86_64-w64-mingw32/10-win32/collect2 -plugin /usr/lib/gcc/x86_64-w64-mingw32/10-win32/liblto_plugin.so -plugin-opt=/usr/lib/gcc/x86_64-w64-mingw32/10-win32/lto-wrapper -plugin-opt=-fresolution=/tmp/ccdXDtZR.res -plugin-opt=-pass-through=-lmingw32 -plugin-opt=-pass-through=-lgcc -plugin-opt=-pass-through=-lgcc_eh -plugin-opt=-pass-through=-lmoldname -plugin-opt=-pass-through=-lmingwex -plugin-opt=-pass-through=-lmsvcrt -plugin-opt=-pass-through=-ladvapi32 -plugin-opt=-pass-through=-lshell32 -plugin-opt=-pass-through=-luser32 -plugin-opt=-pass-through=-lkernel32 -plugin-opt=-pass-through=-lmingw32 -plugin-opt=-pass-through=-lgcc -plugin-opt=-pass-through=-lgcc_eh -plugin-opt=-pass-through=-lmoldname -plugin-opt=-pass-through=-lmingwex -plugin-opt=-pass-through=-lmsvcrt -m i386pep -Bdynamic -o cmTC_a7f4f.exe /usr/lib/gcc/x86_64-w64-mingw32/10-win32/../../../../x86_64-w64-mingw32/lib/crt2.o /usr/lib/gcc/x86_64-w64-mingw32/10-win32/crtbegin.o -L/usr/lib/gcc/x86_64-w64-mingw32/10-win32 -L/usr/lib/gcc/x86_64-w64-mingw32/10-win32/../../../../x86_64-w64-mingw32/lib --whole-archive CMakeFiles/cmTC_a7f4f.dir/objects.a --no-whole-archive --out-implib libcmTC_a7f4f.dll.a --major-image-version 0 --minor-image-version 0 -lmingw32 -lgcc -lgcc_eh -lmoldname -lmingwex -lmsvcrt -ladvapi32 -lshell32 -luser32 -lkernel32 -lmingw32 -lgcc -lgcc_eh -lmoldname -lmingwex -lmsvcrt /usr/lib/gcc/x86_64-w64-mingw32/10-win32/crtend.o
COLLECT_GCC_OPTIONS='-v' '-o' 'cmTC_a7f4f.exe' '-mtune=generic' '-march=x86-64'
gmake[1]: Leaving directory '/home/taiwei/code/myBeijingHell/build-windows/CMakeFiles/CMakeTmp'



Parsed C implicit include dir info from above output: rv=done
  found start of include info
  found start of implicit include info
    add: [/usr/lib/gcc/x86_64-w64-mingw32/10-win32/include]
    add: [/usr/lib/gcc/x86_64-w64-mingw32/10-win32/include-fixed]
    add: [/usr/lib/gcc/x86_64-w64-mingw32/10-win32/../../../../x86_64-w64-mingw32/include]
  end of search list found
  collapse include dir [/usr/lib/gcc/x86_64-w64-mingw32/10-win32/include] ==> [/usr/lib/gcc/x86_64-w64-mingw32/10-win32/include]
  collapse include dir [/usr/lib/gcc/x86_64-w64-mingw32/10-win32/include-fixed] ==> [/usr/lib/gcc/x86_64-w64-mingw32/10-win32/include-fixed]
  collapse include dir [/usr/lib/gcc/x86_64-w64-mingw32/10-win32/../../../../x86_64-w64-mingw32/include] ==> [/usr/x86_64-w64-mingw32/include]
  implicit include dirs: [/usr/lib/gcc/x86_64-w64-mingw32/10-win32/include;/usr/lib/gcc/x86_64-w64-mingw32/10-win32/include-fixed;/usr/x86_64-w64-mingw32/include]


Parsed C implicit link information from above output:
  link line regex: [^( *|.*[/\])(x86_64-w64-mingw32-ld|CMAKE_LINK_STARTFILE-NOTFOUND|([^/\]+-)?ld|collect2)[^/\]*( |$)]
  ignore line: [Change Dir: /home/taiwei/code/myBeijingHell/build-windows/CMakeFiles/CMakeTmp]
  ignore line: []
  ignore line: [Run Build Command(s):/usr/bin/gmake -f Makefile cmTC_a7f4f/fast && /usr/bin/gmake  -f CMakeFiles/cmTC_a7f4f.dir/build.make CMakeFiles/cmTC_a7f4f.dir/build]
  ignore line: [gmake[1]: Entering directory '/home/taiwei/code/myBeijingHell/build-windows/CMakeFiles/CMakeTmp']
  ignore line: [Building C object CMakeFiles/cmTC_a7f4f.dir/CMakeCCompilerABI.c.obj]
  ignore line: [/usr/bin/x86_64-w64-mingw32-gcc   -v -o CMakeFiles/cmTC_a7f4f.dir/CMakeCCompilerABI.c.obj -c /usr/share/cmake-3.22/Modules/CMakeCCompilerABI.c]
  ignore line: [Using built-in specs.]
  ignore line: [COLLECT_GCC=/usr/bin/x86_64-w64-mingw32-gcc]
  ignore line: [Target: x86_64-w64-mingw32]
  ignore line: [Configured with: ../../src/configure --build=x86_64-linux-gnu --prefix=/usr --includedir='/usr/include' --mandir='/usr/share/man' --infodir='/usr/share/info' --sysconfdir=/etc --localstatedir=/var --disable-option-checking --disable-silent-rules --libdir='/usr/lib/x86_64-linux-gnu' --libexecdir='/usr/lib/x86_64-linux-gnu' --disable-maintainer-mode --disable-dependency-tracking --prefix=/usr --enable-shared --enable-static --disable-multilib --with-system-zlib --libexecdir=/usr/lib --without-included-gettext --libdir=/usr/lib --enable-libstdcxx-time=yes --with-tune=generic --with-headers --enable-version-specific-runtime-libs --enable-fully-dynamic-string --enable-libgomp --enable-languages=c,c++,fortran,objc,obj-c++,ada --enable-lto --enable-threads=win32 --program-suffix=-win32 --program-prefix=x86_64-w64-mingw32- --target=x86_64-w64-mingw32 --with-as=/usr/bin/x86_64-w64-mingw32-as --with-ld=/usr/bin/x86_64-w64-mingw32-ld --enable-libatomic --enable-libstdcxx-filesystem-ts=yes --enable-dependency-tracking SED=/bin/sed]
  ignore line: [Thread model: win32]
  ignore line: [Supported LTO compression algorithms: zlib]
  ignore line: [gcc version 10-win32 20220113 (GCC) ]
  ignore line: [COLLECT_GCC_OPTIONS='-v' '-o' 'CMakeFiles/cmTC_a7f4f.dir/CMakeCCompilerABI.c.obj' '-c' '-mtune=generic' '-march=x86-64']
  ignore line: [ /usr/lib/gcc/x86_64-w64-mingw32/10-win32/cc1 -quiet -v -U_REENTRANT /usr/share/cmake-3.22/Modules/CMakeCCompilerABI.c -quiet -dumpbase CMakeCCompilerABI.c -mtune=generic -march=x86-64 -auxbase-strip CMakeFiles/cmTC_a7f4f.dir/CMakeCCompilerABI.c.obj -version -o /tmp/cc0L7eYN.s]
  ignore line: [GNU C17 (GCC) version 10-win32 20220113 (x86_64-w64-mingw32)]
  ignore line: [	compiled by GNU C version 10.3.0  GMP version 6.2.1  MPFR version 4.1.0  MPC version 1.2.1  isl version isl-0.24-GMP]
  ignore line: []
  ignore line: [GGC heuristics: --param ggc-min-expand=100 --param ggc-min-heapsize=131072]
  ignore line: [ignoring nonexistent directory "/usr/lib/gcc/x86_64-w64-mingw32/10-win32/../../../../x86_64-w64-mingw32/sys-include"]
  ignore line: [#include "..." search starts here:]
  ignore line: [#include <...> search starts here:]
  ignore line: [ /usr/lib/gcc/x86_64-w64-mingw32/10-win32/include]
  ignore line: [ /usr/lib/gcc/x86_64-w64-mingw32/10-win32/include-fixed]
  ignore line: [ /usr/lib/gcc/x86_64-w64-mingw32/10-win32/../../../../x86_64-w64-mingw32/include]
  ignore line: [End of search list.]
  ignore line: [GNU C17 (GCC) version 10-win32 20220113 (x86_64-w64-mingw32)]
  ignore line: [	compiled by GNU C version 10.3.0  GMP version 6.2.1  MPFR version 4.1.0  MPC version 1.2.1  isl version isl-0.24-GMP]
  ignore line: []
  ignore line: [GGC heuristics: --param ggc-min-expand=100 --param ggc-min-heapsize=131072]
  ignore line: [Compiler executable checksum: 540c311885c0710cac74cf12fb1ae6c1]
  ignore line: [COLLECT_GCC_OPTIONS='-v' '-o' 'CMakeFiles/cmTC_a7f4f.dir/CMakeCCompilerABI.c.obj' '-c' '-mtune=generic' '-march=x86-64']
  ignore line: [ /usr/bin/x86_64-w64-mingw32-as -v -o CMakeFiles/cmTC_a7f4f.dir/CMakeCCompilerABI.c.obj /tmp/cc0L7eYN.s]
  ignore line: [GNU assembler version 2.38 (x86_64-w64-mingw32) using BFD version (GNU Binutils) 2.38]
  ignore line: [COMPILER_PATH=/usr/lib/gcc/x86_64-w64-mingw32/10-win32/:/usr/lib/gcc/x86_64-w64-mingw32/10-win32/:/usr/lib/gcc/x86_64-w64-mingw32/:/usr/lib/gcc/x86_64-w64-mingw32/10-win32/:/usr/lib/gcc/x86_64-w64-mingw32/:/usr/lib/gcc/x86_64-w64-mingw32/10-win32/../../../../x86_64-w64-mingw32/bin/]
  ignore line: [LIBRARY_PATH=/usr/lib/gcc/x86_64-w64-mingw32/10-win32/:/usr/lib/gcc/x86_64-w64-mingw32/10-win32/../../../../x86_64-w64-mingw32/lib/]
  ignore line: [COLLECT_GCC_OPTIONS='-v' '-o' 'CMakeFiles/cmTC_a7f4f.dir/CMakeCCompilerABI.c.obj' '-c' '-mtune=generic' '-march=x86-64']
  ignore line: [Linking C executable cmTC_a7f4f.exe]
  ignore line: [/usr/bin/cmake -E cmake_link_script CMakeFiles/cmTC_a7f4f.dir/link.txt --verbose=1]
  ignore line: [/usr/bin/cmake -E rm -f CMakeFiles/cmTC_a7f4f.dir/objects.a]
  ignore line: [/usr/bin/x86_64-w64-mingw32-ar qc CMakeFiles/cmTC_a7f4f.dir/objects.a @CMakeFiles/cmTC_a7f4f.dir/objects1.rsp]
  ignore line: [/usr/bin/x86_64-w64-mingw32-gcc  -v -Wl --whole-archive CMakeFiles/cmTC_a7f4f.dir/objects.a -Wl --no-whole-archive -o cmTC_a7f4f.exe -Wl --out-implib libcmTC_a7f4f.dll.a -Wl --major-image-version 0 --minor-image-version 0 ]
  ignore line: [Using built-in specs.]
  ignore line: [COLLECT_GCC=/usr/bin/x86_64-w64-mingw32-gcc]
  ignore line: [COLLECT_LTO_WRAPPER=/usr/lib/gcc/x86_64-w64-mingw32/10-win32/lto-wrapper]
  ignore line: [Target: x86_64-w64-mingw32]
  ignore line: [Configured with: ../../src/configure --build=x86_64-linux-gnu --prefix=/usr --includedir='/usr/include' --mandir='/usr/share/man' --infodir='/usr/share/info' --sysconfdir=/etc --localstatedir=/var --disable-option-checking --disable-silent-rules --libdir='/usr/lib/x86_64-linux-gnu' --libexecdir='/usr/lib/x86_64-linux-gnu' --disable-maintainer-mode --disable-dependency-tracking --prefix=/usr --enable-shared --enable-static --disable-multilib --with-system-zlib --libexecdir=/usr/lib --without-included-gettext --libdir=/usr/lib --enable-libstdcxx-time=yes --with-tune=generic --with-headers --enable-version-specific-runtime-libs --enable-fully-dynamic-string --enable-libgomp --enable-languages=c,c++,fortran,objc,obj-c++,ada --enable-lto --enable-threads=win32 --program-suffix=-win32 --program-prefix=x86_64-w64-mingw32- --target=x86_64-w64-mingw32 --with-as=/usr/bin/x86_64-w64-mingw32-as --with-ld=/usr/bin/x86_64-w64-mingw32-ld --enable-libatomic --enable-libstdcxx-filesystem-ts=yes --enable-dependency-tracking SED=/bin/sed]
  ignore line: [Thread model: win32]
  ignore line: [Supported LTO compression algorithms: zlib]
  ignore line: [gcc version 10-win32 20220113 (GCC) ]
  ignore line: [COMPILER_PATH=/usr/lib/gcc/x86_64-w64-mingw32/10-win32/:/usr/lib/gcc/x86_64-w64-mingw32/10-win32/:/usr/lib/gcc/x86_64-w64-mingw32/:/usr/lib/gcc/x86_64-w64-mingw32/10-win32/:/usr/lib/gcc/x86_64-w64-mingw32/:/usr/lib/gcc/x86_64-w64-mingw32/10-win32/../../../../x86_64-w64-mingw32/bin/]
  ignore line: [LIBRARY_PATH=/usr/lib/gcc/x86_64-w64-mingw32/10-win32/:/usr/lib/gcc/x86_64-w64-mingw32/10-win32/../../../../x86_64-w64-mingw32/lib/]
  ignore line: [COLLECT_GCC_OPTIONS='-v' '-o' 'cmTC_a7f4f.exe' '-mtune=generic' '-march=x86-64']
  link line: [ /usr/lib/gcc/x86_64-w64-mingw32/10-win32/collect2 -plugin /usr/lib/gcc/x86_64-w64-mingw32/10-win32/liblto_plugin.so -plugin-opt=/usr/lib/gcc/x86_64-w64-mingw32/10-win32/lto-wrapper -plugin-opt=-fresolution=/tmp/ccdXDtZR.res -plugin-opt=-pass-through=-lmingw32 -plugin-opt=-pass-through=-lgcc -plugin-opt=-pass-through=-lgcc_eh -plugin-opt=-pass-through=-lmoldname -plugin-opt=-pass-through=-lmingwex -plugin-opt=-pass-through=-lmsvcrt -plugin-opt=-pass-through=-ladvapi32 -plugin-opt=-pass-through=-lshell32 -plugin-opt=-pass-through=-luser32 -plugin-opt=-pass-through=-lkernel32 -plugin-opt=-pass-through=-lmingw32 -plugin-opt=-pass-through=-lgcc -plugin-opt=-pass-through=-lgcc_eh -plugin-opt=-pass-through=-lmoldname -plugin-opt=-pass-through=-lmingwex -plugin-opt=-pass-through=-lmsvcrt -m i386pep -Bdynamic -o cmTC_a7f4f.exe /usr/lib/gcc/x86_64-w64-mingw32/10-win32/../../../../x86_64-w64-mingw32/lib/crt2.o /usr/lib/gcc/x86_64-w64-mingw32/10-win32/crtbegin.o -L/usr/lib/gcc/x86_64-w64-mingw32/10-win32 -L/usr/lib/gcc/x86_64-w64-mingw32/10-win32/../../../../x86_64-w64-mingw32/lib --whole-archive CMakeFiles/cmTC_a7f4f.dir/objects.a --no-whole-archive --out-implib libcmTC_a7f4f.dll.a --major-image-version 0 --minor-image-version 0 -lmingw32 -lgcc -lgcc_eh -lmoldname -lmingwex -lmsvcrt -ladvapi32 -lshell32 -luser32 -lkernel32 -lmingw32 -lgcc -lgcc_eh -lmoldname -lmingwex -lmsvcrt /usr/lib/gcc/x86_64-w64-mingw32/10-win32/crtend.o]
    arg [/usr/lib/gcc/x86_64-w64-mingw32/10-win32/collect2] ==> ignore
    arg [-plugin] ==> ignore
    arg [/usr/lib/gcc/x86_64-w64-mingw32/10-win32/liblto_plugin.so] ==> ignore
    arg [-plugin-opt=/usr/lib/gcc/x86_64-w64-mingw32/10-win32/lto-wrapper] ==> ignore
    arg [-plugin-opt=-fresolution=/tmp/ccdXDtZR.res] ==> ignore
    arg [-plugin-opt=-pass-through=-lmingw32] ==> ignore
    arg [-plugin-opt=-pass-through=-lgcc] ==> ignore
    arg [-plugin-opt=-pass-through=-lgcc_eh] ==> ignore
    arg [-plugin-opt=-pass-through=-lmoldname] ==> ignore
    arg [-plugin-opt=-pass-through=-lmingwex] ==> ignore
    arg [-plugin-opt=-pass-through=-lmsvcrt] ==> ignore
    arg [-plugin-opt=-pass-through=-ladvapi32] ==> ignore
    arg [-plugin-opt=-pass-through=-lshell32] ==> ignore
    arg [-plugin-opt=-pass-through=-luser32] ==> ignore
    arg [-plugin-opt=-pass-through=-lkernel32] ==> ignore
    arg [-plugin-opt=-pass-through=-lmingw32] ==> ignore
    arg [-plugin-opt=-pass-through=-lgcc] ==> ignore
    arg [-plugin-opt=-pass-through=-lgcc_eh] ==> ignore
    arg [-plugin-opt=-pass-through=-lmoldname] ==> ignore
    arg [-plugin-opt=-pass-through=-lmingwex] ==> ignore
    arg [-plugin-opt=-pass-through=-lmsvcrt] ==> ignore
    arg [-m] ==> ignore
    arg [i386pep] ==> ignore
    arg [-Bdynamic] ==> search dynamic
    arg [-o] ==> ignore
    arg [cmTC_a7f4f.exe] ==> ignore
    arg [/usr/lib/gcc/x86_64-w64-mingw32/10-win32/../../../../x86_64-w64-mingw32/lib/crt2.o] ==> obj [/usr/lib/gcc/x86_64-w64-mingw32/10-win32/../../../../x86_64-w64-mingw32/lib/crt2.o]
    arg [/usr/lib/gcc/x86_64-w64-mingw32/10-win32/crtbegin.o] ==> obj [/usr/lib/gcc/x86_64-w64-mingw32/10-win32/crtbegin.o]
    arg [-L/usr/lib/gcc/x86_64-w64-mingw32/10-win32] ==> dir [/usr/lib/gcc/x86_64-w64-mingw32/10-win32]
    arg [-L/usr/lib/gcc/x86_64-w64-mingw32/10-win32/../../../../x86_64-w64-mingw32/lib] ==> dir [/usr/lib/gcc/x86_64-w64-mingw32/10-win32/../../../../x86_64-w64-mingw32/lib]
    arg [--whole-archive] ==> ignore
    arg [CMakeFiles/cmTC_a7f4f.dir/objects.a] ==> ignore
    arg [--no-whole-archive] ==> ignore
    arg [--out-implib] ==> ignore
    arg [libcmTC_a7f4f.dll.a] ==> ignore
    arg [--major-image-version] ==> ignore
    arg [0] ==> ignore
    arg [--minor-image-version] ==> ignore
    arg [0] ==> ignore
    arg [-lmingw32] ==> lib [mingw32]
    arg [-lgcc] ==> lib [gcc]
    arg [-lgcc_eh] ==> lib [gcc_eh]
    arg [-lmoldname] ==> lib [moldname]
    arg [-lmingwex] ==> lib [mingwex]
    arg [-lmsvcrt] ==> lib [msvcrt]
    arg [-ladvapi32] ==> lib [advapi32]
    arg [-lshell32] ==> lib [shell32]
    arg [-luser32] ==> lib [user32]
    arg [-lkernel32] ==> lib [kernel32]
    arg [-lmingw32] ==> lib [mingw32]
    arg [-lgcc] ==> lib [gcc]
    arg [-lgcc_eh] ==> lib [gcc_eh]
    arg [-lmoldname] ==> lib [moldname]
    arg [-lmingwex] ==> lib [mingwex]
    arg [-lmsvcrt] ==> lib [msvcrt]
    arg [/usr/lib/gcc/x86_64-w64-mingw32/10-win32/crtend.o] ==> obj [/usr/lib/gcc/x86_64-w64-mingw32/10-win32/crtend.o]
  remove lib [gcc_eh]
  remove lib [msvcrt]
  remove lib [gcc_eh]
  remove lib [msvcrt]
  collapse obj [/usr/lib/gcc/x86_64-w64-mingw32/10-win32/../../../../x86_64-w64-mingw32/lib/crt2.o] ==> [/usr/x86_64-w64-mingw32/lib/crt2.o]
  collapse library dir [/usr/lib/gcc/x86_64-w64-mingw32/10-win32] ==> [/usr/lib/gcc/x86_64-w64-mingw32/10-win32]
  collapse library dir [/usr/lib/gcc/x86_64-w64-mingw32/10-win32/../../../../x86_64-w64-mingw32/lib] ==> [/usr/x86_64-w64-mingw32/lib]
  implicit libs: [mingw32;gcc;moldname;mingwex;advapi32;shell32;user32;kernel32;mingw32;gcc;moldname;mingwex]
  implicit objs: [/usr/x86_64-w64-mingw32/lib/crt2.o;/usr/lib/gcc/x86_64-w64-mingw32/10-win32/crtbegin.o;/usr/lib/gcc/x86_64-w64-mingw32/10-win32/crtend.o]
  implicit dirs: [/usr/lib/gcc/x86_64-w64-mingw32/10-win32;/usr/x86_64-w64-mingw32/lib]
  implicit fwks: []


Detecting CXX compiler ABI info compiled with the following output:
Change Dir: /home/taiwei/code/myBeijingHell/build-windows/CMakeFiles/CMakeTmp

Run Build Command(s):/usr/bin/gmake -f Makefile cmTC_3adb9/fast && /usr/bin/gmake  -f CMakeFiles/cmTC_3adb9.dir/build.make CMakeFiles/cmTC_3adb9.dir/build
gmake[1]: Entering directory '/home/taiwei/code/myBeijingHell/build-windows/CMakeFiles/CMakeTmp'
Building CXX object CMakeFiles/cmTC_3adb9.dir/CMakeCXXCompilerABI.cpp.obj
/usr/bin/x86_64-w64-mingw32-g++   -v -o CMakeFiles/cmTC_3adb9.dir/CMakeCXXCompilerABI.cpp.obj -c /usr/share/cmake-3.22/Modules/CMakeCXXCompilerABI.cpp
Using built-in specs.
COLLECT_GCC=/usr/bin/x86_64-w64-mingw32-g++
Target: x86_64-w64-mingw32
Configured with: ../../src/configure --build=x86_64-linux-gnu --prefix=/usr --includedir='/usr/include' --mandir='/usr/share/man' --infodir='/usr/share/info' --sysconfdir=/etc --localstatedir=/var --disable-option-checking --disable-silent-rules --libdir='/usr/lib/x86_64-linux-gnu' --libexecdir='/usr/lib/x86_64-linux-gnu' --disable-maintainer-mode --disable-dependency-tracking --prefix=/usr --enable-shared --enable-static --disable-multilib --with-system-zlib --libexecdir=/usr/lib --without-included-gettext --libdir=/usr/lib --enable-libstdcxx-time=yes --with-tune=generic --with-headers --enable-version-specific-runtime-libs --enable-fully-dynamic-string --enable-libgomp --enable-languages=c,c++,fortran,objc,obj-c++,ada --enable-lto --enable-threads=win32 --program-suffix=-win32 --program-prefix=x86_64-w64-mingw32- --target=x86_64-w64-mingw32 --with-as=/usr/bin/x86_64-w64-mingw32-as --with-ld=/usr/bin/x86_64-w64-mingw32-ld --enable-libatomic --enable-libstdcxx-filesystem-ts=yes --enable-dependency-tracking SED=/bin/sed
Thread model: win32
Supported LTO compression algorithms: zlib
gcc version 10-win32 20220113 (GCC) 
COLLECT_GCC_OPTIONS='-v' '-o' 'CMakeFiles/cmTC_3adb9.dir/CMakeCXXCompilerABI.cpp.obj' '-c' '-shared-libgcc' '-mtune=generic' '-march=x86-64'
 /usr/lib/gcc/x86_64-w64-mingw32/10-win32/cc1plus -quiet -v -U_REENTRANT /usr/share/cmake-3.22/Modules/CMakeCXXCompilerABI.cpp -quiet -dumpbase CMakeCXXCompilerABI.cpp -mtune=generic -march=x86-64 -auxbase-strip CMakeFiles/cmTC_3adb9.dir/CMakeCXXCompilerABI.cpp.obj -version -o /tmp/cccsxHnW.s
GNU C++14 (GCC) version 10-win32 20220113 (x86_64-w64-mingw32)
	compiled by GNU C version 10.3.0, GMP version 6.2.1, MPFR version 4.1.0, MPC version 1.2.1, isl version isl-0.24-GMP

GGC heuristics: --param ggc-min-expand=100 --param ggc-min-heapsize=131072
ignoring nonexistent directory "/usr/lib/gcc/x86_64-w64-mingw32/10-win32/../../../../x86_64-w64-mingw32/sys-include"
#include "..." search starts here:
#include <...> search starts here:
 /usr/lib/gcc/x86_64-w64-mingw32/10-win32/include/c++
 /usr/lib/gcc/x86_64-w64-mingw32/10-win32/include/c++/x86_64-w64-mingw32
 /usr/lib/gcc/x86_64-w64-mingw32/10-win32/include/c++/backward
 /usr/lib/gcc/x86_64-w64-mingw32/10-win32/include
 /usr/lib/gcc/x86_64-w64-mingw32/10-win32/include-fixed
 /usr/lib/gcc/x86_64-w64-mingw32/10-win32/../../../../x86_64-w64-mingw32/include
End of search list.
GNU C++14 (GCC) version 10-win32 20220113 (x86_64-w64-mingw32)
	compiled by GNU C version 10.3.0, GMP version 6.2.1, MPFR version 4.1.0, MPC version 1.2.1, isl version isl-0.24-GMP

GGC heuristics: --param ggc-min-expand=100 --param ggc-min-heapsize=131072
Compiler executable checksum: ea21cbb57b378f33ce3fb4d699f383c0
COLLECT_GCC_OPTIONS='-v' '-o' 'CMakeFiles/cmTC_3adb9.dir/CMakeCXXCompilerABI.cpp.obj' '-c' '-shared-libgcc' '-mtune=generic' '-march=x86-64'
 /usr/bin/x86_64-w64-mingw32-as -v -o CMakeFiles/cmTC_3adb9.dir/CMakeCXXCompilerABI.cpp.obj /tmp/cccsxHnW.s
GNU assembler version 2.38 (x86_64-w64-mingw32) using BFD version (GNU Binutils) 2.38
COMPILER_PATH=/usr/lib/gcc/x86_64-w64-mingw32/10-win32/:/usr/lib/gcc/x86_64-w64-mingw32/10-win32/:/usr/lib/gcc/x86_64-w64-mingw32/:/usr/lib/gcc/x86_64-w64-mingw32/10-win32/:/usr/lib/gcc/x86_64-w64-mingw32/:/usr/lib/gcc/x86_64-w64-mingw32/10-win32/../../../../x86_64-w64-mingw32/bin/
LIBRARY_PATH=/usr/lib/gcc/x86_64-w64-mingw32/10-win32/:/usr/lib/gcc/x86_64-w64-mingw32/10-win32/../../../../x86_64-w64-mingw32/lib/
COLLECT_GCC_OPTIONS='-v' '-o' 'CMakeFiles/cmTC_3adb9.dir/CMakeCXXCompilerABI.cpp.obj' '-c' '-shared-libgcc' '-mtune=generic' '-march=x86-64'
Linking CXX executable cmTC_3adb9.exe
/usr/bin/cmake -E cmake_link_script CMakeFiles/cmTC_3adb9.dir/link.txt --verbose=1
/usr/bin/cmake -E rm -f CMakeFiles/cmTC_3adb9.dir/objects.a
/usr/bin/x86_64-w64-mingw32-ar qc CMakeFiles/cmTC_3adb9.dir/objects.a @CMakeFiles/cmTC_3adb9.dir/objects1.rsp
/usr/bin/x86_64-w64-mingw32-g++  -v -Wl,--whole-archive CMakeFiles/cmTC_3adb9.dir/objects.a -Wl,--no-whole-archive -o cmTC_3adb9.exe -Wl,--out-implib,libcmTC_3adb9.dll.a -Wl,--major-image-version,0,--minor-image-version,0 
Using built-in specs.
COLLECT_GCC=/usr/bin/x86_64-w64-mingw32-g++
COLLECT_LTO_WRAPPER=/usr/lib/gcc/x86_64-w64-mingw32/10-win32/lto-wrapper
Target: x86_64-w64-mingw32
Configured with: ../../src/configure --build=x86_64-linux-gnu --prefix=/usr --includedir='/usr/include' --mandir='/usr/share/man' --infodir='/usr/share/info' --sysconfdir=/etc --localstatedir=/var --disable-option-checking --disable-silent-rules --libdir='/usr/lib/x86_64-linux-gnu' --libexecdir='/usr/lib/x86_64-linux-gnu' --disable-maintainer-mode --disable-dependency-tracking --prefix=/usr --enable-shared --enable-static --disable-multilib --with-system-zlib --libexecdir=/usr/lib --without-included-gettext --libdir=/usr/lib --enable-libstdcxx-time=yes --with-tune=generic --with-headers --enable-version-specific-runtime-libs --enable-fully-dynamic-string --enable-libgomp --enable-languages=c,c++,fortran,objc,obj-c++,ada --enable-lto --enable-threads=win32 --program-suffix=-win32 --program-prefix=x86_64-w64-mingw32- --target=x86_64-w64-mingw32 --with-as=/usr/bin/x86_64-w64-mingw32-as --with-ld=/usr/bin/x86_64-w64-mingw32-ld --enable-libatomic --enable-libstdcxx-filesystem-ts=yes --enable-dependency-tracking SED=/bin/sed
Thread model: win32
Supported LTO compression algorithms: zlib
gcc version 10-win32 20220113 (GCC) 
COMPILER_PATH=/usr/lib/gcc/x86_64-w64-mingw32/10-win32/:/usr/lib/gcc/x86_64-w64-mingw32/10-win32/:/usr/lib/gcc/x86_64-w64-mingw32/:/usr/lib/gcc/x86_64-w64-mingw32/10-win32/:/usr/lib/gcc/x86_64-w64-mingw32/:/usr/lib/gcc/x86_64-w64-mingw32/10-win32/../../../../x86_64-w64-mingw32/bin/
LIBRARY_PATH=/usr/lib/gcc/x86_64-w64-mingw32/10-win32/:/usr/lib/gcc/x86_64-w64-mingw32/10-win32/../../../../x86_64-w64-mingw32/lib/
COLLECT_GCC_OPTIONS='-v' '-o' 'cmTC_3adb9.exe' '-shared-libgcc' '-mtune=generic' '-march=x86-64'
 /usr/lib/gcc/x86_64-w64-mingw32/10-win32/collect2 -plugin /usr/lib/gcc/x86_64-w64-mingw32/10-win32/liblto_plugin.so -plugin-opt=/usr/lib/gcc/x86_64-w64-mingw32/10-win32/lto-wrapper -plugin-opt=-fresolution=/tmp/cckwFcLT.res -plugin-opt=-pass-through=-lmingw32 -plugin-opt=-pass-through=-lgcc_s -plugin-opt=-pass-through=-lgcc -plugin-opt=-pass-through=-lmoldname -plugin-opt=-pass-through=-lmingwex -plugin-opt=-pass-through=-lmsvcrt -plugin-opt=-pass-through=-ladvapi32 -plugin-opt=-pass-through=-lshell32 -plugin-opt=-pass-through=-luser32 -plugin-opt=-pass-through=-lkernel32 -plugin-opt=-pass-through=-lmingw32 -plugin-opt=-pass-through=-lgcc_s -plugin-opt=-pass-through=-lgcc -plugin-opt=-pass-through=-lmoldname -plugin-opt=-pass-through=-lmingwex -plugin-opt=-pass-through=-lmsvcrt -m i386pep -Bdynamic -o cmTC_3adb9.exe /usr/lib/gcc/x86_64-w64-mingw32/10-win32/../../../../x86_64-w64-mingw32/lib/crt2.o /usr/lib/gcc/x86_64-w64-mingw32/10-win32/crtbegin.o -L/usr/lib/gcc/x86_64-w64-mingw32/10-win32 -L/usr/lib/gcc/x86_64-w64-mingw32/10-win32/../../../../x86_64-w64-mingw32/lib --whole-archive CMakeFiles/cmTC_3adb9.dir/objects.a --no-whole-archive --out-implib libcmTC_3adb9.dll.a --major-image-version 0 --minor-image-version 0 -lstdc++ -lmingw32 -lgcc_s -lgcc -lmoldname -lmingwex -lmsvcrt -ladvapi32 -lshell32 -luser32 -lkernel32 -lmingw32 -lgcc_s -lgcc -lmoldname -lmingwex -lmsvcrt /usr/lib/gcc/x86_64-w64-mingw32/10-win32/crtend.o
COLLECT_GCC_OPTIONS='-v' '-o' 'cmTC_3adb9.exe' '-shared-libgcc' '-mtune=generic' '-march=x86-64'
gmake[1]: Leaving directory '/home/taiwei/code/myBeijingHell/build-windows/CMakeFiles/CMakeTmp'



Parsed CXX implicit include dir info from above output: rv=done
  found start of include info
  found start of implicit include info
    add: [/usr/lib/gcc/x86_64-w64-mingw32/10-win32/include/c++]
    add: [/usr/lib/gcc/x86_64-w64-mingw32/10-win32/include/c++/x86_64-w64-mingw32]
    add: [/usr/lib/gcc/x86_64-w64-mingw32/10-win32/include/c++/backward]
    add: [/usr/lib/gcc/x86_64-w64-mingw32/10-win32/include]
    add: [/usr/lib/gcc/x86_64-w64-mingw32/10-win32/include-fixed]
    add: [/usr/lib/gcc/x86_64-w64-mingw32/10-win32/../../../../x86_64-w64-mingw32/include]
  end of search list found
  collapse include dir [/usr/lib/gcc/x86_64-w64-mingw32/10-win32/include/c++] ==> [/usr/lib/gcc/x86_64-w64-mingw32/10-win32/include/c++]
  collapse include dir [/usr/lib/gcc/x86_64-w64-mingw32/10-win32/include/c++/x86_64-w64-mingw32] ==> [/usr/lib/gcc/x86_64-w64-mingw32/10-win32/include/c++/x86_64-w64-mingw32]
  collapse include dir [/usr/lib/gcc/x86_64-w64-mingw32/10-win32/include/c++/backward] ==> [/usr/lib/gcc/x86_64-w64-mingw32/10-win32/include/c++/backward]
  collapse include dir [/usr/lib/gcc/x86_64-w64-mingw32/10-win32/include] ==> [/usr/lib/gcc/x86_64-w64-mingw32/10-win32/include]
  collapse include dir [/usr/lib/gcc/x86_64-w64-mingw32/10-win32/include-fixed] ==> [/usr/lib/gcc/x86_64-w64-mingw32/10-win32/include-fixed]
  collapse include dir [/usr/lib/gcc/x86_64-w64-mingw32/10-win32/../../../../x86_64-w64-mingw32/include] ==> [/usr/x86_64-w64-mingw32/include]
  implicit include dirs: [/usr/lib/gcc/x86_64-w64-mingw32/10-win32/include/c++;/usr/lib/gcc/x86_64-w64-mingw32/10-win32/include/c++/x86_64-w64-mingw32;/usr/lib/gcc/x86_64-w64-mingw32/10-win32/include/c++/backward;/usr/lib/gcc/x86_64-w64-mingw32/10-win32/include;/usr/lib/gcc/x86_64-w64-mingw32/10-win32/include-fixed;/usr/x86_64-w64-mingw32/include]


Parsed CXX implicit link information from above output:
  link line regex: [^( *|.*[/\])(x86_64-w64-mingw32-ld|CMAKE_LINK_STARTFILE-NOTFOUND|([^/\]+-)?ld|collect2)[^/\]*( |$)]
  ignore line: [Change Dir: /home/taiwei/code/myBeijingHell/build-windows/CMakeFiles/CMakeTmp]
  ignore line: []
  ignore line: [Run Build Command(s):/usr/bin/gmake -f Makefile cmTC_3adb9/fast && /usr/bin/gmake  -f CMakeFiles/cmTC_3adb9.dir/build.make CMakeFiles/cmTC_3adb9.dir/build]
  ignore line: [gmake[1]: Entering directory '/home/taiwei/code/myBeijingHell/build-windows/CMakeFiles/CMakeTmp']
  ignore line: [Building CXX object CMakeFiles/cmTC_3adb9.dir/CMakeCXXCompilerABI.cpp.obj]
  ignore line: [/usr/bin/x86_64-w64-mingw32-g++   -v -o CMakeFiles/cmTC_3adb9.dir/CMakeCXXCompilerABI.cpp.obj -c /usr/share/cmake-3.22/Modules/CMakeCXXCompilerABI.cpp]
  ignore line: [Using built-in specs.]
  ignore line: [COLLECT_GCC=/usr/bin/x86_64-w64-mingw32-g++]
  ignore line: [Target: x86_64-w64-mingw32]
  ignore line: [Configured with: ../../src/configure --build=x86_64-linux-gnu --prefix=/usr --includedir='/usr/include' --mandir='/usr/share/man' --infodir='/usr/share/info' --sysconfdir=/etc --localstatedir=/var --disable-option-checking --disable-silent-rules --libdir='/usr/lib/x86_64-linux-gnu' --libexecdir='/usr/lib/x86_64-linux-gnu' --disable-maintainer-mode --disable-dependency-tracking --prefix=/usr --enable-shared --enable-static --disable-multilib --with-system-zlib --libexecdir=/usr/lib --without-included-gettext --libdir=/usr/lib --enable-libstdcxx-time=yes --with-tune=generic --with-headers --enable-version-specific-runtime-libs --enable-fully-dynamic-string --enable-libgomp --enable-languages=c,c++,fortran,objc,obj-c++,ada --enable-lto --enable-threads=win32 --program-suffix=-win32 --program-prefix=x86_64-w64-mingw32- --target=x86_64-w64-mingw32 --with-as=/usr/bin/x86_64-w64-mingw32-as --with-ld=/usr/bin/x86_64-w64-mingw32-ld --enable-libatomic --enable-libstdcxx-filesystem-ts=yes --enable-dependency-tracking SED=/bin/sed]
  ignore line: [Thread model: win32]
  ignore line: [Supported LTO compression algorithms: zlib]
  ignore line: [gcc version 10-win32 20220113 (GCC) ]
  ignore line: [COLLECT_GCC_OPTIONS='-v' '-o' 'CMakeFiles/cmTC_3adb9.dir/CMakeCXXCompilerABI.cpp.obj' '-c' '-shared-libgcc' '-mtune=generic' '-march=x86-64']
  ignore line: [ /usr/lib/gcc/x86_64-w64-mingw32/10-win32/cc1plus -quiet -v -U_REENTRANT /usr/share/cmake-3.22/Modules/CMakeCXXCompilerABI.cpp -quiet -dumpbase CMakeCXXCompilerABI.cpp -mtune=generic -march=x86-64 -auxbase-strip CMakeFiles/cmTC_3adb9.dir/CMakeCXXCompilerABI.cpp.obj -version -o /tmp/cccsxHnW.s]
  ignore line: [GNU C++14 (GCC) version 10-win32 20220113 (x86_64-w64-mingw32)]
  ignore line: [	compiled by GNU C version 10.3.0  GMP version 6.2.1  MPFR version 4.1.0  MPC version 1.2.1  isl version isl-0.24-GMP]
  ignore line: []
  ignore line: [GGC heuristics: --param ggc-min-expand=100 --param ggc-min-heapsize=131072]
  ignore line: [ignoring nonexistent directory "/usr/lib/gcc/x86_64-w64-mingw32/10-win32/../../../../x86_64-w64-mingw32/sys-include"]
  ignore line: [#include "..." search starts here:]
  ignore line: [#include <...> search starts here:]
  ignore line: [ /usr/lib/gcc/x86_64-w64-mingw32/10-win32/include/c++]
  ignore line: [ /usr/lib/gcc/x86_64-w64-mingw32/10-win32/include/c++/x86_64-w64-mingw32]
  ignore line: [ /usr/lib/gcc/x86_64-w64-mingw32/10-win32/include/c++/backward]
  ignore line: [ /usr/lib/gcc/x86_64-w64-mingw32/10-win32/include]
  ignore line: [ /usr/lib/gcc/x86_64-w64-mingw32/10-win32/include-fixed]
  ignore line: [ /usr/lib/gcc/x86_64-w64-mingw32/10-win32/../../../../x86_64-w64-mingw32/include]
  ignore line: [End of search list.]
  ignore line: [GNU C++14 (GCC) version 10-win32 20220113 (x86_64-w64-mingw32)]
  ignore line: [	compiled by GNU C version 10.3.0  GMP version 6.2.1  MPFR version 4.1.0  MPC version 1.2.1  isl version isl-0.24-GMP]
  ignore line: []
  ignore line: [GGC heuristics: --param ggc-min-expand=100 --param ggc-min-heapsize=131072]
  ignore line: [Compiler executable checksum: ea21cbb57b378f33ce3fb4d699f383c0]
  ignore line: [COLLECT_GCC_OPTIONS='-v' '-o' 'CMakeFiles/cmTC_3adb9.dir/CMakeCXXCompilerABI.cpp.obj' '-c' '-shared-libgcc' '-mtune=generic' '-march=x86-64']
  ignore line: [ /usr/bin/x86_64-w64-mingw32-as -v -o CMakeFiles/cmTC_3adb9.dir/CMakeCXXCompilerABI.cpp.obj /tmp/cccsxHnW.s]
  ignore line: [GNU assembler version 2.38 (x86_64-w64-mingw32) using BFD version (GNU Binutils) 2.38]
  ignore line: [COMPILER_PATH=/usr/lib/gcc/x86_64-w64-mingw32/10-win32/:/usr/lib/gcc/x86_64-w64-mingw32/10-win32/:/usr/lib/gcc/x86_64-w64-mingw32/:/usr/lib/gcc/x86_64-w64-mingw32/10-win32/:/usr/lib/gcc/x86_64-w64-mingw32/:/usr/lib/gcc/x86_64-w64-mingw32/10-win32/../../../../x86_64-w64-mingw32/bin/]
  ignore line: [LIBRARY_PATH=/usr/lib/gcc/x86_64-w64-mingw32/10-win32/:/usr/lib/gcc/x86_64-w64-mingw32/10-win32/../../../../x86_64-w64-mingw32/lib/]
  ignore line: [COLLECT_GCC_OPTIONS='-v' '-o' 'CMakeFiles/cmTC_3adb9.dir/CMakeCXXCompilerABI.cpp.obj' '-c' '-shared-libgcc' '-mtune=generic' '-march=x86-64']
  ignore line: [Linking CXX executable cmTC_3adb9.exe]
  ignore line: [/usr/bin/cmake -E cmake_link_script CMakeFiles/cmTC_3adb9.dir/link.txt --verbose=1]
  ignore line: [/usr/bin/cmake -E rm -f CMakeFiles/cmTC_3adb9.dir/objects.a]
  ignore line: [/usr/bin/x86_64-w64-mingw32-ar qc CMakeFiles/cmTC_3adb9.dir/objects.a @CMakeFiles/cmTC_3adb9.dir/objects1.rsp]
  ignore line: [/usr/bin/x86_64-w64-mingw32-g++  -v -Wl --whole-archive CMakeFiles/cmTC_3adb9.dir/objects.a -Wl --no-whole-archive -o cmTC_3adb9.exe -Wl --out-implib libcmTC_3adb9.dll.a -Wl --major-image-version 0 --minor-image-version 0 ]
  ignore line: [Using built-in specs.]
  ignore line: [COLLECT_GCC=/usr/bin/x86_64-w64-mingw32-g++]
  ignore line: [COLLECT_LTO_WRAPPER=/usr/lib/gcc/x86_64-w64-mingw32/10-win32/lto-wrapper]
  ignore line: [Target: x86_64-w64-mingw32]
  ignore line: [Configured with: ../../src/configure --build=x86_64-linux-gnu --prefix=/usr --includedir='/usr/include' --mandir='/usr/share/man' --infodir='/usr/share/info' --sysconfdir=/etc --localstatedir=/var --disable-option-checking --disable-silent-rules --libdir='/usr/lib/x86_64-linux-gnu' --libexecdir='/usr/lib/x86_64-linux-gnu' --disable-maintainer-mode --disable-dependency-tracking --prefix=/usr --enable-shared --enable-static --disable-multilib --with-system-zlib --libexecdir=/usr/lib --without-included-gettext --libdir=/usr/lib --enable-libstdcxx-time=yes --with-tune=generic --with-headers --enable-version-specific-runtime-libs --enable-fully-dynamic-string --enable-libgomp --enable-languages=c,c++,fortran,objc,obj-c++,ada --enable-lto --enable-threads=win32 --program-suffix=-win32 --program-prefix=x86_64-w64-mingw32- --target=x86_64-w64-mingw32 --with-as=/usr/bin/x86_64-w64-mingw32-as --with-ld=/usr/bin/x86_64-w64-mingw32-ld --enable-libatomic --enable-libstdcxx-filesystem-ts=yes --enable-dependency-tracking SED=/bin/sed]
  ignore line: [Thread model: win32]
  ignore line: [Supported LTO compression algorithms: zlib]
  ignore line: [gcc version 10-win32 20220113 (GCC) ]
  ignore line: [COMPILER_PATH=/usr/lib/gcc/x86_64-w64-mingw32/10-win32/:/usr/lib/gcc/x86_64-w64-mingw32/10-win32/:/usr/lib/gcc/x86_64-w64-mingw32/:/usr/lib/gcc/x86_64-w64-mingw32/10-win32/:/usr/lib/gcc/x86_64-w64-mingw32/:/usr/lib/gcc/x86_64-w64-mingw32/10-win32/../../../../x86_64-w64-mingw32/bin/]
  ignore line: [LIBRARY_PATH=/usr/lib/gcc/x86_64-w64-mingw32/10-win32/:/usr/lib/gcc/x86_64-w64-mingw32/10-win32/../../../../x86_64-w64-mingw32/lib/]
  ignore line: [COLLECT_GCC_OPTIONS='-v' '-o' 'cmTC_3adb9.exe' '-shared-libgcc' '-mtune=generic' '-march=x86-64']
  link line: [ /usr/lib/gcc/x86_64-w64-mingw32/10-win32/collect2 -plugin /usr/lib/gcc/x86_64-w64-mingw32/10-win32/liblto_plugin.so -plugin-opt=/usr/lib/gcc/x86_64-w64-mingw32/10-win32/lto-wrapper -plugin-opt=-fresolution=/tmp/cckwFcLT.res -plugin-opt=-pass-through=-lmingw32 -plugin-opt=-pass-through=-lgcc_s -plugin-opt=-pass-through=-lgcc -plugin-opt=-pass-through=-lmoldname -plugin-opt=-pass-through=-lmingwex -plugin-opt=-pass-through=-lmsvcrt -plugin-opt=-pass-through=-ladvapi32 -plugin-opt=-pass-through=-lshell32 -plugin-opt=-pass-through=-luser32 -plugin-opt=-pass-through=-lkernel32 -plugin-opt=-pass-through=-lmingw32 -plugin-opt=-pass-through=-lgcc_s -plugin-opt=-pass-through=-lgcc -plugin-opt=-pass-through=-lmoldname -plugin-opt=-pass-through=-lmingwex -plugin-opt=-pass-through=-lmsvcrt -m i386pep -Bdynamic -o cmTC_3adb9.exe /usr/lib/gcc/x86_64-w64-mingw32/10-win32/../../../../x86_64-w64-mingw32/lib/crt2.o /usr/lib/gcc/x86_64-w64-mingw32/10-win32/crtbegin.o -L/usr/lib/gcc/x86_64-w64-mingw32/10-win32 -L/usr/lib/gcc/x86_64-w64-mingw32/10-win32/../../../../x86_64-w64-mingw32/lib --whole-archive CMakeFiles/cmTC_3adb9.dir/objects.a --no-whole-archive --out-implib libcmTC_3adb9.dll.a --major-image-version 0 --minor-image-version 0 -lstdc++ -lmingw32 -lgcc_s -lgcc -lmoldname -lmingwex -lmsvcrt -ladvapi32 -lshell32 -luser32 -lkernel32 -lmingw32 -lgcc_s -lgcc -lmoldname -lmingwex -lmsvcrt /usr/lib/gcc/x86_64-w64-mingw32/10-win32/crtend.o]
    arg [/usr/lib/gcc/x86_64-w64-mingw32/10-win32/collect2] ==> ignore
    arg [-plugin] ==> ignore
    arg [/usr/lib/gcc/x86_64-w64-mingw32/10-win32/liblto_plugin.so] ==> ignore
    arg [-plugin-opt=/usr/lib/gcc/x86_64-w64-mingw32/10-win32/lto-wrapper] ==> ignore
    arg [-plugin-opt=-fresolution=/tmp/cckwFcLT.res] ==> ignore
    arg [-plugin-opt=-pass-through=-lmingw32] ==> ignore
    arg [-plugin-opt=-pass-through=-lgcc_s] ==> ignore
    arg [-plugin-opt=-pass-through=-lgcc] ==> ignore
    arg [-plugin-opt=-pass-through=-lmoldname] ==> ignore
    arg [-plugin-opt=-pass-through=-lmingwex] ==> ignore
    arg [-plugin-opt=-pass-through=-lmsvcrt] ==> ignore
    arg [-plugin-opt=-pass-through=-ladvapi32] ==> ignore
    arg [-plugin-opt=-pass-through=-lshell32] ==> ignore
    arg [-plugin-opt=-pass-through=-luser32] ==> ignore
    arg [-plugin-opt=-pass-through=-lkernel32] ==> ignore
    arg [-plugin-opt=-pass-through=-lmingw32] ==> ignore
    arg [-plugin-opt=-pass-through=-lgcc_s] ==> ignore
    arg [-plugin-opt=-pass-through=-lgcc] ==> ignore
    arg [-plugin-opt=-pass-through=-lmoldname] ==> ignore
    arg [-plugin-opt=-pass-through=-lmingwex] ==> ignore
    arg [-plugin-opt=-pass-through=-lmsvcrt] ==> ignore
    arg [-m] ==> ignore
    arg [i386pep] ==> ignore
    arg [-Bdynamic] ==> search dynamic
    arg [-o] ==> ignore
    arg [cmTC_3adb9.exe] ==> ignore
    arg [/usr/lib/gcc/x86_64-w64-mingw32/10-win32/../../../../x86_64-w64-mingw32/lib/crt2.o] ==> obj [/usr/lib/gcc/x86_64-w64-mingw32/10-win32/../../../../x86_64-w64-mingw32/lib/crt2.o]
    arg [/usr/lib/gcc/x86_64-w64-mingw32/10-win32/crtbegin.o] ==> obj [/usr/lib/gcc/x86_64-w64-mingw32/10-win32/crtbegin.o]
    arg [-L/usr/lib/gcc/x86_64-w64-mingw32/10-win32] ==> dir [/usr/lib/gcc/x86_64-w64-mingw32/10-win32]
    arg [-L/usr/lib/gcc/x86_64-w64-mingw32/10-win32/../../../../x86_64-w64-mingw32/lib] ==> dir [/usr/lib/gcc/x86_64-w64-mingw32/10-win32/../../../../x86_64-w64-mingw32/lib]
    arg [--whole-archive] ==> ignore
    arg [CMakeFiles/cmTC_3adb9.dir/objects.a] ==> ignore
    arg [--no-whole-archive] ==> ignore
    arg [--out-implib] ==> ignore
    arg [libcmTC_3adb9.dll.a] ==> ignore
    arg [--major-image-version] ==> ignore
    arg [0] ==> ignore
    arg [--minor-image-version] ==> ignore
    arg [0] ==> ignore
    arg [-lstdc++] ==> lib [stdc++]
    arg [-lmingw32] ==> lib [mingw32]
    arg [-lgcc_s] ==> lib [gcc_s]
    arg [-lgcc] ==> lib [gcc]
    arg [-lmoldname] ==> lib [moldname]
    arg [-lmingwex] ==> lib [mingwex]
    arg [-lmsvcrt] ==> lib [msvcrt]
    arg [-ladvapi32] ==> lib [advapi32]
    arg [-lshell32] ==> lib [shell32]
    arg [-luser32] ==> lib [user32]
    arg [-lkernel32] ==> lib [kernel32]
    arg [-lmingw32] ==> lib [mingw32]
    arg [-lgcc_s] ==> lib [gcc_s]
    arg [-lgcc] ==> lib [gcc]
    arg [-lmoldname] ==> lib [moldname]
    arg [-lmingwex] ==> lib [mingwex]
    arg [-lmsvcrt] ==> lib [msvcrt]
    arg [/usr/lib/gcc/x86_64-w64-mingw32/10-win32/crtend.o] ==> obj [/usr/lib/gcc/x86_64-w64-mingw32/10-win32/crtend.o]
  remove lib [msvcrt]
  remove lib [msvcrt]
  collapse obj [/usr/lib/gcc/x86_64-w64-mingw32/10-win32/../../../../x86_64-w64-mingw32/lib/crt2.o] ==> [/usr/x86_64-w64-mingw32/lib/crt2.o]
  collapse library dir [/usr/lib/gcc/x86_64-w64-mingw32/10-win32] ==> [/usr/lib/gcc/x86_64-w64-mingw32/10-win32]
  collapse library dir [/usr/lib/gcc/x86_64-w64-mingw32/10-win32/../../../../x86_64-w64-mingw32/lib] ==> [/usr/x86_64-w64-mingw32/lib]
  implicit libs: [stdc++;mingw32;gcc_s;gcc;moldname;mingwex;advapi32;shell32;user32;kernel32;mingw32;gcc_s;gcc;moldname;mingwex]
  implicit objs: [/usr/x86_64-w64-mingw32/lib/crt2.o;/usr/lib/gcc/x86_64-w64-mingw32/10-win32/crtbegin.o;/usr/lib/gcc/x86_64-w64-mingw32/10-win32/crtend.o]
  implicit dirs: [/usr/lib/gcc/x86_64-w64-mingw32/10-win32;/usr/x86_64-w64-mingw32/lib]
  implicit fwks: []


Performing C SOURCE FILE Test HAVE_GCC_WALL succeeded with the following output:
Change Dir: /home/taiwei/code/myBeijingHell/build-windows/CMakeFiles/CMakeTmp

Run Build Command(s):/usr/bin/gmake -f Makefile cmTC_e0110/fast && /usr/bin/gmake  -f CMakeFiles/cmTC_e0110.dir/build.make CMakeFiles/cmTC_e0110.dir/build
gmake[1]: Entering directory '/home/taiwei/code/myBeijingHell/build-windows/CMakeFiles/CMakeTmp'
Building C object CMakeFiles/cmTC_e0110.dir/src.c.obj
/usr/bin/x86_64-w64-mingw32-gcc -DHAVE_GCC_WALL  -idirafter "/home/taiwei/code/myBeijingHell/external/SDL2/src/video/khronos"  -D_GNU_SOURCE=1   -Wall -o CMakeFiles/cmTC_e0110.dir/src.c.obj -c /home/taiwei/code/myBeijingHell/build-windows/CMakeFiles/CMakeTmp/src.c
Linking C executable cmTC_e0110.exe
/usr/bin/cmake -E cmake_link_script CMakeFiles/cmTC_e0110.dir/link.txt --verbose=1
/usr/bin/cmake -E rm -f CMakeFiles/cmTC_e0110.dir/objects.a
/usr/bin/x86_64-w64-mingw32-ar qc CMakeFiles/cmTC_e0110.dir/objects.a @CMakeFiles/cmTC_e0110.dir/objects1.rsp
/usr/bin/x86_64-w64-mingw32-gcc  -idirafter "/home/taiwei/code/myBeijingHell/external/SDL2/src/video/khronos"  -D_GNU_SOURCE=1 -Wl,--whole-archive CMakeFiles/cmTC_e0110.dir/objects.a -Wl,--no-whole-archive -o cmTC_e0110.exe -Wl,--out-implib,libcmTC_e0110.dll.a -Wl,--major-image-version,0,--minor-image-version,0 @CMakeFiles/cmTC_e0110.dir/linklibs.rsp
gmake[1]: Leaving directory '/home/taiwei/code/myBeijingHell/build-windows/CMakeFiles/CMakeTmp'


Source file was:
int main(void) { return 0; }
Performing C SOURCE FILE Test HAVE_GCC_NO_STRICT_ALIASING succeeded with the following output:
Change Dir: /home/taiwei/code/myBeijingHell/build-windows/CMakeFiles/CMakeTmp

Run Build Command(s):/usr/bin/gmake -f Makefile cmTC_48d5c/fast && /usr/bin/gmake  -f CMakeFiles/cmTC_48d5c.dir/build.make CMakeFiles/cmTC_48d5c.dir/build
gmake[1]: Entering directory '/home/taiwei/code/myBeijingHell/build-windows/CMakeFiles/CMakeTmp'
Building C object CMakeFiles/cmTC_48d5c.dir/src.c.obj
/usr/bin/x86_64-w64-mingw32-gcc -DHAVE_GCC_NO_STRICT_ALIASING  -idirafter "/home/taiwei/code/myBeijingHell/external/SDL2/src/video/khronos"  -D_GNU_SOURCE=1   -fno-strict-aliasing -o CMakeFiles/cmTC_48d5c.dir/src.c.obj -c /home/taiwei/code/myBeijingHell/build-windows/CMakeFiles/CMakeTmp/src.c
Linking C executable cmTC_48d5c.exe
/usr/bin/cmake -E cmake_link_script CMakeFiles/cmTC_48d5c.dir/link.txt --verbose=1
/usr/bin/cmake -E rm -f CMakeFiles/cmTC_48d5c.dir/objects.a
/usr/bin/x86_64-w64-mingw32-ar qc CMakeFiles/cmTC_48d5c.dir/objects.a @CMakeFiles/cmTC_48d5c.dir/objects1.rsp
/usr/bin/x86_64-w64-mingw32-gcc  -idirafter "/home/taiwei/code/myBeijingHell/external/SDL2/src/video/khronos"  -D_GNU_SOURCE=1 -Wl,--whole-archive CMakeFiles/cmTC_48d5c.dir/objects.a -Wl,--no-whole-archive -o cmTC_48d5c.exe -Wl,--out-implib,libcmTC_48d5c.dll.a -Wl,--major-image-version,0,--minor-image-version,0 @CMakeFiles/cmTC_48d5c.dir/linklibs.rsp
gmake[1]: Leaving directory '/home/taiwei/code/myBeijingHell/build-windows/CMakeFiles/CMakeTmp'


Source file was:
int main(void) { return 0; }
Performing C SOURCE FILE Test HAVE_GCC_WDECLARATION_AFTER_STATEMENT succeeded with the following output:
Change Dir: /home/taiwei/code/myBeijingHell/build-windows/CMakeFiles/CMakeTmp

Run Build Command(s):/usr/bin/gmake -f Makefile cmTC_de702/fast && /usr/bin/gmake  -f CMakeFiles/cmTC_de702.dir/build.make CMakeFiles/cmTC_de702.dir/build
gmake[1]: Entering directory '/home/taiwei/code/myBeijingHell/build-windows/CMakeFiles/CMakeTmp'
Building C object CMakeFiles/cmTC_de702.dir/src.c.obj
/usr/bin/x86_64-w64-mingw32-gcc -DHAVE_GCC_WDECLARATION_AFTER_STATEMENT  -idirafter "/home/taiwei/code/myBeijingHell/external/SDL2/src/video/khronos"  -D_GNU_SOURCE=1   -Wdeclaration-after-statement -o CMakeFiles/cmTC_de702.dir/src.c.obj -c /home/taiwei/code/myBeijingHell/build-windows/CMakeFiles/CMakeTmp/src.c
Linking C executable cmTC_de702.exe
/usr/bin/cmake -E cmake_link_script CMakeFiles/cmTC_de702.dir/link.txt --verbose=1
/usr/bin/cmake -E rm -f CMakeFiles/cmTC_de702.dir/objects.a
/usr/bin/x86_64-w64-mingw32-ar qc CMakeFiles/cmTC_de702.dir/objects.a @CMakeFiles/cmTC_de702.dir/objects1.rsp
/usr/bin/x86_64-w64-mingw32-gcc  -idirafter "/home/taiwei/code/myBeijingHell/external/SDL2/src/video/khronos"  -D_GNU_SOURCE=1 -Wl,--whole-archive CMakeFiles/cmTC_de702.dir/objects.a -Wl,--no-whole-archive -o cmTC_de702.exe -Wl,--out-implib,libcmTC_de702.dll.a -Wl,--major-image-version,0,--minor-image-version,0 @CMakeFiles/cmTC_de702.dir/linklibs.rsp
gmake[1]: Leaving directory '/home/taiwei/code/myBeijingHell/build-windows/CMakeFiles/CMakeTmp'


Source file was:
int main(void) { return 0; }
Performing C SOURCE FILE Test HAVE_GCC_ATOMICS succeeded with the following output:
Change Dir: /home/taiwei/code/myBeijingHell/build-windows/CMakeFiles/CMakeTmp

Run Build Command(s):/usr/bin/gmake -f Makefile cmTC_3ad5f/fast && /usr/bin/gmake  -f CMakeFiles/cmTC_3ad5f.dir/build.make CMakeFiles/cmTC_3ad5f.dir/build
gmake[1]: Entering directory '/home/taiwei/code/myBeijingHell/build-windows/CMakeFiles/CMakeTmp'
Building C object CMakeFiles/cmTC_3ad5f.dir/src.c.obj
/usr/bin/x86_64-w64-mingw32-gcc -DHAVE_GCC_ATOMICS  -idirafter "/home/taiwei/code/myBeijingHell/external/SDL2/src/video/khronos"  -D_GNU_SOURCE=1 -o CMakeFiles/cmTC_3ad5f.dir/src.c.obj -c /home/taiwei/code/myBeijingHell/build-windows/CMakeFiles/CMakeTmp/src.c
Linking C executable cmTC_3ad5f.exe
/usr/bin/cmake -E cmake_link_script CMakeFiles/cmTC_3ad5f.dir/link.txt --verbose=1
/usr/bin/cmake -E rm -f CMakeFiles/cmTC_3ad5f.dir/objects.a
/usr/bin/x86_64-w64-mingw32-ar qc CMakeFiles/cmTC_3ad5f.dir/objects.a @CMakeFiles/cmTC_3ad5f.dir/objects1.rsp
/usr/bin/x86_64-w64-mingw32-gcc  -idirafter "/home/taiwei/code/myBeijingHell/external/SDL2/src/video/khronos"  -D_GNU_SOURCE=1 -Wl,--whole-archive CMakeFiles/cmTC_3ad5f.dir/objects.a -Wl,--no-whole-archive -o cmTC_3ad5f.exe -Wl,--out-implib,libcmTC_3ad5f.dll.a -Wl,--major-image-version,0,--minor-image-version,0 @CMakeFiles/cmTC_3ad5f.dir/linklibs.rsp
gmake[1]: Leaving directory '/home/taiwei/code/myBeijingHell/build-windows/CMakeFiles/CMakeTmp'


Source file was:
int main(int argc, char **argv) {
        int a;
        void *x, *y, *z;
        __sync_lock_test_and_set(&a, 4);
        __sync_lock_test_and_set(&x, y);
        __sync_fetch_and_add(&a, 1);
        __sync_bool_compare_and_swap(&a, 5, 10);
        __sync_bool_compare_and_swap(&x, y, z);
        return 0; }
Performing C SOURCE FILE Test HAVE_GCC_FVISIBILITY succeeded with the following output:
Change Dir: /home/taiwei/code/myBeijingHell/build-windows/CMakeFiles/CMakeTmp

Run Build Command(s):/usr/bin/gmake -f Makefile cmTC_5d260/fast && /usr/bin/gmake  -f CMakeFiles/cmTC_5d260.dir/build.make CMakeFiles/cmTC_5d260.dir/build
gmake[1]: Entering directory '/home/taiwei/code/myBeijingHell/build-windows/CMakeFiles/CMakeTmp'
Building C object CMakeFiles/cmTC_5d260.dir/src.c.obj
/usr/bin/x86_64-w64-mingw32-gcc -DHAVE_GCC_FVISIBILITY  -idirafter "/home/taiwei/code/myBeijingHell/external/SDL2/src/video/khronos" -fvisibility=hidden -Werror -o CMakeFiles/cmTC_5d260.dir/src.c.obj -c /home/taiwei/code/myBeijingHell/build-windows/CMakeFiles/CMakeTmp/src.c
Linking C executable cmTC_5d260.exe
/usr/bin/cmake -E cmake_link_script CMakeFiles/cmTC_5d260.dir/link.txt --verbose=1
/usr/bin/cmake -E rm -f CMakeFiles/cmTC_5d260.dir/objects.a
/usr/bin/x86_64-w64-mingw32-ar qc CMakeFiles/cmTC_5d260.dir/objects.a @CMakeFiles/cmTC_5d260.dir/objects1.rsp
/usr/bin/x86_64-w64-mingw32-gcc  -idirafter "/home/taiwei/code/myBeijingHell/external/SDL2/src/video/khronos" -fvisibility=hidden -Werror -Wl,--whole-archive CMakeFiles/cmTC_5d260.dir/objects.a -Wl,--no-whole-archive -o cmTC_5d260.exe -Wl,--out-implib,libcmTC_5d260.dll.a -Wl,--major-image-version,0,--minor-image-version,0 @CMakeFiles/cmTC_5d260.dir/linklibs.rsp
gmake[1]: Leaving directory '/home/taiwei/code/myBeijingHell/build-windows/CMakeFiles/CMakeTmp'


Source file was:

      #if !defined(__GNUC__) || __GNUC__ < 4
      #error SDL only uses visibility attributes in GCC 4 or newer
      #endif
      int main(int argc, char **argv) { return 0; }
Performing C SOURCE FILE Test HAVE_GCC_WSHADOW succeeded with the following output:
Change Dir: /home/taiwei/code/myBeijingHell/build-windows/CMakeFiles/CMakeTmp

Run Build Command(s):/usr/bin/gmake -f Makefile cmTC_52ca3/fast && /usr/bin/gmake  -f CMakeFiles/cmTC_52ca3.dir/build.make CMakeFiles/cmTC_52ca3.dir/build
gmake[1]: Entering directory '/home/taiwei/code/myBeijingHell/build-windows/CMakeFiles/CMakeTmp'
Building C object CMakeFiles/cmTC_52ca3.dir/src.c.obj
/usr/bin/x86_64-w64-mingw32-gcc -DHAVE_GCC_WSHADOW  -idirafter "/home/taiwei/code/myBeijingHell/external/SDL2/src/video/khronos"  -D_GNU_SOURCE=1   -Wshadow -o CMakeFiles/cmTC_52ca3.dir/src.c.obj -c /home/taiwei/code/myBeijingHell/build-windows/CMakeFiles/CMakeTmp/src.c
Linking C executable cmTC_52ca3.exe
/usr/bin/cmake -E cmake_link_script CMakeFiles/cmTC_52ca3.dir/link.txt --verbose=1
/usr/bin/cmake -E rm -f CMakeFiles/cmTC_52ca3.dir/objects.a
/usr/bin/x86_64-w64-mingw32-ar qc CMakeFiles/cmTC_52ca3.dir/objects.a @CMakeFiles/cmTC_52ca3.dir/objects1.rsp
/usr/bin/x86_64-w64-mingw32-gcc  -idirafter "/home/taiwei/code/myBeijingHell/external/SDL2/src/video/khronos"  -D_GNU_SOURCE=1 -Wl,--whole-archive CMakeFiles/cmTC_52ca3.dir/objects.a -Wl,--no-whole-archive -o cmTC_52ca3.exe -Wl,--out-implib,libcmTC_52ca3.dll.a -Wl,--major-image-version,0,--minor-image-version,0 @CMakeFiles/cmTC_52ca3.dir/linklibs.rsp
gmake[1]: Leaving directory '/home/taiwei/code/myBeijingHell/build-windows/CMakeFiles/CMakeTmp'


Source file was:
int main(void) { return 0; }
Performing C SOURCE FILE Test HAVE_NO_UNDEFINED succeeded with the following output:
Change Dir: /home/taiwei/code/myBeijingHell/build-windows/CMakeFiles/CMakeTmp

Run Build Command(s):/usr/bin/gmake -f Makefile cmTC_536fe/fast && /usr/bin/gmake  -f CMakeFiles/cmTC_536fe.dir/build.make CMakeFiles/cmTC_536fe.dir/build
gmake[1]: Entering directory '/home/taiwei/code/myBeijingHell/build-windows/CMakeFiles/CMakeTmp'
Building C object CMakeFiles/cmTC_536fe.dir/src.c.obj
/usr/bin/x86_64-w64-mingw32-gcc -DHAVE_NO_UNDEFINED  -idirafter "/home/taiwei/code/myBeijingHell/external/SDL2/src/video/khronos" -Wl,--no-undefined -o CMakeFiles/cmTC_536fe.dir/src.c.obj -c /home/taiwei/code/myBeijingHell/build-windows/CMakeFiles/CMakeTmp/src.c
Linking C executable cmTC_536fe.exe
/usr/bin/cmake -E cmake_link_script CMakeFiles/cmTC_536fe.dir/link.txt --verbose=1
/usr/bin/cmake -E rm -f CMakeFiles/cmTC_536fe.dir/objects.a
/usr/bin/x86_64-w64-mingw32-ar qc CMakeFiles/cmTC_536fe.dir/objects.a @CMakeFiles/cmTC_536fe.dir/objects1.rsp
/usr/bin/x86_64-w64-mingw32-gcc  -idirafter "/home/taiwei/code/myBeijingHell/external/SDL2/src/video/khronos" -Wl,--no-undefined -Wl,--whole-archive CMakeFiles/cmTC_536fe.dir/objects.a -Wl,--no-whole-archive -o cmTC_536fe.exe -Wl,--out-implib,libcmTC_536fe.dll.a -Wl,--major-image-version,0,--minor-image-version,0 @CMakeFiles/cmTC_536fe.dir/linklibs.rsp
gmake[1]: Leaving directory '/home/taiwei/code/myBeijingHell/build-windows/CMakeFiles/CMakeTmp'


Source file was:
int main(void) { return 0; }
Performing C SOURCE FILE Test HAVE_GDWARF_4 succeeded with the following output:
Change Dir: /home/taiwei/code/myBeijingHell/build-windows/CMakeFiles/CMakeTmp

Run Build Command(s):/usr/bin/gmake -f Makefile cmTC_8812a/fast && /usr/bin/gmake  -f CMakeFiles/cmTC_8812a.dir/build.make CMakeFiles/cmTC_8812a.dir/build
gmake[1]: Entering directory '/home/taiwei/code/myBeijingHell/build-windows/CMakeFiles/CMakeTmp'
Building C object CMakeFiles/cmTC_8812a.dir/src.c.obj
/usr/bin/x86_64-w64-mingw32-gcc -DHAVE_GDWARF_4  -idirafter "/home/taiwei/code/myBeijingHell/external/SDL2/src/video/khronos"    -gdwarf-4 -o CMakeFiles/cmTC_8812a.dir/src.c.obj -c /home/taiwei/code/myBeijingHell/build-windows/CMakeFiles/CMakeTmp/src.c
Linking C executable cmTC_8812a.exe
/usr/bin/cmake -E cmake_link_script CMakeFiles/cmTC_8812a.dir/link.txt --verbose=1
/usr/bin/cmake -E rm -f CMakeFiles/cmTC_8812a.dir/objects.a
/usr/bin/x86_64-w64-mingw32-ar qc CMakeFiles/cmTC_8812a.dir/objects.a @CMakeFiles/cmTC_8812a.dir/objects1.rsp
/usr/bin/x86_64-w64-mingw32-gcc  -idirafter "/home/taiwei/code/myBeijingHell/external/SDL2/src/video/khronos"  -Wl,--whole-archive CMakeFiles/cmTC_8812a.dir/objects.a -Wl,--no-whole-archive -o cmTC_8812a.exe -Wl,--out-implib,libcmTC_8812a.dll.a -Wl,--major-image-version,0,--minor-image-version,0 @CMakeFiles/cmTC_8812a.dir/linklibs.rsp
gmake[1]: Leaving directory '/home/taiwei/code/myBeijingHell/build-windows/CMakeFiles/CMakeTmp'


Source file was:
int main(void) { return 0; }
Performing C SOURCE FILE Test HAVE_MMX succeeded with the following output:
Change Dir: /home/taiwei/code/myBeijingHell/build-windows/CMakeFiles/CMakeTmp

Run Build Command(s):/usr/bin/gmake -f Makefile cmTC_93677/fast && /usr/bin/gmake  -f CMakeFiles/cmTC_93677.dir/build.make CMakeFiles/cmTC_93677.dir/build
gmake[1]: Entering directory '/home/taiwei/code/myBeijingHell/build-windows/CMakeFiles/CMakeTmp'
Building C object CMakeFiles/cmTC_93677.dir/src.c.obj
/usr/bin/x86_64-w64-mingw32-gcc -DHAVE_MMX  -idirafter "/home/taiwei/code/myBeijingHell/external/SDL2/src/video/khronos" -mmmx -o CMakeFiles/cmTC_93677.dir/src.c.obj -c /home/taiwei/code/myBeijingHell/build-windows/CMakeFiles/CMakeTmp/src.c
Linking C executable cmTC_93677.exe
/usr/bin/cmake -E cmake_link_script CMakeFiles/cmTC_93677.dir/link.txt --verbose=1
/usr/bin/cmake -E rm -f CMakeFiles/cmTC_93677.dir/objects.a
/usr/bin/x86_64-w64-mingw32-ar qc CMakeFiles/cmTC_93677.dir/objects.a @CMakeFiles/cmTC_93677.dir/objects1.rsp
/usr/bin/x86_64-w64-mingw32-gcc  -idirafter "/home/taiwei/code/myBeijingHell/external/SDL2/src/video/khronos" -mmmx -Wl,--whole-archive CMakeFiles/cmTC_93677.dir/objects.a -Wl,--no-whole-archive -o cmTC_93677.exe -Wl,--out-implib,libcmTC_93677.dll.a -Wl,--major-image-version,0,--minor-image-version,0 @CMakeFiles/cmTC_93677.dir/linklibs.rsp
gmake[1]: Leaving directory '/home/taiwei/code/myBeijingHell/build-windows/CMakeFiles/CMakeTmp'


Source file was:

          #ifdef __MINGW32__
          #include <_mingw.h>
          #ifdef __MINGW64_VERSION_MAJOR
          #include <intrin.h>
          #else
          #include <mmintrin.h>
          #endif
          #else
          #include <mmintrin.h>
          #endif
          #ifndef __MMX__
          #error Assembler CPP flag not enabled
          #endif
          int main(int argc, char **argv) { return 0; }
Performing C SOURCE FILE Test HAVE_3DNOW succeeded with the following output:
Change Dir: /home/taiwei/code/myBeijingHell/build-windows/CMakeFiles/CMakeTmp

Run Build Command(s):/usr/bin/gmake -f Makefile cmTC_c9439/fast && /usr/bin/gmake  -f CMakeFiles/cmTC_c9439.dir/build.make CMakeFiles/cmTC_c9439.dir/build
gmake[1]: Entering directory '/home/taiwei/code/myBeijingHell/build-windows/CMakeFiles/CMakeTmp'
Building C object CMakeFiles/cmTC_c9439.dir/src.c.obj
/usr/bin/x86_64-w64-mingw32-gcc -DHAVE_3DNOW  -idirafter "/home/taiwei/code/myBeijingHell/external/SDL2/src/video/khronos" -m3dnow -o CMakeFiles/cmTC_c9439.dir/src.c.obj -c /home/taiwei/code/myBeijingHell/build-windows/CMakeFiles/CMakeTmp/src.c
Linking C executable cmTC_c9439.exe
/usr/bin/cmake -E cmake_link_script CMakeFiles/cmTC_c9439.dir/link.txt --verbose=1
/usr/bin/cmake -E rm -f CMakeFiles/cmTC_c9439.dir/objects.a
/usr/bin/x86_64-w64-mingw32-ar qc CMakeFiles/cmTC_c9439.dir/objects.a @CMakeFiles/cmTC_c9439.dir/objects1.rsp
/usr/bin/x86_64-w64-mingw32-gcc  -idirafter "/home/taiwei/code/myBeijingHell/external/SDL2/src/video/khronos" -m3dnow -Wl,--whole-archive CMakeFiles/cmTC_c9439.dir/objects.a -Wl,--no-whole-archive -o cmTC_c9439.exe -Wl,--out-implib,libcmTC_c9439.dll.a -Wl,--major-image-version,0,--minor-image-version,0 @CMakeFiles/cmTC_c9439.dir/linklibs.rsp
gmake[1]: Leaving directory '/home/taiwei/code/myBeijingHell/build-windows/CMakeFiles/CMakeTmp'


Source file was:

          #include <mm3dnow.h>
          #ifndef __3dNOW__
          #error Assembler CPP flag not enabled
          #endif
          int main(int argc, char **argv) {
            void *p = 0;
            _m_prefetch(p);
            return 0;
          }
Performing C SOURCE FILE Test HAVE_SSE succeeded with the following output:
Change Dir: /home/taiwei/code/myBeijingHell/build-windows/CMakeFiles/CMakeTmp

Run Build Command(s):/usr/bin/gmake -f Makefile cmTC_dfa98/fast && /usr/bin/gmake  -f CMakeFiles/cmTC_dfa98.dir/build.make CMakeFiles/cmTC_dfa98.dir/build
gmake[1]: Entering directory '/home/taiwei/code/myBeijingHell/build-windows/CMakeFiles/CMakeTmp'
Building C object CMakeFiles/cmTC_dfa98.dir/src.c.obj
/usr/bin/x86_64-w64-mingw32-gcc -DHAVE_SSE  -idirafter "/home/taiwei/code/myBeijingHell/external/SDL2/src/video/khronos" -msse -o CMakeFiles/cmTC_dfa98.dir/src.c.obj -c /home/taiwei/code/myBeijingHell/build-windows/CMakeFiles/CMakeTmp/src.c
Linking C executable cmTC_dfa98.exe
/usr/bin/cmake -E cmake_link_script CMakeFiles/cmTC_dfa98.dir/link.txt --verbose=1
/usr/bin/cmake -E rm -f CMakeFiles/cmTC_dfa98.dir/objects.a
/usr/bin/x86_64-w64-mingw32-ar qc CMakeFiles/cmTC_dfa98.dir/objects.a @CMakeFiles/cmTC_dfa98.dir/objects1.rsp
/usr/bin/x86_64-w64-mingw32-gcc  -idirafter "/home/taiwei/code/myBeijingHell/external/SDL2/src/video/khronos" -msse -Wl,--whole-archive CMakeFiles/cmTC_dfa98.dir/objects.a -Wl,--no-whole-archive -o cmTC_dfa98.exe -Wl,--out-implib,libcmTC_dfa98.dll.a -Wl,--major-image-version,0,--minor-image-version,0 @CMakeFiles/cmTC_dfa98.dir/linklibs.rsp
gmake[1]: Leaving directory '/home/taiwei/code/myBeijingHell/build-windows/CMakeFiles/CMakeTmp'


Source file was:

          #ifdef __MINGW32__
          #include <_mingw.h>
          #ifdef __MINGW64_VERSION_MAJOR
          #include <intrin.h>
          #else
          #include <xmmintrin.h>
          #endif
          #else
          #include <xmmintrin.h>
          #endif
          #ifndef __SSE__
          #error Assembler CPP flag not enabled
          #endif
          int main(int argc, char **argv) { return 0; }
Performing C SOURCE FILE Test HAVE_SSE2 succeeded with the following output:
Change Dir: /home/taiwei/code/myBeijingHell/build-windows/CMakeFiles/CMakeTmp

Run Build Command(s):/usr/bin/gmake -f Makefile cmTC_7bafb/fast && /usr/bin/gmake  -f CMakeFiles/cmTC_7bafb.dir/build.make CMakeFiles/cmTC_7bafb.dir/build
gmake[1]: Entering directory '/home/taiwei/code/myBeijingHell/build-windows/CMakeFiles/CMakeTmp'
Building C object CMakeFiles/cmTC_7bafb.dir/src.c.obj
/usr/bin/x86_64-w64-mingw32-gcc -DHAVE_SSE2  -idirafter "/home/taiwei/code/myBeijingHell/external/SDL2/src/video/khronos" -msse2 -o CMakeFiles/cmTC_7bafb.dir/src.c.obj -c /home/taiwei/code/myBeijingHell/build-windows/CMakeFiles/CMakeTmp/src.c
Linking C executable cmTC_7bafb.exe
/usr/bin/cmake -E cmake_link_script CMakeFiles/cmTC_7bafb.dir/link.txt --verbose=1
/usr/bin/cmake -E rm -f CMakeFiles/cmTC_7bafb.dir/objects.a
/usr/bin/x86_64-w64-mingw32-ar qc CMakeFiles/cmTC_7bafb.dir/objects.a @CMakeFiles/cmTC_7bafb.dir/objects1.rsp
/usr/bin/x86_64-w64-mingw32-gcc  -idirafter "/home/taiwei/code/myBeijingHell/external/SDL2/src/video/khronos" -msse2 -Wl,--whole-archive CMakeFiles/cmTC_7bafb.dir/objects.a -Wl,--no-whole-archive -o cmTC_7bafb.exe -Wl,--out-implib,libcmTC_7bafb.dll.a -Wl,--major-image-version,0,--minor-image-version,0 @CMakeFiles/cmTC_7bafb.dir/linklibs.rsp
gmake[1]: Leaving directory '/home/taiwei/code/myBeijingHell/build-windows/CMakeFiles/CMakeTmp'


Source file was:

          #ifdef __MINGW32__
          #include <_mingw.h>
          #ifdef __MINGW64_VERSION_MAJOR
          #include <intrin.h>
          #else
          #include <emmintrin.h>
          #endif
          #else
          #include <emmintrin.h>
          #endif
          #ifndef __SSE2__
          #error Assembler CPP flag not enabled
          #endif
          int main(int argc, char **argv) { return 0; }
Performing C SOURCE FILE Test HAVE_SSE3 succeeded with the following output:
Change Dir: /home/taiwei/code/myBeijingHell/build-windows/CMakeFiles/CMakeTmp

Run Build Command(s):/usr/bin/gmake -f Makefile cmTC_5eb3e/fast && /usr/bin/gmake  -f CMakeFiles/cmTC_5eb3e.dir/build.make CMakeFiles/cmTC_5eb3e.dir/build
gmake[1]: Entering directory '/home/taiwei/code/myBeijingHell/build-windows/CMakeFiles/CMakeTmp'
Building C object CMakeFiles/cmTC_5eb3e.dir/src.c.obj
/usr/bin/x86_64-w64-mingw32-gcc -DHAVE_SSE3  -idirafter "/home/taiwei/code/myBeijingHell/external/SDL2/src/video/khronos" -msse3 -o CMakeFiles/cmTC_5eb3e.dir/src.c.obj -c /home/taiwei/code/myBeijingHell/build-windows/CMakeFiles/CMakeTmp/src.c
Linking C executable cmTC_5eb3e.exe
/usr/bin/cmake -E cmake_link_script CMakeFiles/cmTC_5eb3e.dir/link.txt --verbose=1
/usr/bin/cmake -E rm -f CMakeFiles/cmTC_5eb3e.dir/objects.a
/usr/bin/x86_64-w64-mingw32-ar qc CMakeFiles/cmTC_5eb3e.dir/objects.a @CMakeFiles/cmTC_5eb3e.dir/objects1.rsp
/usr/bin/x86_64-w64-mingw32-gcc  -idirafter "/home/taiwei/code/myBeijingHell/external/SDL2/src/video/khronos" -msse3 -Wl,--whole-archive CMakeFiles/cmTC_5eb3e.dir/objects.a -Wl,--no-whole-archive -o cmTC_5eb3e.exe -Wl,--out-implib,libcmTC_5eb3e.dll.a -Wl,--major-image-version,0,--minor-image-version,0 @CMakeFiles/cmTC_5eb3e.dir/linklibs.rsp
gmake[1]: Leaving directory '/home/taiwei/code/myBeijingHell/build-windows/CMakeFiles/CMakeTmp'


Source file was:

          #ifdef __MINGW32__
          #include <_mingw.h>
          #ifdef __MINGW64_VERSION_MAJOR
          #include <intrin.h>
          #else
          #include <pmmintrin.h>
          #endif
          #else
          #include <pmmintrin.h>
          #endif
          #ifndef __SSE3__
          #error Assembler CPP flag not enabled
          #endif
          int main(int argc, char **argv) { return 0; }
Determining if the include file immintrin.h exists passed with the following output:
Change Dir: /home/taiwei/code/myBeijingHell/build-windows/CMakeFiles/CMakeTmp

Run Build Command(s):/usr/bin/gmake -f Makefile cmTC_debfa/fast && /usr/bin/gmake  -f CMakeFiles/cmTC_debfa.dir/build.make CMakeFiles/cmTC_debfa.dir/build
gmake[1]: Entering directory '/home/taiwei/code/myBeijingHell/build-windows/CMakeFiles/CMakeTmp'
Building C object CMakeFiles/cmTC_debfa.dir/CheckIncludeFile.c.obj
/usr/bin/x86_64-w64-mingw32-gcc   -idirafter "/home/taiwei/code/myBeijingHell/external/SDL2/src/video/khronos"  -D_GNU_SOURCE=1 -o CMakeFiles/cmTC_debfa.dir/CheckIncludeFile.c.obj -c /home/taiwei/code/myBeijingHell/build-windows/CMakeFiles/CMakeTmp/CheckIncludeFile.c
Linking C executable cmTC_debfa.exe
/usr/bin/cmake -E cmake_link_script CMakeFiles/cmTC_debfa.dir/link.txt --verbose=1
/usr/bin/cmake -E rm -f CMakeFiles/cmTC_debfa.dir/objects.a
/usr/bin/x86_64-w64-mingw32-ar qc CMakeFiles/cmTC_debfa.dir/objects.a @CMakeFiles/cmTC_debfa.dir/objects1.rsp
/usr/bin/x86_64-w64-mingw32-gcc  -idirafter "/home/taiwei/code/myBeijingHell/external/SDL2/src/video/khronos"  -D_GNU_SOURCE=1 -Wl,--whole-archive CMakeFiles/cmTC_debfa.dir/objects.a -Wl,--no-whole-archive -o cmTC_debfa.exe -Wl,--out-implib,libcmTC_debfa.dll.a -Wl,--major-image-version,0,--minor-image-version,0 @CMakeFiles/cmTC_debfa.dir/linklibs.rsp
gmake[1]: Leaving directory '/home/taiwei/code/myBeijingHell/build-windows/CMakeFiles/CMakeTmp'



Determining if the include file ctype.h exists passed with the following output:
Change Dir: /home/taiwei/code/myBeijingHell/build-windows/CMakeFiles/CMakeTmp

Run Build Command(s):/usr/bin/gmake -f Makefile cmTC_f9803/fast && /usr/bin/gmake  -f CMakeFiles/cmTC_f9803.dir/build.make CMakeFiles/cmTC_f9803.dir/build
gmake[1]: Entering directory '/home/taiwei/code/myBeijingHell/build-windows/CMakeFiles/CMakeTmp'
Building C object CMakeFiles/cmTC_f9803.dir/CheckIncludeFile.c.obj
/usr/bin/x86_64-w64-mingw32-gcc   -idirafter "/home/taiwei/code/myBeijingHell/external/SDL2/src/video/khronos"  -D_GNU_SOURCE=1 -o CMakeFiles/cmTC_f9803.dir/CheckIncludeFile.c.obj -c /home/taiwei/code/myBeijingHell/build-windows/CMakeFiles/CMakeTmp/CheckIncludeFile.c
Linking C executable cmTC_f9803.exe
/usr/bin/cmake -E cmake_link_script CMakeFiles/cmTC_f9803.dir/link.txt --verbose=1
/usr/bin/cmake -E rm -f CMakeFiles/cmTC_f9803.dir/objects.a
/usr/bin/x86_64-w64-mingw32-ar qc CMakeFiles/cmTC_f9803.dir/objects.a @CMakeFiles/cmTC_f9803.dir/objects1.rsp
/usr/bin/x86_64-w64-mingw32-gcc  -idirafter "/home/taiwei/code/myBeijingHell/external/SDL2/src/video/khronos"  -D_GNU_SOURCE=1 -Wl,--whole-archive CMakeFiles/cmTC_f9803.dir/objects.a -Wl,--no-whole-archive -o cmTC_f9803.exe -Wl,--out-implib,libcmTC_f9803.dll.a -Wl,--major-image-version,0,--minor-image-version,0 @CMakeFiles/cmTC_f9803.dir/linklibs.rsp
gmake[1]: Leaving directory '/home/taiwei/code/myBeijingHell/build-windows/CMakeFiles/CMakeTmp'



Determining if the include file float.h exists passed with the following output:
Change Dir: /home/taiwei/code/myBeijingHell/build-windows/CMakeFiles/CMakeTmp

Run Build Command(s):/usr/bin/gmake -f Makefile cmTC_be10b/fast && /usr/bin/gmake  -f CMakeFiles/cmTC_be10b.dir/build.make CMakeFiles/cmTC_be10b.dir/build
gmake[1]: Entering directory '/home/taiwei/code/myBeijingHell/build-windows/CMakeFiles/CMakeTmp'
Building C object CMakeFiles/cmTC_be10b.dir/CheckIncludeFile.c.obj
/usr/bin/x86_64-w64-mingw32-gcc   -idirafter "/home/taiwei/code/myBeijingHell/external/SDL2/src/video/khronos"  -D_GNU_SOURCE=1 -o CMakeFiles/cmTC_be10b.dir/CheckIncludeFile.c.obj -c /home/taiwei/code/myBeijingHell/build-windows/CMakeFiles/CMakeTmp/CheckIncludeFile.c
Linking C executable cmTC_be10b.exe
/usr/bin/cmake -E cmake_link_script CMakeFiles/cmTC_be10b.dir/link.txt --verbose=1
/usr/bin/cmake -E rm -f CMakeFiles/cmTC_be10b.dir/objects.a
/usr/bin/x86_64-w64-mingw32-ar qc CMakeFiles/cmTC_be10b.dir/objects.a @CMakeFiles/cmTC_be10b.dir/objects1.rsp
/usr/bin/x86_64-w64-mingw32-gcc  -idirafter "/home/taiwei/code/myBeijingHell/external/SDL2/src/video/khronos"  -D_GNU_SOURCE=1 -Wl,--whole-archive CMakeFiles/cmTC_be10b.dir/objects.a -Wl,--no-whole-archive -o cmTC_be10b.exe -Wl,--out-implib,libcmTC_be10b.dll.a -Wl,--major-image-version,0,--minor-image-version,0 @CMakeFiles/cmTC_be10b.dir/linklibs.rsp
gmake[1]: Leaving directory '/home/taiwei/code/myBeijingHell/build-windows/CMakeFiles/CMakeTmp'



Determining if the include file inttypes.h exists passed with the following output:
Change Dir: /home/taiwei/code/myBeijingHell/build-windows/CMakeFiles/CMakeTmp

Run Build Command(s):/usr/bin/gmake -f Makefile cmTC_19067/fast && /usr/bin/gmake  -f CMakeFiles/cmTC_19067.dir/build.make CMakeFiles/cmTC_19067.dir/build
gmake[1]: Entering directory '/home/taiwei/code/myBeijingHell/build-windows/CMakeFiles/CMakeTmp'
Building C object CMakeFiles/cmTC_19067.dir/CheckIncludeFile.c.obj
/usr/bin/x86_64-w64-mingw32-gcc   -idirafter "/home/taiwei/code/myBeijingHell/external/SDL2/src/video/khronos"  -D_GNU_SOURCE=1 -o CMakeFiles/cmTC_19067.dir/CheckIncludeFile.c.obj -c /home/taiwei/code/myBeijingHell/build-windows/CMakeFiles/CMakeTmp/CheckIncludeFile.c
Linking C executable cmTC_19067.exe
/usr/bin/cmake -E cmake_link_script CMakeFiles/cmTC_19067.dir/link.txt --verbose=1
/usr/bin/cmake -E rm -f CMakeFiles/cmTC_19067.dir/objects.a
/usr/bin/x86_64-w64-mingw32-ar qc CMakeFiles/cmTC_19067.dir/objects.a @CMakeFiles/cmTC_19067.dir/objects1.rsp
/usr/bin/x86_64-w64-mingw32-gcc  -idirafter "/home/taiwei/code/myBeijingHell/external/SDL2/src/video/khronos"  -D_GNU_SOURCE=1 -Wl,--whole-archive CMakeFiles/cmTC_19067.dir/objects.a -Wl,--no-whole-archive -o cmTC_19067.exe -Wl,--out-implib,libcmTC_19067.dll.a -Wl,--major-image-version,0,--minor-image-version,0 @CMakeFiles/cmTC_19067.dir/linklibs.rsp
gmake[1]: Leaving directory '/home/taiwei/code/myBeijingHell/build-windows/CMakeFiles/CMakeTmp'



Determining if the include file limits.h exists passed with the following output:
Change Dir: /home/taiwei/code/myBeijingHell/build-windows/CMakeFiles/CMakeTmp

Run Build Command(s):/usr/bin/gmake -f Makefile cmTC_b5c64/fast && /usr/bin/gmake  -f CMakeFiles/cmTC_b5c64.dir/build.make CMakeFiles/cmTC_b5c64.dir/build
gmake[1]: Entering directory '/home/taiwei/code/myBeijingHell/build-windows/CMakeFiles/CMakeTmp'
Building C object CMakeFiles/cmTC_b5c64.dir/CheckIncludeFile.c.obj
/usr/bin/x86_64-w64-mingw32-gcc   -idirafter "/home/taiwei/code/myBeijingHell/external/SDL2/src/video/khronos"  -D_GNU_SOURCE=1 -o CMakeFiles/cmTC_b5c64.dir/CheckIncludeFile.c.obj -c /home/taiwei/code/myBeijingHell/build-windows/CMakeFiles/CMakeTmp/CheckIncludeFile.c
Linking C executable cmTC_b5c64.exe
/usr/bin/cmake -E cmake_link_script CMakeFiles/cmTC_b5c64.dir/link.txt --verbose=1
/usr/bin/cmake -E rm -f CMakeFiles/cmTC_b5c64.dir/objects.a
/usr/bin/x86_64-w64-mingw32-ar qc CMakeFiles/cmTC_b5c64.dir/objects.a @CMakeFiles/cmTC_b5c64.dir/objects1.rsp
/usr/bin/x86_64-w64-mingw32-gcc  -idirafter "/home/taiwei/code/myBeijingHell/external/SDL2/src/video/khronos"  -D_GNU_SOURCE=1 -Wl,--whole-archive CMakeFiles/cmTC_b5c64.dir/objects.a -Wl,--no-whole-archive -o cmTC_b5c64.exe -Wl,--out-implib,libcmTC_b5c64.dll.a -Wl,--major-image-version,0,--minor-image-version,0 @CMakeFiles/cmTC_b5c64.dir/linklibs.rsp
gmake[1]: Leaving directory '/home/taiwei/code/myBeijingHell/build-windows/CMakeFiles/CMakeTmp'



Determining if the include file malloc.h exists passed with the following output:
Change Dir: /home/taiwei/code/myBeijingHell/build-windows/CMakeFiles/CMakeTmp

Run Build Command(s):/usr/bin/gmake -f Makefile cmTC_45e8d/fast && /usr/bin/gmake  -f CMakeFiles/cmTC_45e8d.dir/build.make CMakeFiles/cmTC_45e8d.dir/build
gmake[1]: Entering directory '/home/taiwei/code/myBeijingHell/build-windows/CMakeFiles/CMakeTmp'
Building C object CMakeFiles/cmTC_45e8d.dir/CheckIncludeFile.c.obj
/usr/bin/x86_64-w64-mingw32-gcc   -idirafter "/home/taiwei/code/myBeijingHell/external/SDL2/src/video/khronos"  -D_GNU_SOURCE=1 -o CMakeFiles/cmTC_45e8d.dir/CheckIncludeFile.c.obj -c /home/taiwei/code/myBeijingHell/build-windows/CMakeFiles/CMakeTmp/CheckIncludeFile.c
Linking C executable cmTC_45e8d.exe
/usr/bin/cmake -E cmake_link_script CMakeFiles/cmTC_45e8d.dir/link.txt --verbose=1
/usr/bin/cmake -E rm -f CMakeFiles/cmTC_45e8d.dir/objects.a
/usr/bin/x86_64-w64-mingw32-ar qc CMakeFiles/cmTC_45e8d.dir/objects.a @CMakeFiles/cmTC_45e8d.dir/objects1.rsp
/usr/bin/x86_64-w64-mingw32-gcc  -idirafter "/home/taiwei/code/myBeijingHell/external/SDL2/src/video/khronos"  -D_GNU_SOURCE=1 -Wl,--whole-archive CMakeFiles/cmTC_45e8d.dir/objects.a -Wl,--no-whole-archive -o cmTC_45e8d.exe -Wl,--out-implib,libcmTC_45e8d.dll.a -Wl,--major-image-version,0,--minor-image-version,0 @CMakeFiles/cmTC_45e8d.dir/linklibs.rsp
gmake[1]: Leaving directory '/home/taiwei/code/myBeijingHell/build-windows/CMakeFiles/CMakeTmp'



Determining if the include file math.h exists passed with the following output:
Change Dir: /home/taiwei/code/myBeijingHell/build-windows/CMakeFiles/CMakeTmp

Run Build Command(s):/usr/bin/gmake -f Makefile cmTC_98d87/fast && /usr/bin/gmake  -f CMakeFiles/cmTC_98d87.dir/build.make CMakeFiles/cmTC_98d87.dir/build
gmake[1]: Entering directory '/home/taiwei/code/myBeijingHell/build-windows/CMakeFiles/CMakeTmp'
Building C object CMakeFiles/cmTC_98d87.dir/CheckIncludeFile.c.obj
/usr/bin/x86_64-w64-mingw32-gcc   -idirafter "/home/taiwei/code/myBeijingHell/external/SDL2/src/video/khronos"  -D_GNU_SOURCE=1 -o CMakeFiles/cmTC_98d87.dir/CheckIncludeFile.c.obj -c /home/taiwei/code/myBeijingHell/build-windows/CMakeFiles/CMakeTmp/CheckIncludeFile.c
Linking C executable cmTC_98d87.exe
/usr/bin/cmake -E cmake_link_script CMakeFiles/cmTC_98d87.dir/link.txt --verbose=1
/usr/bin/cmake -E rm -f CMakeFiles/cmTC_98d87.dir/objects.a
/usr/bin/x86_64-w64-mingw32-ar qc CMakeFiles/cmTC_98d87.dir/objects.a @CMakeFiles/cmTC_98d87.dir/objects1.rsp
/usr/bin/x86_64-w64-mingw32-gcc  -idirafter "/home/taiwei/code/myBeijingHell/external/SDL2/src/video/khronos"  -D_GNU_SOURCE=1 -Wl,--whole-archive CMakeFiles/cmTC_98d87.dir/objects.a -Wl,--no-whole-archive -o cmTC_98d87.exe -Wl,--out-implib,libcmTC_98d87.dll.a -Wl,--major-image-version,0,--minor-image-version,0 @CMakeFiles/cmTC_98d87.dir/linklibs.rsp
gmake[1]: Leaving directory '/home/taiwei/code/myBeijingHell/build-windows/CMakeFiles/CMakeTmp'



Determining if the include file memory.h exists passed with the following output:
Change Dir: /home/taiwei/code/myBeijingHell/build-windows/CMakeFiles/CMakeTmp

Run Build Command(s):/usr/bin/gmake -f Makefile cmTC_a6a11/fast && /usr/bin/gmake  -f CMakeFiles/cmTC_a6a11.dir/build.make CMakeFiles/cmTC_a6a11.dir/build
gmake[1]: Entering directory '/home/taiwei/code/myBeijingHell/build-windows/CMakeFiles/CMakeTmp'
Building C object CMakeFiles/cmTC_a6a11.dir/CheckIncludeFile.c.obj
/usr/bin/x86_64-w64-mingw32-gcc   -idirafter "/home/taiwei/code/myBeijingHell/external/SDL2/src/video/khronos"  -D_GNU_SOURCE=1 -o CMakeFiles/cmTC_a6a11.dir/CheckIncludeFile.c.obj -c /home/taiwei/code/myBeijingHell/build-windows/CMakeFiles/CMakeTmp/CheckIncludeFile.c
Linking C executable cmTC_a6a11.exe
/usr/bin/cmake -E cmake_link_script CMakeFiles/cmTC_a6a11.dir/link.txt --verbose=1
/usr/bin/cmake -E rm -f CMakeFiles/cmTC_a6a11.dir/objects.a
/usr/bin/x86_64-w64-mingw32-ar qc CMakeFiles/cmTC_a6a11.dir/objects.a @CMakeFiles/cmTC_a6a11.dir/objects1.rsp
/usr/bin/x86_64-w64-mingw32-gcc  -idirafter "/home/taiwei/code/myBeijingHell/external/SDL2/src/video/khronos"  -D_GNU_SOURCE=1 -Wl,--whole-archive CMakeFiles/cmTC_a6a11.dir/objects.a -Wl,--no-whole-archive -o cmTC_a6a11.exe -Wl,--out-implib,libcmTC_a6a11.dll.a -Wl,--major-image-version,0,--minor-image-version,0 @CMakeFiles/cmTC_a6a11.dir/linklibs.rsp
gmake[1]: Leaving directory '/home/taiwei/code/myBeijingHell/build-windows/CMakeFiles/CMakeTmp'



Determining if the include file signal.h exists passed with the following output:
Change Dir: /home/taiwei/code/myBeijingHell/build-windows/CMakeFiles/CMakeTmp

Run Build Command(s):/usr/bin/gmake -f Makefile cmTC_e8e95/fast && /usr/bin/gmake  -f CMakeFiles/cmTC_e8e95.dir/build.make CMakeFiles/cmTC_e8e95.dir/build
gmake[1]: Entering directory '/home/taiwei/code/myBeijingHell/build-windows/CMakeFiles/CMakeTmp'
Building C object CMakeFiles/cmTC_e8e95.dir/CheckIncludeFile.c.obj
/usr/bin/x86_64-w64-mingw32-gcc   -idirafter "/home/taiwei/code/myBeijingHell/external/SDL2/src/video/khronos"  -D_GNU_SOURCE=1 -o CMakeFiles/cmTC_e8e95.dir/CheckIncludeFile.c.obj -c /home/taiwei/code/myBeijingHell/build-windows/CMakeFiles/CMakeTmp/CheckIncludeFile.c
Linking C executable cmTC_e8e95.exe
/usr/bin/cmake -E cmake_link_script CMakeFiles/cmTC_e8e95.dir/link.txt --verbose=1
/usr/bin/cmake -E rm -f CMakeFiles/cmTC_e8e95.dir/objects.a
/usr/bin/x86_64-w64-mingw32-ar qc CMakeFiles/cmTC_e8e95.dir/objects.a @CMakeFiles/cmTC_e8e95.dir/objects1.rsp
/usr/bin/x86_64-w64-mingw32-gcc  -idirafter "/home/taiwei/code/myBeijingHell/external/SDL2/src/video/khronos"  -D_GNU_SOURCE=1 -Wl,--whole-archive CMakeFiles/cmTC_e8e95.dir/objects.a -Wl,--no-whole-archive -o cmTC_e8e95.exe -Wl,--out-implib,libcmTC_e8e95.dll.a -Wl,--major-image-version,0,--minor-image-version,0 @CMakeFiles/cmTC_e8e95.dir/linklibs.rsp
gmake[1]: Leaving directory '/home/taiwei/code/myBeijingHell/build-windows/CMakeFiles/CMakeTmp'



Determining if the include file stdarg.h exists passed with the following output:
Change Dir: /home/taiwei/code/myBeijingHell/build-windows/CMakeFiles/CMakeTmp

Run Build Command(s):/usr/bin/gmake -f Makefile cmTC_94cc2/fast && /usr/bin/gmake  -f CMakeFiles/cmTC_94cc2.dir/build.make CMakeFiles/cmTC_94cc2.dir/build
gmake[1]: Entering directory '/home/taiwei/code/myBeijingHell/build-windows/CMakeFiles/CMakeTmp'
Building C object CMakeFiles/cmTC_94cc2.dir/CheckIncludeFile.c.obj
/usr/bin/x86_64-w64-mingw32-gcc   -idirafter "/home/taiwei/code/myBeijingHell/external/SDL2/src/video/khronos"  -D_GNU_SOURCE=1 -o CMakeFiles/cmTC_94cc2.dir/CheckIncludeFile.c.obj -c /home/taiwei/code/myBeijingHell/build-windows/CMakeFiles/CMakeTmp/CheckIncludeFile.c
Linking C executable cmTC_94cc2.exe
/usr/bin/cmake -E cmake_link_script CMakeFiles/cmTC_94cc2.dir/link.txt --verbose=1
/usr/bin/cmake -E rm -f CMakeFiles/cmTC_94cc2.dir/objects.a
/usr/bin/x86_64-w64-mingw32-ar qc CMakeFiles/cmTC_94cc2.dir/objects.a @CMakeFiles/cmTC_94cc2.dir/objects1.rsp
/usr/bin/x86_64-w64-mingw32-gcc  -idirafter "/home/taiwei/code/myBeijingHell/external/SDL2/src/video/khronos"  -D_GNU_SOURCE=1 -Wl,--whole-archive CMakeFiles/cmTC_94cc2.dir/objects.a -Wl,--no-whole-archive -o cmTC_94cc2.exe -Wl,--out-implib,libcmTC_94cc2.dll.a -Wl,--major-image-version,0,--minor-image-version,0 @CMakeFiles/cmTC_94cc2.dir/linklibs.rsp
gmake[1]: Leaving directory '/home/taiwei/code/myBeijingHell/build-windows/CMakeFiles/CMakeTmp'



Determining if the include file stddef.h exists passed with the following output:
Change Dir: /home/taiwei/code/myBeijingHell/build-windows/CMakeFiles/CMakeTmp

Run Build Command(s):/usr/bin/gmake -f Makefile cmTC_40b8b/fast && /usr/bin/gmake  -f CMakeFiles/cmTC_40b8b.dir/build.make CMakeFiles/cmTC_40b8b.dir/build
gmake[1]: Entering directory '/home/taiwei/code/myBeijingHell/build-windows/CMakeFiles/CMakeTmp'
Building C object CMakeFiles/cmTC_40b8b.dir/CheckIncludeFile.c.obj
/usr/bin/x86_64-w64-mingw32-gcc   -idirafter "/home/taiwei/code/myBeijingHell/external/SDL2/src/video/khronos"  -D_GNU_SOURCE=1 -o CMakeFiles/cmTC_40b8b.dir/CheckIncludeFile.c.obj -c /home/taiwei/code/myBeijingHell/build-windows/CMakeFiles/CMakeTmp/CheckIncludeFile.c
Linking C executable cmTC_40b8b.exe
/usr/bin/cmake -E cmake_link_script CMakeFiles/cmTC_40b8b.dir/link.txt --verbose=1
/usr/bin/cmake -E rm -f CMakeFiles/cmTC_40b8b.dir/objects.a
/usr/bin/x86_64-w64-mingw32-ar qc CMakeFiles/cmTC_40b8b.dir/objects.a @CMakeFiles/cmTC_40b8b.dir/objects1.rsp
/usr/bin/x86_64-w64-mingw32-gcc  -idirafter "/home/taiwei/code/myBeijingHell/external/SDL2/src/video/khronos"  -D_GNU_SOURCE=1 -Wl,--whole-archive CMakeFiles/cmTC_40b8b.dir/objects.a -Wl,--no-whole-archive -o cmTC_40b8b.exe -Wl,--out-implib,libcmTC_40b8b.dll.a -Wl,--major-image-version,0,--minor-image-version,0 @CMakeFiles/cmTC_40b8b.dir/linklibs.rsp
gmake[1]: Leaving directory '/home/taiwei/code/myBeijingHell/build-windows/CMakeFiles/CMakeTmp'



Determining if the include file stdint.h exists passed with the following output:
Change Dir: /home/taiwei/code/myBeijingHell/build-windows/CMakeFiles/CMakeTmp

Run Build Command(s):/usr/bin/gmake -f Makefile cmTC_583f2/fast && /usr/bin/gmake  -f CMakeFiles/cmTC_583f2.dir/build.make CMakeFiles/cmTC_583f2.dir/build
gmake[1]: Entering directory '/home/taiwei/code/myBeijingHell/build-windows/CMakeFiles/CMakeTmp'
Building C object CMakeFiles/cmTC_583f2.dir/CheckIncludeFile.c.obj
/usr/bin/x86_64-w64-mingw32-gcc   -idirafter "/home/taiwei/code/myBeijingHell/external/SDL2/src/video/khronos"  -D_GNU_SOURCE=1 -o CMakeFiles/cmTC_583f2.dir/CheckIncludeFile.c.obj -c /home/taiwei/code/myBeijingHell/build-windows/CMakeFiles/CMakeTmp/CheckIncludeFile.c
Linking C executable cmTC_583f2.exe
/usr/bin/cmake -E cmake_link_script CMakeFiles/cmTC_583f2.dir/link.txt --verbose=1
/usr/bin/cmake -E rm -f CMakeFiles/cmTC_583f2.dir/objects.a
/usr/bin/x86_64-w64-mingw32-ar qc CMakeFiles/cmTC_583f2.dir/objects.a @CMakeFiles/cmTC_583f2.dir/objects1.rsp
/usr/bin/x86_64-w64-mingw32-gcc  -idirafter "/home/taiwei/code/myBeijingHell/external/SDL2/src/video/khronos"  -D_GNU_SOURCE=1 -Wl,--whole-archive CMakeFiles/cmTC_583f2.dir/objects.a -Wl,--no-whole-archive -o cmTC_583f2.exe -Wl,--out-implib,libcmTC_583f2.dll.a -Wl,--major-image-version,0,--minor-image-version,0 @CMakeFiles/cmTC_583f2.dir/linklibs.rsp
gmake[1]: Leaving directory '/home/taiwei/code/myBeijingHell/build-windows/CMakeFiles/CMakeTmp'



Determining if the include file stdio.h exists passed with the following output:
Change Dir: /home/taiwei/code/myBeijingHell/build-windows/CMakeFiles/CMakeTmp

Run Build Command(s):/usr/bin/gmake -f Makefile cmTC_fb7f1/fast && /usr/bin/gmake  -f CMakeFiles/cmTC_fb7f1.dir/build.make CMakeFiles/cmTC_fb7f1.dir/build
gmake[1]: Entering directory '/home/taiwei/code/myBeijingHell/build-windows/CMakeFiles/CMakeTmp'
Building C object CMakeFiles/cmTC_fb7f1.dir/CheckIncludeFile.c.obj
/usr/bin/x86_64-w64-mingw32-gcc   -idirafter "/home/taiwei/code/myBeijingHell/external/SDL2/src/video/khronos"  -D_GNU_SOURCE=1 -o CMakeFiles/cmTC_fb7f1.dir/CheckIncludeFile.c.obj -c /home/taiwei/code/myBeijingHell/build-windows/CMakeFiles/CMakeTmp/CheckIncludeFile.c
Linking C executable cmTC_fb7f1.exe
/usr/bin/cmake -E cmake_link_script CMakeFiles/cmTC_fb7f1.dir/link.txt --verbose=1
/usr/bin/cmake -E rm -f CMakeFiles/cmTC_fb7f1.dir/objects.a
/usr/bin/x86_64-w64-mingw32-ar qc CMakeFiles/cmTC_fb7f1.dir/objects.a @CMakeFiles/cmTC_fb7f1.dir/objects1.rsp
/usr/bin/x86_64-w64-mingw32-gcc  -idirafter "/home/taiwei/code/myBeijingHell/external/SDL2/src/video/khronos"  -D_GNU_SOURCE=1 -Wl,--whole-archive CMakeFiles/cmTC_fb7f1.dir/objects.a -Wl,--no-whole-archive -o cmTC_fb7f1.exe -Wl,--out-implib,libcmTC_fb7f1.dll.a -Wl,--major-image-version,0,--minor-image-version,0 @CMakeFiles/cmTC_fb7f1.dir/linklibs.rsp
gmake[1]: Leaving directory '/home/taiwei/code/myBeijingHell/build-windows/CMakeFiles/CMakeTmp'



Determining if the include file stdlib.h exists passed with the following output:
Change Dir: /home/taiwei/code/myBeijingHell/build-windows/CMakeFiles/CMakeTmp

Run Build Command(s):/usr/bin/gmake -f Makefile cmTC_03e01/fast && /usr/bin/gmake  -f CMakeFiles/cmTC_03e01.dir/build.make CMakeFiles/cmTC_03e01.dir/build
gmake[1]: Entering directory '/home/taiwei/code/myBeijingHell/build-windows/CMakeFiles/CMakeTmp'
Building C object CMakeFiles/cmTC_03e01.dir/CheckIncludeFile.c.obj
/usr/bin/x86_64-w64-mingw32-gcc   -idirafter "/home/taiwei/code/myBeijingHell/external/SDL2/src/video/khronos"  -D_GNU_SOURCE=1 -o CMakeFiles/cmTC_03e01.dir/CheckIncludeFile.c.obj -c /home/taiwei/code/myBeijingHell/build-windows/CMakeFiles/CMakeTmp/CheckIncludeFile.c
Linking C executable cmTC_03e01.exe
/usr/bin/cmake -E cmake_link_script CMakeFiles/cmTC_03e01.dir/link.txt --verbose=1
/usr/bin/cmake -E rm -f CMakeFiles/cmTC_03e01.dir/objects.a
/usr/bin/x86_64-w64-mingw32-ar qc CMakeFiles/cmTC_03e01.dir/objects.a @CMakeFiles/cmTC_03e01.dir/objects1.rsp
/usr/bin/x86_64-w64-mingw32-gcc  -idirafter "/home/taiwei/code/myBeijingHell/external/SDL2/src/video/khronos"  -D_GNU_SOURCE=1 -Wl,--whole-archive CMakeFiles/cmTC_03e01.dir/objects.a -Wl,--no-whole-archive -o cmTC_03e01.exe -Wl,--out-implib,libcmTC_03e01.dll.a -Wl,--major-image-version,0,--minor-image-version,0 @CMakeFiles/cmTC_03e01.dir/linklibs.rsp
gmake[1]: Leaving directory '/home/taiwei/code/myBeijingHell/build-windows/CMakeFiles/CMakeTmp'



Determining if the include file string.h exists passed with the following output:
Change Dir: /home/taiwei/code/myBeijingHell/build-windows/CMakeFiles/CMakeTmp

Run Build Command(s):/usr/bin/gmake -f Makefile cmTC_dddc4/fast && /usr/bin/gmake  -f CMakeFiles/cmTC_dddc4.dir/build.make CMakeFiles/cmTC_dddc4.dir/build
gmake[1]: Entering directory '/home/taiwei/code/myBeijingHell/build-windows/CMakeFiles/CMakeTmp'
Building C object CMakeFiles/cmTC_dddc4.dir/CheckIncludeFile.c.obj
/usr/bin/x86_64-w64-mingw32-gcc   -idirafter "/home/taiwei/code/myBeijingHell/external/SDL2/src/video/khronos"  -D_GNU_SOURCE=1 -o CMakeFiles/cmTC_dddc4.dir/CheckIncludeFile.c.obj -c /home/taiwei/code/myBeijingHell/build-windows/CMakeFiles/CMakeTmp/CheckIncludeFile.c
Linking C executable cmTC_dddc4.exe
/usr/bin/cmake -E cmake_link_script CMakeFiles/cmTC_dddc4.dir/link.txt --verbose=1
/usr/bin/cmake -E rm -f CMakeFiles/cmTC_dddc4.dir/objects.a
/usr/bin/x86_64-w64-mingw32-ar qc CMakeFiles/cmTC_dddc4.dir/objects.a @CMakeFiles/cmTC_dddc4.dir/objects1.rsp
/usr/bin/x86_64-w64-mingw32-gcc  -idirafter "/home/taiwei/code/myBeijingHell/external/SDL2/src/video/khronos"  -D_GNU_SOURCE=1 -Wl,--whole-archive CMakeFiles/cmTC_dddc4.dir/objects.a -Wl,--no-whole-archive -o cmTC_dddc4.exe -Wl,--out-implib,libcmTC_dddc4.dll.a -Wl,--major-image-version,0,--minor-image-version,0 @CMakeFiles/cmTC_dddc4.dir/linklibs.rsp
gmake[1]: Leaving directory '/home/taiwei/code/myBeijingHell/build-windows/CMakeFiles/CMakeTmp'



Determining if the include file strings.h exists passed with the following output:
Change Dir: /home/taiwei/code/myBeijingHell/build-windows/CMakeFiles/CMakeTmp

Run Build Command(s):/usr/bin/gmake -f Makefile cmTC_07e36/fast && /usr/bin/gmake  -f CMakeFiles/cmTC_07e36.dir/build.make CMakeFiles/cmTC_07e36.dir/build
gmake[1]: Entering directory '/home/taiwei/code/myBeijingHell/build-windows/CMakeFiles/CMakeTmp'
Building C object CMakeFiles/cmTC_07e36.dir/CheckIncludeFile.c.obj
/usr/bin/x86_64-w64-mingw32-gcc   -idirafter "/home/taiwei/code/myBeijingHell/external/SDL2/src/video/khronos"  -D_GNU_SOURCE=1 -o CMakeFiles/cmTC_07e36.dir/CheckIncludeFile.c.obj -c /home/taiwei/code/myBeijingHell/build-windows/CMakeFiles/CMakeTmp/CheckIncludeFile.c
Linking C executable cmTC_07e36.exe
/usr/bin/cmake -E cmake_link_script CMakeFiles/cmTC_07e36.dir/link.txt --verbose=1
/usr/bin/cmake -E rm -f CMakeFiles/cmTC_07e36.dir/objects.a
/usr/bin/x86_64-w64-mingw32-ar qc CMakeFiles/cmTC_07e36.dir/objects.a @CMakeFiles/cmTC_07e36.dir/objects1.rsp
/usr/bin/x86_64-w64-mingw32-gcc  -idirafter "/home/taiwei/code/myBeijingHell/external/SDL2/src/video/khronos"  -D_GNU_SOURCE=1 -Wl,--whole-archive CMakeFiles/cmTC_07e36.dir/objects.a -Wl,--no-whole-archive -o cmTC_07e36.exe -Wl,--out-implib,libcmTC_07e36.dll.a -Wl,--major-image-version,0,--minor-image-version,0 @CMakeFiles/cmTC_07e36.dir/linklibs.rsp
gmake[1]: Leaving directory '/home/taiwei/code/myBeijingHell/build-windows/CMakeFiles/CMakeTmp'



Determining if the include file sys/types.h exists passed with the following output:
Change Dir: /home/taiwei/code/myBeijingHell/build-windows/CMakeFiles/CMakeTmp

Run Build Command(s):/usr/bin/gmake -f Makefile cmTC_2f121/fast && /usr/bin/gmake  -f CMakeFiles/cmTC_2f121.dir/build.make CMakeFiles/cmTC_2f121.dir/build
gmake[1]: Entering directory '/home/taiwei/code/myBeijingHell/build-windows/CMakeFiles/CMakeTmp'
Building C object CMakeFiles/cmTC_2f121.dir/CheckIncludeFile.c.obj
/usr/bin/x86_64-w64-mingw32-gcc   -idirafter "/home/taiwei/code/myBeijingHell/external/SDL2/src/video/khronos"  -D_GNU_SOURCE=1 -o CMakeFiles/cmTC_2f121.dir/CheckIncludeFile.c.obj -c /home/taiwei/code/myBeijingHell/build-windows/CMakeFiles/CMakeTmp/CheckIncludeFile.c
Linking C executable cmTC_2f121.exe
/usr/bin/cmake -E cmake_link_script CMakeFiles/cmTC_2f121.dir/link.txt --verbose=1
/usr/bin/cmake -E rm -f CMakeFiles/cmTC_2f121.dir/objects.a
/usr/bin/x86_64-w64-mingw32-ar qc CMakeFiles/cmTC_2f121.dir/objects.a @CMakeFiles/cmTC_2f121.dir/objects1.rsp
/usr/bin/x86_64-w64-mingw32-gcc  -idirafter "/home/taiwei/code/myBeijingHell/external/SDL2/src/video/khronos"  -D_GNU_SOURCE=1 -Wl,--whole-archive CMakeFiles/cmTC_2f121.dir/objects.a -Wl,--no-whole-archive -o cmTC_2f121.exe -Wl,--out-implib,libcmTC_2f121.dll.a -Wl,--major-image-version,0,--minor-image-version,0 @CMakeFiles/cmTC_2f121.dir/linklibs.rsp
gmake[1]: Leaving directory '/home/taiwei/code/myBeijingHell/build-windows/CMakeFiles/CMakeTmp'



Determining if the include file wchar.h exists passed with the following output:
Change Dir: /home/taiwei/code/myBeijingHell/build-windows/CMakeFiles/CMakeTmp

Run Build Command(s):/usr/bin/gmake -f Makefile cmTC_2d951/fast && /usr/bin/gmake  -f CMakeFiles/cmTC_2d951.dir/build.make CMakeFiles/cmTC_2d951.dir/build
gmake[1]: Entering directory '/home/taiwei/code/myBeijingHell/build-windows/CMakeFiles/CMakeTmp'
Building C object CMakeFiles/cmTC_2d951.dir/CheckIncludeFile.c.obj
/usr/bin/x86_64-w64-mingw32-gcc   -idirafter "/home/taiwei/code/myBeijingHell/external/SDL2/src/video/khronos"  -D_GNU_SOURCE=1 -o CMakeFiles/cmTC_2d951.dir/CheckIncludeFile.c.obj -c /home/taiwei/code/myBeijingHell/build-windows/CMakeFiles/CMakeTmp/CheckIncludeFile.c
Linking C executable cmTC_2d951.exe
/usr/bin/cmake -E cmake_link_script CMakeFiles/cmTC_2d951.dir/link.txt --verbose=1
/usr/bin/cmake -E rm -f CMakeFiles/cmTC_2d951.dir/objects.a
/usr/bin/x86_64-w64-mingw32-ar qc CMakeFiles/cmTC_2d951.dir/objects.a @CMakeFiles/cmTC_2d951.dir/objects1.rsp
/usr/bin/x86_64-w64-mingw32-gcc  -idirafter "/home/taiwei/code/myBeijingHell/external/SDL2/src/video/khronos"  -D_GNU_SOURCE=1 -Wl,--whole-archive CMakeFiles/cmTC_2d951.dir/objects.a -Wl,--no-whole-archive -o cmTC_2d951.exe -Wl,--out-implib,libcmTC_2d951.dll.a -Wl,--major-image-version,0,--minor-image-version,0 @CMakeFiles/cmTC_2d951.dir/linklibs.rsp
gmake[1]: Leaving directory '/home/taiwei/code/myBeijingHell/build-windows/CMakeFiles/CMakeTmp'



Determining if files stddef.h;stdarg.h;stdlib.h;string.h;stdio.h;wchar.h;float.h exist passed with the following output:
Change Dir: /home/taiwei/code/myBeijingHell/build-windows/CMakeFiles/CMakeTmp

Run Build Command(s):/usr/bin/gmake -f Makefile cmTC_8560d/fast && /usr/bin/gmake  -f CMakeFiles/cmTC_8560d.dir/build.make CMakeFiles/cmTC_8560d.dir/build
gmake[1]: Entering directory '/home/taiwei/code/myBeijingHell/build-windows/CMakeFiles/CMakeTmp'
Building C object CMakeFiles/cmTC_8560d.dir/STDC_HEADERS.c.obj
/usr/bin/x86_64-w64-mingw32-gcc   -idirafter "/home/taiwei/code/myBeijingHell/external/SDL2/src/video/khronos"  -D_GNU_SOURCE=1 -o CMakeFiles/cmTC_8560d.dir/STDC_HEADERS.c.obj -c /home/taiwei/code/myBeijingHell/build-windows/CMakeFiles/CheckIncludeFiles/STDC_HEADERS.c
Linking C executable cmTC_8560d.exe
/usr/bin/cmake -E cmake_link_script CMakeFiles/cmTC_8560d.dir/link.txt --verbose=1
/usr/bin/cmake -E rm -f CMakeFiles/cmTC_8560d.dir/objects.a
/usr/bin/x86_64-w64-mingw32-ar qc CMakeFiles/cmTC_8560d.dir/objects.a @CMakeFiles/cmTC_8560d.dir/objects1.rsp
/usr/bin/x86_64-w64-mingw32-gcc  -idirafter "/home/taiwei/code/myBeijingHell/external/SDL2/src/video/khronos"  -D_GNU_SOURCE=1 -Wl,--whole-archive CMakeFiles/cmTC_8560d.dir/objects.a -Wl,--no-whole-archive -o cmTC_8560d.exe -Wl,--out-implib,libcmTC_8560d.dll.a -Wl,--major-image-version,0,--minor-image-version,0 @CMakeFiles/cmTC_8560d.dir/linklibs.rsp
gmake[1]: Leaving directory '/home/taiwei/code/myBeijingHell/build-windows/CMakeFiles/CMakeTmp'



Determining if the M_PI exist passed with the following output:
Change Dir: /home/taiwei/code/myBeijingHell/build-windows/CMakeFiles/CMakeTmp

Run Build Command(s):/usr/bin/gmake -f Makefile cmTC_210f1/fast && /usr/bin/gmake  -f CMakeFiles/cmTC_210f1.dir/build.make CMakeFiles/cmTC_210f1.dir/build
gmake[1]: Entering directory '/home/taiwei/code/myBeijingHell/build-windows/CMakeFiles/CMakeTmp'
Building C object CMakeFiles/cmTC_210f1.dir/CheckSymbolExists.c.obj
/usr/bin/x86_64-w64-mingw32-gcc   -idirafter "/home/taiwei/code/myBeijingHell/external/SDL2/src/video/khronos"  -D_GNU_SOURCE=1 -o CMakeFiles/cmTC_210f1.dir/CheckSymbolExists.c.obj -c /home/taiwei/code/myBeijingHell/build-windows/CMakeFiles/CMakeTmp/CheckSymbolExists.c
Linking C executable cmTC_210f1.exe
/usr/bin/cmake -E cmake_link_script CMakeFiles/cmTC_210f1.dir/link.txt --verbose=1
/usr/bin/cmake -E rm -f CMakeFiles/cmTC_210f1.dir/objects.a
/usr/bin/x86_64-w64-mingw32-ar qc CMakeFiles/cmTC_210f1.dir/objects.a @CMakeFiles/cmTC_210f1.dir/objects1.rsp
/usr/bin/x86_64-w64-mingw32-gcc  -idirafter "/home/taiwei/code/myBeijingHell/external/SDL2/src/video/khronos"  -D_GNU_SOURCE=1 -Wl,--whole-archive CMakeFiles/cmTC_210f1.dir/objects.a -Wl,--no-whole-archive -o cmTC_210f1.exe -Wl,--out-implib,libcmTC_210f1.dll.a -Wl,--major-image-version,0,--minor-image-version,0 @CMakeFiles/cmTC_210f1.dir/linklibs.rsp
gmake[1]: Leaving directory '/home/taiwei/code/myBeijingHell/build-windows/CMakeFiles/CMakeTmp'


File /home/taiwei/code/myBeijingHell/build-windows/CMakeFiles/CMakeTmp/CheckSymbolExists.c:
/* */
#include <math.h>

int main(int argc, char** argv)
{
  (void)argv;
#ifndef M_PI
  return ((int*)(&M_PI))[argc];
#else
  (void)argc;
  return 0;
#endif
}
Determining if the strtod exist passed with the following output:
Change Dir: /home/taiwei/code/myBeijingHell/build-windows/CMakeFiles/CMakeTmp

Run Build Command(s):/usr/bin/gmake -f Makefile cmTC_f972e/fast && /usr/bin/gmake  -f CMakeFiles/cmTC_f972e.dir/build.make CMakeFiles/cmTC_f972e.dir/build
gmake[1]: Entering directory '/home/taiwei/code/myBeijingHell/build-windows/CMakeFiles/CMakeTmp'
Building C object CMakeFiles/cmTC_f972e.dir/CheckSymbolExists.c.obj
/usr/bin/x86_64-w64-mingw32-gcc   -idirafter "/home/taiwei/code/myBeijingHell/external/SDL2/src/video/khronos"  -D_GNU_SOURCE=1 -o CMakeFiles/cmTC_f972e.dir/CheckSymbolExists.c.obj -c /home/taiwei/code/myBeijingHell/build-windows/CMakeFiles/CMakeTmp/CheckSymbolExists.c
Linking C executable cmTC_f972e.exe
/usr/bin/cmake -E cmake_link_script CMakeFiles/cmTC_f972e.dir/link.txt --verbose=1
/usr/bin/cmake -E rm -f CMakeFiles/cmTC_f972e.dir/objects.a
/usr/bin/x86_64-w64-mingw32-ar qc CMakeFiles/cmTC_f972e.dir/objects.a @CMakeFiles/cmTC_f972e.dir/objects1.rsp
/usr/bin/x86_64-w64-mingw32-gcc  -idirafter "/home/taiwei/code/myBeijingHell/external/SDL2/src/video/khronos"  -D_GNU_SOURCE=1 -Wl,--whole-archive CMakeFiles/cmTC_f972e.dir/objects.a -Wl,--no-whole-archive -o cmTC_f972e.exe -Wl,--out-implib,libcmTC_f972e.dll.a -Wl,--major-image-version,0,--minor-image-version,0 @CMakeFiles/cmTC_f972e.dir/linklibs.rsp
gmake[1]: Leaving directory '/home/taiwei/code/myBeijingHell/build-windows/CMakeFiles/CMakeTmp'


File /home/taiwei/code/myBeijingHell/build-windows/CMakeFiles/CMakeTmp/CheckSymbolExists.c:
/* */
#include <stddef.h>
#include <stdarg.h>
#include <stdlib.h>
#include <string.h>
#include <stdio.h>
#include <wchar.h>
#include <float.h>

int main(int argc, char** argv)
{
  (void)argv;
#ifndef strtod
  return ((int*)(&strtod))[argc];
#else
  (void)argc;
  return 0;
#endif
}
Determining if the malloc exist passed with the following output:
Change Dir: /home/taiwei/code/myBeijingHell/build-windows/CMakeFiles/CMakeTmp

Run Build Command(s):/usr/bin/gmake -f Makefile cmTC_63503/fast && /usr/bin/gmake  -f CMakeFiles/cmTC_63503.dir/build.make CMakeFiles/cmTC_63503.dir/build
gmake[1]: Entering directory '/home/taiwei/code/myBeijingHell/build-windows/CMakeFiles/CMakeTmp'
Building C object CMakeFiles/cmTC_63503.dir/CheckSymbolExists.c.obj
/usr/bin/x86_64-w64-mingw32-gcc   -idirafter "/home/taiwei/code/myBeijingHell/external/SDL2/src/video/khronos"  -D_GNU_SOURCE=1 -o CMakeFiles/cmTC_63503.dir/CheckSymbolExists.c.obj -c /home/taiwei/code/myBeijingHell/build-windows/CMakeFiles/CMakeTmp/CheckSymbolExists.c
Linking C executable cmTC_63503.exe
/usr/bin/cmake -E cmake_link_script CMakeFiles/cmTC_63503.dir/link.txt --verbose=1
/usr/bin/cmake -E rm -f CMakeFiles/cmTC_63503.dir/objects.a
/usr/bin/x86_64-w64-mingw32-ar qc CMakeFiles/cmTC_63503.dir/objects.a @CMakeFiles/cmTC_63503.dir/objects1.rsp
/usr/bin/x86_64-w64-mingw32-gcc  -idirafter "/home/taiwei/code/myBeijingHell/external/SDL2/src/video/khronos"  -D_GNU_SOURCE=1 -Wl,--whole-archive CMakeFiles/cmTC_63503.dir/objects.a -Wl,--no-whole-archive -o cmTC_63503.exe -Wl,--out-implib,libcmTC_63503.dll.a -Wl,--major-image-version,0,--minor-image-version,0 @CMakeFiles/cmTC_63503.dir/linklibs.rsp
gmake[1]: Leaving directory '/home/taiwei/code/myBeijingHell/build-windows/CMakeFiles/CMakeTmp'


File /home/taiwei/code/myBeijingHell/build-windows/CMakeFiles/CMakeTmp/CheckSymbolExists.c:
/* */
#include <stddef.h>
#include <stdarg.h>
#include <stdlib.h>
#include <string.h>
#include <stdio.h>
#include <wchar.h>
#include <float.h>

int main(int argc, char** argv)
{
  (void)argv;
#ifndef malloc
  return ((int*)(&malloc))[argc];
#else
  (void)argc;
  return 0;
#endif
}
Determining if the calloc exist passed with the following output:
Change Dir: /home/taiwei/code/myBeijingHell/build-windows/CMakeFiles/CMakeTmp

Run Build Command(s):/usr/bin/gmake -f Makefile cmTC_24d81/fast && /usr/bin/gmake  -f CMakeFiles/cmTC_24d81.dir/build.make CMakeFiles/cmTC_24d81.dir/build
gmake[1]: Entering directory '/home/taiwei/code/myBeijingHell/build-windows/CMakeFiles/CMakeTmp'
Building C object CMakeFiles/cmTC_24d81.dir/CheckSymbolExists.c.obj
/usr/bin/x86_64-w64-mingw32-gcc   -idirafter "/home/taiwei/code/myBeijingHell/external/SDL2/src/video/khronos"  -D_GNU_SOURCE=1 -o CMakeFiles/cmTC_24d81.dir/CheckSymbolExists.c.obj -c /home/taiwei/code/myBeijingHell/build-windows/CMakeFiles/CMakeTmp/CheckSymbolExists.c
Linking C executable cmTC_24d81.exe
/usr/bin/cmake -E cmake_link_script CMakeFiles/cmTC_24d81.dir/link.txt --verbose=1
/usr/bin/cmake -E rm -f CMakeFiles/cmTC_24d81.dir/objects.a
/usr/bin/x86_64-w64-mingw32-ar qc CMakeFiles/cmTC_24d81.dir/objects.a @CMakeFiles/cmTC_24d81.dir/objects1.rsp
/usr/bin/x86_64-w64-mingw32-gcc  -idirafter "/home/taiwei/code/myBeijingHell/external/SDL2/src/video/khronos"  -D_GNU_SOURCE=1 -Wl,--whole-archive CMakeFiles/cmTC_24d81.dir/objects.a -Wl,--no-whole-archive -o cmTC_24d81.exe -Wl,--out-implib,libcmTC_24d81.dll.a -Wl,--major-image-version,0,--minor-image-version,0 @CMakeFiles/cmTC_24d81.dir/linklibs.rsp
gmake[1]: Leaving directory '/home/taiwei/code/myBeijingHell/build-windows/CMakeFiles/CMakeTmp'


File /home/taiwei/code/myBeijingHell/build-windows/CMakeFiles/CMakeTmp/CheckSymbolExists.c:
/* */
#include <stddef.h>
#include <stdarg.h>
#include <stdlib.h>
#include <string.h>
#include <stdio.h>
#include <wchar.h>
#include <float.h>

int main(int argc, char** argv)
{
  (void)argv;
#ifndef calloc
  return ((int*)(&calloc))[argc];
#else
  (void)argc;
  return 0;
#endif
}
Determining if the realloc exist passed with the following output:
Change Dir: /home/taiwei/code/myBeijingHell/build-windows/CMakeFiles/CMakeTmp

Run Build Command(s):/usr/bin/gmake -f Makefile cmTC_30473/fast && /usr/bin/gmake  -f CMakeFiles/cmTC_30473.dir/build.make CMakeFiles/cmTC_30473.dir/build
gmake[1]: Entering directory '/home/taiwei/code/myBeijingHell/build-windows/CMakeFiles/CMakeTmp'
Building C object CMakeFiles/cmTC_30473.dir/CheckSymbolExists.c.obj
/usr/bin/x86_64-w64-mingw32-gcc   -idirafter "/home/taiwei/code/myBeijingHell/external/SDL2/src/video/khronos"  -D_GNU_SOURCE=1 -o CMakeFiles/cmTC_30473.dir/CheckSymbolExists.c.obj -c /home/taiwei/code/myBeijingHell/build-windows/CMakeFiles/CMakeTmp/CheckSymbolExists.c
Linking C executable cmTC_30473.exe
/usr/bin/cmake -E cmake_link_script CMakeFiles/cmTC_30473.dir/link.txt --verbose=1
/usr/bin/cmake -E rm -f CMakeFiles/cmTC_30473.dir/objects.a
/usr/bin/x86_64-w64-mingw32-ar qc CMakeFiles/cmTC_30473.dir/objects.a @CMakeFiles/cmTC_30473.dir/objects1.rsp
/usr/bin/x86_64-w64-mingw32-gcc  -idirafter "/home/taiwei/code/myBeijingHell/external/SDL2/src/video/khronos"  -D_GNU_SOURCE=1 -Wl,--whole-archive CMakeFiles/cmTC_30473.dir/objects.a -Wl,--no-whole-archive -o cmTC_30473.exe -Wl,--out-implib,libcmTC_30473.dll.a -Wl,--major-image-version,0,--minor-image-version,0 @CMakeFiles/cmTC_30473.dir/linklibs.rsp
gmake[1]: Leaving directory '/home/taiwei/code/myBeijingHell/build-windows/CMakeFiles/CMakeTmp'


File /home/taiwei/code/myBeijingHell/build-windows/CMakeFiles/CMakeTmp/CheckSymbolExists.c:
/* */
#include <stddef.h>
#include <stdarg.h>
#include <stdlib.h>
#include <string.h>
#include <stdio.h>
#include <wchar.h>
#include <float.h>

int main(int argc, char** argv)
{
  (void)argv;
#ifndef realloc
  return ((int*)(&realloc))[argc];
#else
  (void)argc;
  return 0;
#endif
}
Determining if the free exist passed with the following output:
Change Dir: /home/taiwei/code/myBeijingHell/build-windows/CMakeFiles/CMakeTmp

Run Build Command(s):/usr/bin/gmake -f Makefile cmTC_1c7f3/fast && /usr/bin/gmake  -f CMakeFiles/cmTC_1c7f3.dir/build.make CMakeFiles/cmTC_1c7f3.dir/build
gmake[1]: Entering directory '/home/taiwei/code/myBeijingHell/build-windows/CMakeFiles/CMakeTmp'
Building C object CMakeFiles/cmTC_1c7f3.dir/CheckSymbolExists.c.obj
/usr/bin/x86_64-w64-mingw32-gcc   -idirafter "/home/taiwei/code/myBeijingHell/external/SDL2/src/video/khronos"  -D_GNU_SOURCE=1 -o CMakeFiles/cmTC_1c7f3.dir/CheckSymbolExists.c.obj -c /home/taiwei/code/myBeijingHell/build-windows/CMakeFiles/CMakeTmp/CheckSymbolExists.c
Linking C executable cmTC_1c7f3.exe
/usr/bin/cmake -E cmake_link_script CMakeFiles/cmTC_1c7f3.dir/link.txt --verbose=1
/usr/bin/cmake -E rm -f CMakeFiles/cmTC_1c7f3.dir/objects.a
/usr/bin/x86_64-w64-mingw32-ar qc CMakeFiles/cmTC_1c7f3.dir/objects.a @CMakeFiles/cmTC_1c7f3.dir/objects1.rsp
/usr/bin/x86_64-w64-mingw32-gcc  -idirafter "/home/taiwei/code/myBeijingHell/external/SDL2/src/video/khronos"  -D_GNU_SOURCE=1 -Wl,--whole-archive CMakeFiles/cmTC_1c7f3.dir/objects.a -Wl,--no-whole-archive -o cmTC_1c7f3.exe -Wl,--out-implib,libcmTC_1c7f3.dll.a -Wl,--major-image-version,0,--minor-image-version,0 @CMakeFiles/cmTC_1c7f3.dir/linklibs.rsp
gmake[1]: Leaving directory '/home/taiwei/code/myBeijingHell/build-windows/CMakeFiles/CMakeTmp'


File /home/taiwei/code/myBeijingHell/build-windows/CMakeFiles/CMakeTmp/CheckSymbolExists.c:
/* */
#include <stddef.h>
#include <stdarg.h>
#include <stdlib.h>
#include <string.h>
#include <stdio.h>
#include <wchar.h>
#include <float.h>

int main(int argc, char** argv)
{
  (void)argv;
#ifndef free
  return ((int*)(&free))[argc];
#else
  (void)argc;
  return 0;
#endif
}
Determining if the getenv exist passed with the following output:
Change Dir: /home/taiwei/code/myBeijingHell/build-windows/CMakeFiles/CMakeTmp

Run Build Command(s):/usr/bin/gmake -f Makefile cmTC_cc6a7/fast && /usr/bin/gmake  -f CMakeFiles/cmTC_cc6a7.dir/build.make CMakeFiles/cmTC_cc6a7.dir/build
gmake[1]: Entering directory '/home/taiwei/code/myBeijingHell/build-windows/CMakeFiles/CMakeTmp'
Building C object CMakeFiles/cmTC_cc6a7.dir/CheckSymbolExists.c.obj
/usr/bin/x86_64-w64-mingw32-gcc   -idirafter "/home/taiwei/code/myBeijingHell/external/SDL2/src/video/khronos"  -D_GNU_SOURCE=1 -o CMakeFiles/cmTC_cc6a7.dir/CheckSymbolExists.c.obj -c /home/taiwei/code/myBeijingHell/build-windows/CMakeFiles/CMakeTmp/CheckSymbolExists.c
Linking C executable cmTC_cc6a7.exe
/usr/bin/cmake -E cmake_link_script CMakeFiles/cmTC_cc6a7.dir/link.txt --verbose=1
/usr/bin/cmake -E rm -f CMakeFiles/cmTC_cc6a7.dir/objects.a
/usr/bin/x86_64-w64-mingw32-ar qc CMakeFiles/cmTC_cc6a7.dir/objects.a @CMakeFiles/cmTC_cc6a7.dir/objects1.rsp
/usr/bin/x86_64-w64-mingw32-gcc  -idirafter "/home/taiwei/code/myBeijingHell/external/SDL2/src/video/khronos"  -D_GNU_SOURCE=1 -Wl,--whole-archive CMakeFiles/cmTC_cc6a7.dir/objects.a -Wl,--no-whole-archive -o cmTC_cc6a7.exe -Wl,--out-implib,libcmTC_cc6a7.dll.a -Wl,--major-image-version,0,--minor-image-version,0 @CMakeFiles/cmTC_cc6a7.dir/linklibs.rsp
gmake[1]: Leaving directory '/home/taiwei/code/myBeijingHell/build-windows/CMakeFiles/CMakeTmp'


File /home/taiwei/code/myBeijingHell/build-windows/CMakeFiles/CMakeTmp/CheckSymbolExists.c:
/* */
#include <stddef.h>
#include <stdarg.h>
#include <stdlib.h>
#include <string.h>
#include <stdio.h>
#include <wchar.h>
#include <float.h>

int main(int argc, char** argv)
{
  (void)argv;
#ifndef getenv
  return ((int*)(&getenv))[argc];
#else
  (void)argc;
  return 0;
#endif
}
Determining if the putenv exist passed with the following output:
Change Dir: /home/taiwei/code/myBeijingHell/build-windows/CMakeFiles/CMakeTmp

Run Build Command(s):/usr/bin/gmake -f Makefile cmTC_54264/fast && /usr/bin/gmake  -f CMakeFiles/cmTC_54264.dir/build.make CMakeFiles/cmTC_54264.dir/build
gmake[1]: Entering directory '/home/taiwei/code/myBeijingHell/build-windows/CMakeFiles/CMakeTmp'
Building C object CMakeFiles/cmTC_54264.dir/CheckSymbolExists.c.obj
/usr/bin/x86_64-w64-mingw32-gcc   -idirafter "/home/taiwei/code/myBeijingHell/external/SDL2/src/video/khronos"  -D_GNU_SOURCE=1 -o CMakeFiles/cmTC_54264.dir/CheckSymbolExists.c.obj -c /home/taiwei/code/myBeijingHell/build-windows/CMakeFiles/CMakeTmp/CheckSymbolExists.c
Linking C executable cmTC_54264.exe
/usr/bin/cmake -E cmake_link_script CMakeFiles/cmTC_54264.dir/link.txt --verbose=1
/usr/bin/cmake -E rm -f CMakeFiles/cmTC_54264.dir/objects.a
/usr/bin/x86_64-w64-mingw32-ar qc CMakeFiles/cmTC_54264.dir/objects.a @CMakeFiles/cmTC_54264.dir/objects1.rsp
/usr/bin/x86_64-w64-mingw32-gcc  -idirafter "/home/taiwei/code/myBeijingHell/external/SDL2/src/video/khronos"  -D_GNU_SOURCE=1 -Wl,--whole-archive CMakeFiles/cmTC_54264.dir/objects.a -Wl,--no-whole-archive -o cmTC_54264.exe -Wl,--out-implib,libcmTC_54264.dll.a -Wl,--major-image-version,0,--minor-image-version,0 @CMakeFiles/cmTC_54264.dir/linklibs.rsp
gmake[1]: Leaving directory '/home/taiwei/code/myBeijingHell/build-windows/CMakeFiles/CMakeTmp'


File /home/taiwei/code/myBeijingHell/build-windows/CMakeFiles/CMakeTmp/CheckSymbolExists.c:
/* */
#include <stddef.h>
#include <stdarg.h>
#include <stdlib.h>
#include <string.h>
#include <stdio.h>
#include <wchar.h>
#include <float.h>

int main(int argc, char** argv)
{
  (void)argv;
#ifndef putenv
  return ((int*)(&putenv))[argc];
#else
  (void)argc;
  return 0;
#endif
}
Determining if the bsearch exist passed with the following output:
Change Dir: /home/taiwei/code/myBeijingHell/build-windows/CMakeFiles/CMakeTmp

Run Build Command(s):/usr/bin/gmake -f Makefile cmTC_db21d/fast && /usr/bin/gmake  -f CMakeFiles/cmTC_db21d.dir/build.make CMakeFiles/cmTC_db21d.dir/build
gmake[1]: Entering directory '/home/taiwei/code/myBeijingHell/build-windows/CMakeFiles/CMakeTmp'
Building C object CMakeFiles/cmTC_db21d.dir/CheckSymbolExists.c.obj
/usr/bin/x86_64-w64-mingw32-gcc   -idirafter "/home/taiwei/code/myBeijingHell/external/SDL2/src/video/khronos"  -D_GNU_SOURCE=1 -o CMakeFiles/cmTC_db21d.dir/CheckSymbolExists.c.obj -c /home/taiwei/code/myBeijingHell/build-windows/CMakeFiles/CMakeTmp/CheckSymbolExists.c
Linking C executable cmTC_db21d.exe
/usr/bin/cmake -E cmake_link_script CMakeFiles/cmTC_db21d.dir/link.txt --verbose=1
/usr/bin/cmake -E rm -f CMakeFiles/cmTC_db21d.dir/objects.a
/usr/bin/x86_64-w64-mingw32-ar qc CMakeFiles/cmTC_db21d.dir/objects.a @CMakeFiles/cmTC_db21d.dir/objects1.rsp
/usr/bin/x86_64-w64-mingw32-gcc  -idirafter "/home/taiwei/code/myBeijingHell/external/SDL2/src/video/khronos"  -D_GNU_SOURCE=1 -Wl,--whole-archive CMakeFiles/cmTC_db21d.dir/objects.a -Wl,--no-whole-archive -o cmTC_db21d.exe -Wl,--out-implib,libcmTC_db21d.dll.a -Wl,--major-image-version,0,--minor-image-version,0 @CMakeFiles/cmTC_db21d.dir/linklibs.rsp
gmake[1]: Leaving directory '/home/taiwei/code/myBeijingHell/build-windows/CMakeFiles/CMakeTmp'


File /home/taiwei/code/myBeijingHell/build-windows/CMakeFiles/CMakeTmp/CheckSymbolExists.c:
/* */
#include <stddef.h>
#include <stdarg.h>
#include <stdlib.h>
#include <string.h>
#include <stdio.h>
#include <wchar.h>
#include <float.h>

int main(int argc, char** argv)
{
  (void)argv;
#ifndef bsearch
  return ((int*)(&bsearch))[argc];
#else
  (void)argc;
  return 0;
#endif
}
Determining if the qsort exist passed with the following output:
Change Dir: /home/taiwei/code/myBeijingHell/build-windows/CMakeFiles/CMakeTmp

Run Build Command(s):/usr/bin/gmake -f Makefile cmTC_e8814/fast && /usr/bin/gmake  -f CMakeFiles/cmTC_e8814.dir/build.make CMakeFiles/cmTC_e8814.dir/build
gmake[1]: Entering directory '/home/taiwei/code/myBeijingHell/build-windows/CMakeFiles/CMakeTmp'
Building C object CMakeFiles/cmTC_e8814.dir/CheckSymbolExists.c.obj
/usr/bin/x86_64-w64-mingw32-gcc   -idirafter "/home/taiwei/code/myBeijingHell/external/SDL2/src/video/khronos"  -D_GNU_SOURCE=1 -o CMakeFiles/cmTC_e8814.dir/CheckSymbolExists.c.obj -c /home/taiwei/code/myBeijingHell/build-windows/CMakeFiles/CMakeTmp/CheckSymbolExists.c
Linking C executable cmTC_e8814.exe
/usr/bin/cmake -E cmake_link_script CMakeFiles/cmTC_e8814.dir/link.txt --verbose=1
/usr/bin/cmake -E rm -f CMakeFiles/cmTC_e8814.dir/objects.a
/usr/bin/x86_64-w64-mingw32-ar qc CMakeFiles/cmTC_e8814.dir/objects.a @CMakeFiles/cmTC_e8814.dir/objects1.rsp
/usr/bin/x86_64-w64-mingw32-gcc  -idirafter "/home/taiwei/code/myBeijingHell/external/SDL2/src/video/khronos"  -D_GNU_SOURCE=1 -Wl,--whole-archive CMakeFiles/cmTC_e8814.dir/objects.a -Wl,--no-whole-archive -o cmTC_e8814.exe -Wl,--out-implib,libcmTC_e8814.dll.a -Wl,--major-image-version,0,--minor-image-version,0 @CMakeFiles/cmTC_e8814.dir/linklibs.rsp
gmake[1]: Leaving directory '/home/taiwei/code/myBeijingHell/build-windows/CMakeFiles/CMakeTmp'


File /home/taiwei/code/myBeijingHell/build-windows/CMakeFiles/CMakeTmp/CheckSymbolExists.c:
/* */
#include <stddef.h>
#include <stdarg.h>
#include <stdlib.h>
#include <string.h>
#include <stdio.h>
#include <wchar.h>
#include <float.h>

int main(int argc, char** argv)
{
  (void)argv;
#ifndef qsort
  return ((int*)(&qsort))[argc];
#else
  (void)argc;
  return 0;
#endif
}
Determining if the abs exist passed with the following output:
Change Dir: /home/taiwei/code/myBeijingHell/build-windows/CMakeFiles/CMakeTmp

Run Build Command(s):/usr/bin/gmake -f Makefile cmTC_db6c4/fast && /usr/bin/gmake  -f CMakeFiles/cmTC_db6c4.dir/build.make CMakeFiles/cmTC_db6c4.dir/build
gmake[1]: Entering directory '/home/taiwei/code/myBeijingHell/build-windows/CMakeFiles/CMakeTmp'
Building C object CMakeFiles/cmTC_db6c4.dir/CheckSymbolExists.c.obj
/usr/bin/x86_64-w64-mingw32-gcc   -idirafter "/home/taiwei/code/myBeijingHell/external/SDL2/src/video/khronos"  -D_GNU_SOURCE=1 -o CMakeFiles/cmTC_db6c4.dir/CheckSymbolExists.c.obj -c /home/taiwei/code/myBeijingHell/build-windows/CMakeFiles/CMakeTmp/CheckSymbolExists.c
Linking C executable cmTC_db6c4.exe
/usr/bin/cmake -E cmake_link_script CMakeFiles/cmTC_db6c4.dir/link.txt --verbose=1
/usr/bin/cmake -E rm -f CMakeFiles/cmTC_db6c4.dir/objects.a
/usr/bin/x86_64-w64-mingw32-ar qc CMakeFiles/cmTC_db6c4.dir/objects.a @CMakeFiles/cmTC_db6c4.dir/objects1.rsp
/usr/bin/x86_64-w64-mingw32-gcc  -idirafter "/home/taiwei/code/myBeijingHell/external/SDL2/src/video/khronos"  -D_GNU_SOURCE=1 -Wl,--whole-archive CMakeFiles/cmTC_db6c4.dir/objects.a -Wl,--no-whole-archive -o cmTC_db6c4.exe -Wl,--out-implib,libcmTC_db6c4.dll.a -Wl,--major-image-version,0,--minor-image-version,0 @CMakeFiles/cmTC_db6c4.dir/linklibs.rsp
gmake[1]: Leaving directory '/home/taiwei/code/myBeijingHell/build-windows/CMakeFiles/CMakeTmp'


File /home/taiwei/code/myBeijingHell/build-windows/CMakeFiles/CMakeTmp/CheckSymbolExists.c:
/* */
#include <stddef.h>
#include <stdarg.h>
#include <stdlib.h>
#include <string.h>
#include <stdio.h>
#include <wchar.h>
#include <float.h>

int main(int argc, char** argv)
{
  (void)argv;
#ifndef abs
  return ((int*)(&abs))[argc];
#else
  (void)argc;
  return 0;
#endif
}
Determining if the memset exist passed with the following output:
Change Dir: /home/taiwei/code/myBeijingHell/build-windows/CMakeFiles/CMakeTmp

Run Build Command(s):/usr/bin/gmake -f Makefile cmTC_76c3c/fast && /usr/bin/gmake  -f CMakeFiles/cmTC_76c3c.dir/build.make CMakeFiles/cmTC_76c3c.dir/build
gmake[1]: Entering directory '/home/taiwei/code/myBeijingHell/build-windows/CMakeFiles/CMakeTmp'
Building C object CMakeFiles/cmTC_76c3c.dir/CheckSymbolExists.c.obj
/usr/bin/x86_64-w64-mingw32-gcc   -idirafter "/home/taiwei/code/myBeijingHell/external/SDL2/src/video/khronos"  -D_GNU_SOURCE=1 -o CMakeFiles/cmTC_76c3c.dir/CheckSymbolExists.c.obj -c /home/taiwei/code/myBeijingHell/build-windows/CMakeFiles/CMakeTmp/CheckSymbolExists.c
Linking C executable cmTC_76c3c.exe
/usr/bin/cmake -E cmake_link_script CMakeFiles/cmTC_76c3c.dir/link.txt --verbose=1
/usr/bin/cmake -E rm -f CMakeFiles/cmTC_76c3c.dir/objects.a
/usr/bin/x86_64-w64-mingw32-ar qc CMakeFiles/cmTC_76c3c.dir/objects.a @CMakeFiles/cmTC_76c3c.dir/objects1.rsp
/usr/bin/x86_64-w64-mingw32-gcc  -idirafter "/home/taiwei/code/myBeijingHell/external/SDL2/src/video/khronos"  -D_GNU_SOURCE=1 -Wl,--whole-archive CMakeFiles/cmTC_76c3c.dir/objects.a -Wl,--no-whole-archive -o cmTC_76c3c.exe -Wl,--out-implib,libcmTC_76c3c.dll.a -Wl,--major-image-version,0,--minor-image-version,0 @CMakeFiles/cmTC_76c3c.dir/linklibs.rsp
gmake[1]: Leaving directory '/home/taiwei/code/myBeijingHell/build-windows/CMakeFiles/CMakeTmp'


File /home/taiwei/code/myBeijingHell/build-windows/CMakeFiles/CMakeTmp/CheckSymbolExists.c:
/* */
#include <stddef.h>
#include <stdarg.h>
#include <stdlib.h>
#include <string.h>
#include <stdio.h>
#include <wchar.h>
#include <float.h>

int main(int argc, char** argv)
{
  (void)argv;
#ifndef memset
  return ((int*)(&memset))[argc];
#else
  (void)argc;
  return 0;
#endif
}
Determining if the memcpy exist passed with the following output:
Change Dir: /home/taiwei/code/myBeijingHell/build-windows/CMakeFiles/CMakeTmp

Run Build Command(s):/usr/bin/gmake -f Makefile cmTC_ea6e0/fast && /usr/bin/gmake  -f CMakeFiles/cmTC_ea6e0.dir/build.make CMakeFiles/cmTC_ea6e0.dir/build
gmake[1]: Entering directory '/home/taiwei/code/myBeijingHell/build-windows/CMakeFiles/CMakeTmp'
Building C object CMakeFiles/cmTC_ea6e0.dir/CheckSymbolExists.c.obj
/usr/bin/x86_64-w64-mingw32-gcc   -idirafter "/home/taiwei/code/myBeijingHell/external/SDL2/src/video/khronos"  -D_GNU_SOURCE=1 -o CMakeFiles/cmTC_ea6e0.dir/CheckSymbolExists.c.obj -c /home/taiwei/code/myBeijingHell/build-windows/CMakeFiles/CMakeTmp/CheckSymbolExists.c
Linking C executable cmTC_ea6e0.exe
/usr/bin/cmake -E cmake_link_script CMakeFiles/cmTC_ea6e0.dir/link.txt --verbose=1
/usr/bin/cmake -E rm -f CMakeFiles/cmTC_ea6e0.dir/objects.a
/usr/bin/x86_64-w64-mingw32-ar qc CMakeFiles/cmTC_ea6e0.dir/objects.a @CMakeFiles/cmTC_ea6e0.dir/objects1.rsp
/usr/bin/x86_64-w64-mingw32-gcc  -idirafter "/home/taiwei/code/myBeijingHell/external/SDL2/src/video/khronos"  -D_GNU_SOURCE=1 -Wl,--whole-archive CMakeFiles/cmTC_ea6e0.dir/objects.a -Wl,--no-whole-archive -o cmTC_ea6e0.exe -Wl,--out-implib,libcmTC_ea6e0.dll.a -Wl,--major-image-version,0,--minor-image-version,0 @CMakeFiles/cmTC_ea6e0.dir/linklibs.rsp
gmake[1]: Leaving directory '/home/taiwei/code/myBeijingHell/build-windows/CMakeFiles/CMakeTmp'


File /home/taiwei/code/myBeijingHell/build-windows/CMakeFiles/CMakeTmp/CheckSymbolExists.c:
/* */
#include <stddef.h>
#include <stdarg.h>
#include <stdlib.h>
#include <string.h>
#include <stdio.h>
#include <wchar.h>
#include <float.h>

int main(int argc, char** argv)
{
  (void)argv;
#ifndef memcpy
  return ((int*)(&memcpy))[argc];
#else
  (void)argc;
  return 0;
#endif
}
Determining if the memmove exist passed with the following output:
Change Dir: /home/taiwei/code/myBeijingHell/build-windows/CMakeFiles/CMakeTmp

Run Build Command(s):/usr/bin/gmake -f Makefile cmTC_7bd46/fast && /usr/bin/gmake  -f CMakeFiles/cmTC_7bd46.dir/build.make CMakeFiles/cmTC_7bd46.dir/build
gmake[1]: Entering directory '/home/taiwei/code/myBeijingHell/build-windows/CMakeFiles/CMakeTmp'
Building C object CMakeFiles/cmTC_7bd46.dir/CheckSymbolExists.c.obj
/usr/bin/x86_64-w64-mingw32-gcc   -idirafter "/home/taiwei/code/myBeijingHell/external/SDL2/src/video/khronos"  -D_GNU_SOURCE=1 -o CMakeFiles/cmTC_7bd46.dir/CheckSymbolExists.c.obj -c /home/taiwei/code/myBeijingHell/build-windows/CMakeFiles/CMakeTmp/CheckSymbolExists.c
Linking C executable cmTC_7bd46.exe
/usr/bin/cmake -E cmake_link_script CMakeFiles/cmTC_7bd46.dir/link.txt --verbose=1
/usr/bin/cmake -E rm -f CMakeFiles/cmTC_7bd46.dir/objects.a
/usr/bin/x86_64-w64-mingw32-ar qc CMakeFiles/cmTC_7bd46.dir/objects.a @CMakeFiles/cmTC_7bd46.dir/objects1.rsp
/usr/bin/x86_64-w64-mingw32-gcc  -idirafter "/home/taiwei/code/myBeijingHell/external/SDL2/src/video/khronos"  -D_GNU_SOURCE=1 -Wl,--whole-archive CMakeFiles/cmTC_7bd46.dir/objects.a -Wl,--no-whole-archive -o cmTC_7bd46.exe -Wl,--out-implib,libcmTC_7bd46.dll.a -Wl,--major-image-version,0,--minor-image-version,0 @CMakeFiles/cmTC_7bd46.dir/linklibs.rsp
gmake[1]: Leaving directory '/home/taiwei/code/myBeijingHell/build-windows/CMakeFiles/CMakeTmp'


File /home/taiwei/code/myBeijingHell/build-windows/CMakeFiles/CMakeTmp/CheckSymbolExists.c:
/* */
#include <stddef.h>
#include <stdarg.h>
#include <stdlib.h>
#include <string.h>
#include <stdio.h>
#include <wchar.h>
#include <float.h>

int main(int argc, char** argv)
{
  (void)argv;
#ifndef memmove
  return ((int*)(&memmove))[argc];
#else
  (void)argc;
  return 0;
#endif
}
Determining if the memcmp exist passed with the following output:
Change Dir: /home/taiwei/code/myBeijingHell/build-windows/CMakeFiles/CMakeTmp

Run Build Command(s):/usr/bin/gmake -f Makefile cmTC_08ee4/fast && /usr/bin/gmake  -f CMakeFiles/cmTC_08ee4.dir/build.make CMakeFiles/cmTC_08ee4.dir/build
gmake[1]: Entering directory '/home/taiwei/code/myBeijingHell/build-windows/CMakeFiles/CMakeTmp'
Building C object CMakeFiles/cmTC_08ee4.dir/CheckSymbolExists.c.obj
/usr/bin/x86_64-w64-mingw32-gcc   -idirafter "/home/taiwei/code/myBeijingHell/external/SDL2/src/video/khronos"  -D_GNU_SOURCE=1 -o CMakeFiles/cmTC_08ee4.dir/CheckSymbolExists.c.obj -c /home/taiwei/code/myBeijingHell/build-windows/CMakeFiles/CMakeTmp/CheckSymbolExists.c
Linking C executable cmTC_08ee4.exe
/usr/bin/cmake -E cmake_link_script CMakeFiles/cmTC_08ee4.dir/link.txt --verbose=1
/usr/bin/cmake -E rm -f CMakeFiles/cmTC_08ee4.dir/objects.a
/usr/bin/x86_64-w64-mingw32-ar qc CMakeFiles/cmTC_08ee4.dir/objects.a @CMakeFiles/cmTC_08ee4.dir/objects1.rsp
/usr/bin/x86_64-w64-mingw32-gcc  -idirafter "/home/taiwei/code/myBeijingHell/external/SDL2/src/video/khronos"  -D_GNU_SOURCE=1 -Wl,--whole-archive CMakeFiles/cmTC_08ee4.dir/objects.a -Wl,--no-whole-archive -o cmTC_08ee4.exe -Wl,--out-implib,libcmTC_08ee4.dll.a -Wl,--major-image-version,0,--minor-image-version,0 @CMakeFiles/cmTC_08ee4.dir/linklibs.rsp
gmake[1]: Leaving directory '/home/taiwei/code/myBeijingHell/build-windows/CMakeFiles/CMakeTmp'


File /home/taiwei/code/myBeijingHell/build-windows/CMakeFiles/CMakeTmp/CheckSymbolExists.c:
/* */
#include <stddef.h>
#include <stdarg.h>
#include <stdlib.h>
#include <string.h>
#include <stdio.h>
#include <wchar.h>
#include <float.h>

int main(int argc, char** argv)
{
  (void)argv;
#ifndef memcmp
  return ((int*)(&memcmp))[argc];
#else
  (void)argc;
  return 0;
#endif
}
Determining if the strlen exist passed with the following output:
Change Dir: /home/taiwei/code/myBeijingHell/build-windows/CMakeFiles/CMakeTmp

Run Build Command(s):/usr/bin/gmake -f Makefile cmTC_6bbd1/fast && /usr/bin/gmake  -f CMakeFiles/cmTC_6bbd1.dir/build.make CMakeFiles/cmTC_6bbd1.dir/build
gmake[1]: Entering directory '/home/taiwei/code/myBeijingHell/build-windows/CMakeFiles/CMakeTmp'
Building C object CMakeFiles/cmTC_6bbd1.dir/CheckSymbolExists.c.obj
/usr/bin/x86_64-w64-mingw32-gcc   -idirafter "/home/taiwei/code/myBeijingHell/external/SDL2/src/video/khronos"  -D_GNU_SOURCE=1 -o CMakeFiles/cmTC_6bbd1.dir/CheckSymbolExists.c.obj -c /home/taiwei/code/myBeijingHell/build-windows/CMakeFiles/CMakeTmp/CheckSymbolExists.c
Linking C executable cmTC_6bbd1.exe
/usr/bin/cmake -E cmake_link_script CMakeFiles/cmTC_6bbd1.dir/link.txt --verbose=1
/usr/bin/cmake -E rm -f CMakeFiles/cmTC_6bbd1.dir/objects.a
/usr/bin/x86_64-w64-mingw32-ar qc CMakeFiles/cmTC_6bbd1.dir/objects.a @CMakeFiles/cmTC_6bbd1.dir/objects1.rsp
/usr/bin/x86_64-w64-mingw32-gcc  -idirafter "/home/taiwei/code/myBeijingHell/external/SDL2/src/video/khronos"  -D_GNU_SOURCE=1 -Wl,--whole-archive CMakeFiles/cmTC_6bbd1.dir/objects.a -Wl,--no-whole-archive -o cmTC_6bbd1.exe -Wl,--out-implib,libcmTC_6bbd1.dll.a -Wl,--major-image-version,0,--minor-image-version,0 @CMakeFiles/cmTC_6bbd1.dir/linklibs.rsp
gmake[1]: Leaving directory '/home/taiwei/code/myBeijingHell/build-windows/CMakeFiles/CMakeTmp'


File /home/taiwei/code/myBeijingHell/build-windows/CMakeFiles/CMakeTmp/CheckSymbolExists.c:
/* */
#include <stddef.h>
#include <stdarg.h>
#include <stdlib.h>
#include <string.h>
#include <stdio.h>
#include <wchar.h>
#include <float.h>

int main(int argc, char** argv)
{
  (void)argv;
#ifndef strlen
  return ((int*)(&strlen))[argc];
#else
  (void)argc;
  return 0;
#endif
}
Determining if the _strrev exist passed with the following output:
Change Dir: /home/taiwei/code/myBeijingHell/build-windows/CMakeFiles/CMakeTmp

Run Build Command(s):/usr/bin/gmake -f Makefile cmTC_b642e/fast && /usr/bin/gmake  -f CMakeFiles/cmTC_b642e.dir/build.make CMakeFiles/cmTC_b642e.dir/build
gmake[1]: Entering directory '/home/taiwei/code/myBeijingHell/build-windows/CMakeFiles/CMakeTmp'
Building C object CMakeFiles/cmTC_b642e.dir/CheckSymbolExists.c.obj
/usr/bin/x86_64-w64-mingw32-gcc   -idirafter "/home/taiwei/code/myBeijingHell/external/SDL2/src/video/khronos"  -D_GNU_SOURCE=1 -o CMakeFiles/cmTC_b642e.dir/CheckSymbolExists.c.obj -c /home/taiwei/code/myBeijingHell/build-windows/CMakeFiles/CMakeTmp/CheckSymbolExists.c
Linking C executable cmTC_b642e.exe
/usr/bin/cmake -E cmake_link_script CMakeFiles/cmTC_b642e.dir/link.txt --verbose=1
/usr/bin/cmake -E rm -f CMakeFiles/cmTC_b642e.dir/objects.a
/usr/bin/x86_64-w64-mingw32-ar qc CMakeFiles/cmTC_b642e.dir/objects.a @CMakeFiles/cmTC_b642e.dir/objects1.rsp
/usr/bin/x86_64-w64-mingw32-gcc  -idirafter "/home/taiwei/code/myBeijingHell/external/SDL2/src/video/khronos"  -D_GNU_SOURCE=1 -Wl,--whole-archive CMakeFiles/cmTC_b642e.dir/objects.a -Wl,--no-whole-archive -o cmTC_b642e.exe -Wl,--out-implib,libcmTC_b642e.dll.a -Wl,--major-image-version,0,--minor-image-version,0 @CMakeFiles/cmTC_b642e.dir/linklibs.rsp
gmake[1]: Leaving directory '/home/taiwei/code/myBeijingHell/build-windows/CMakeFiles/CMakeTmp'


File /home/taiwei/code/myBeijingHell/build-windows/CMakeFiles/CMakeTmp/CheckSymbolExists.c:
/* */
#include <stddef.h>
#include <stdarg.h>
#include <stdlib.h>
#include <string.h>
#include <stdio.h>
#include <wchar.h>
#include <float.h>

int main(int argc, char** argv)
{
  (void)argv;
#ifndef _strrev
  return ((int*)(&_strrev))[argc];
#else
  (void)argc;
  return 0;
#endif
}
Determining if the _strupr exist passed with the following output:
Change Dir: /home/taiwei/code/myBeijingHell/build-windows/CMakeFiles/CMakeTmp

Run Build Command(s):/usr/bin/gmake -f Makefile cmTC_d09e8/fast && /usr/bin/gmake  -f CMakeFiles/cmTC_d09e8.dir/build.make CMakeFiles/cmTC_d09e8.dir/build
gmake[1]: Entering directory '/home/taiwei/code/myBeijingHell/build-windows/CMakeFiles/CMakeTmp'
Building C object CMakeFiles/cmTC_d09e8.dir/CheckSymbolExists.c.obj
/usr/bin/x86_64-w64-mingw32-gcc   -idirafter "/home/taiwei/code/myBeijingHell/external/SDL2/src/video/khronos"  -D_GNU_SOURCE=1 -o CMakeFiles/cmTC_d09e8.dir/CheckSymbolExists.c.obj -c /home/taiwei/code/myBeijingHell/build-windows/CMakeFiles/CMakeTmp/CheckSymbolExists.c
Linking C executable cmTC_d09e8.exe
/usr/bin/cmake -E cmake_link_script CMakeFiles/cmTC_d09e8.dir/link.txt --verbose=1
/usr/bin/cmake -E rm -f CMakeFiles/cmTC_d09e8.dir/objects.a
/usr/bin/x86_64-w64-mingw32-ar qc CMakeFiles/cmTC_d09e8.dir/objects.a @CMakeFiles/cmTC_d09e8.dir/objects1.rsp
/usr/bin/x86_64-w64-mingw32-gcc  -idirafter "/home/taiwei/code/myBeijingHell/external/SDL2/src/video/khronos"  -D_GNU_SOURCE=1 -Wl,--whole-archive CMakeFiles/cmTC_d09e8.dir/objects.a -Wl,--no-whole-archive -o cmTC_d09e8.exe -Wl,--out-implib,libcmTC_d09e8.dll.a -Wl,--major-image-version,0,--minor-image-version,0 @CMakeFiles/cmTC_d09e8.dir/linklibs.rsp
gmake[1]: Leaving directory '/home/taiwei/code/myBeijingHell/build-windows/CMakeFiles/CMakeTmp'


File /home/taiwei/code/myBeijingHell/build-windows/CMakeFiles/CMakeTmp/CheckSymbolExists.c:
/* */
#include <stddef.h>
#include <stdarg.h>
#include <stdlib.h>
#include <string.h>
#include <stdio.h>
#include <wchar.h>
#include <float.h>

int main(int argc, char** argv)
{
  (void)argv;
#ifndef _strupr
  return ((int*)(&_strupr))[argc];
#else
  (void)argc;
  return 0;
#endif
}
Determining if the _strlwr exist passed with the following output:
Change Dir: /home/taiwei/code/myBeijingHell/build-windows/CMakeFiles/CMakeTmp

Run Build Command(s):/usr/bin/gmake -f Makefile cmTC_6b434/fast && /usr/bin/gmake  -f CMakeFiles/cmTC_6b434.dir/build.make CMakeFiles/cmTC_6b434.dir/build
gmake[1]: Entering directory '/home/taiwei/code/myBeijingHell/build-windows/CMakeFiles/CMakeTmp'
Building C object CMakeFiles/cmTC_6b434.dir/CheckSymbolExists.c.obj
/usr/bin/x86_64-w64-mingw32-gcc   -idirafter "/home/taiwei/code/myBeijingHell/external/SDL2/src/video/khronos"  -D_GNU_SOURCE=1 -o CMakeFiles/cmTC_6b434.dir/CheckSymbolExists.c.obj -c /home/taiwei/code/myBeijingHell/build-windows/CMakeFiles/CMakeTmp/CheckSymbolExists.c
Linking C executable cmTC_6b434.exe
/usr/bin/cmake -E cmake_link_script CMakeFiles/cmTC_6b434.dir/link.txt --verbose=1
/usr/bin/cmake -E rm -f CMakeFiles/cmTC_6b434.dir/objects.a
/usr/bin/x86_64-w64-mingw32-ar qc CMakeFiles/cmTC_6b434.dir/objects.a @CMakeFiles/cmTC_6b434.dir/objects1.rsp
/usr/bin/x86_64-w64-mingw32-gcc  -idirafter "/home/taiwei/code/myBeijingHell/external/SDL2/src/video/khronos"  -D_GNU_SOURCE=1 -Wl,--whole-archive CMakeFiles/cmTC_6b434.dir/objects.a -Wl,--no-whole-archive -o cmTC_6b434.exe -Wl,--out-implib,libcmTC_6b434.dll.a -Wl,--major-image-version,0,--minor-image-version,0 @CMakeFiles/cmTC_6b434.dir/linklibs.rsp
gmake[1]: Leaving directory '/home/taiwei/code/myBeijingHell/build-windows/CMakeFiles/CMakeTmp'


File /home/taiwei/code/myBeijingHell/build-windows/CMakeFiles/CMakeTmp/CheckSymbolExists.c:
/* */
#include <stddef.h>
#include <stdarg.h>
#include <stdlib.h>
#include <string.h>
#include <stdio.h>
#include <wchar.h>
#include <float.h>

int main(int argc, char** argv)
{
  (void)argv;
#ifndef _strlwr
  return ((int*)(&_strlwr))[argc];
#else
  (void)argc;
  return 0;
#endif
}
Determining if the strchr exist passed with the following output:
Change Dir: /home/taiwei/code/myBeijingHell/build-windows/CMakeFiles/CMakeTmp

Run Build Command(s):/usr/bin/gmake -f Makefile cmTC_7e097/fast && /usr/bin/gmake  -f CMakeFiles/cmTC_7e097.dir/build.make CMakeFiles/cmTC_7e097.dir/build
gmake[1]: Entering directory '/home/taiwei/code/myBeijingHell/build-windows/CMakeFiles/CMakeTmp'
Building C object CMakeFiles/cmTC_7e097.dir/CheckSymbolExists.c.obj
/usr/bin/x86_64-w64-mingw32-gcc   -idirafter "/home/taiwei/code/myBeijingHell/external/SDL2/src/video/khronos"  -D_GNU_SOURCE=1 -o CMakeFiles/cmTC_7e097.dir/CheckSymbolExists.c.obj -c /home/taiwei/code/myBeijingHell/build-windows/CMakeFiles/CMakeTmp/CheckSymbolExists.c
Linking C executable cmTC_7e097.exe
/usr/bin/cmake -E cmake_link_script CMakeFiles/cmTC_7e097.dir/link.txt --verbose=1
/usr/bin/cmake -E rm -f CMakeFiles/cmTC_7e097.dir/objects.a
/usr/bin/x86_64-w64-mingw32-ar qc CMakeFiles/cmTC_7e097.dir/objects.a @CMakeFiles/cmTC_7e097.dir/objects1.rsp
/usr/bin/x86_64-w64-mingw32-gcc  -idirafter "/home/taiwei/code/myBeijingHell/external/SDL2/src/video/khronos"  -D_GNU_SOURCE=1 -Wl,--whole-archive CMakeFiles/cmTC_7e097.dir/objects.a -Wl,--no-whole-archive -o cmTC_7e097.exe -Wl,--out-implib,libcmTC_7e097.dll.a -Wl,--major-image-version,0,--minor-image-version,0 @CMakeFiles/cmTC_7e097.dir/linklibs.rsp
gmake[1]: Leaving directory '/home/taiwei/code/myBeijingHell/build-windows/CMakeFiles/CMakeTmp'


File /home/taiwei/code/myBeijingHell/build-windows/CMakeFiles/CMakeTmp/CheckSymbolExists.c:
/* */
#include <stddef.h>
#include <stdarg.h>
#include <stdlib.h>
#include <string.h>
#include <stdio.h>
#include <wchar.h>
#include <float.h>

int main(int argc, char** argv)
{
  (void)argv;
#ifndef strchr
  return ((int*)(&strchr))[argc];
#else
  (void)argc;
  return 0;
#endif
}
Determining if the strrchr exist passed with the following output:
Change Dir: /home/taiwei/code/myBeijingHell/build-windows/CMakeFiles/CMakeTmp

Run Build Command(s):/usr/bin/gmake -f Makefile cmTC_6918d/fast && /usr/bin/gmake  -f CMakeFiles/cmTC_6918d.dir/build.make CMakeFiles/cmTC_6918d.dir/build
gmake[1]: Entering directory '/home/taiwei/code/myBeijingHell/build-windows/CMakeFiles/CMakeTmp'
Building C object CMakeFiles/cmTC_6918d.dir/CheckSymbolExists.c.obj
/usr/bin/x86_64-w64-mingw32-gcc   -idirafter "/home/taiwei/code/myBeijingHell/external/SDL2/src/video/khronos"  -D_GNU_SOURCE=1 -o CMakeFiles/cmTC_6918d.dir/CheckSymbolExists.c.obj -c /home/taiwei/code/myBeijingHell/build-windows/CMakeFiles/CMakeTmp/CheckSymbolExists.c
Linking C executable cmTC_6918d.exe
/usr/bin/cmake -E cmake_link_script CMakeFiles/cmTC_6918d.dir/link.txt --verbose=1
/usr/bin/cmake -E rm -f CMakeFiles/cmTC_6918d.dir/objects.a
/usr/bin/x86_64-w64-mingw32-ar qc CMakeFiles/cmTC_6918d.dir/objects.a @CMakeFiles/cmTC_6918d.dir/objects1.rsp
/usr/bin/x86_64-w64-mingw32-gcc  -idirafter "/home/taiwei/code/myBeijingHell/external/SDL2/src/video/khronos"  -D_GNU_SOURCE=1 -Wl,--whole-archive CMakeFiles/cmTC_6918d.dir/objects.a -Wl,--no-whole-archive -o cmTC_6918d.exe -Wl,--out-implib,libcmTC_6918d.dll.a -Wl,--major-image-version,0,--minor-image-version,0 @CMakeFiles/cmTC_6918d.dir/linklibs.rsp
gmake[1]: Leaving directory '/home/taiwei/code/myBeijingHell/build-windows/CMakeFiles/CMakeTmp'


File /home/taiwei/code/myBeijingHell/build-windows/CMakeFiles/CMakeTmp/CheckSymbolExists.c:
/* */
#include <stddef.h>
#include <stdarg.h>
#include <stdlib.h>
#include <string.h>
#include <stdio.h>
#include <wchar.h>
#include <float.h>

int main(int argc, char** argv)
{
  (void)argv;
#ifndef strrchr
  return ((int*)(&strrchr))[argc];
#else
  (void)argc;
  return 0;
#endif
}
Determining if the strstr exist passed with the following output:
Change Dir: /home/taiwei/code/myBeijingHell/build-windows/CMakeFiles/CMakeTmp

Run Build Command(s):/usr/bin/gmake -f Makefile cmTC_13754/fast && /usr/bin/gmake  -f CMakeFiles/cmTC_13754.dir/build.make CMakeFiles/cmTC_13754.dir/build
gmake[1]: Entering directory '/home/taiwei/code/myBeijingHell/build-windows/CMakeFiles/CMakeTmp'
Building C object CMakeFiles/cmTC_13754.dir/CheckSymbolExists.c.obj
/usr/bin/x86_64-w64-mingw32-gcc   -idirafter "/home/taiwei/code/myBeijingHell/external/SDL2/src/video/khronos"  -D_GNU_SOURCE=1 -o CMakeFiles/cmTC_13754.dir/CheckSymbolExists.c.obj -c /home/taiwei/code/myBeijingHell/build-windows/CMakeFiles/CMakeTmp/CheckSymbolExists.c
Linking C executable cmTC_13754.exe
/usr/bin/cmake -E cmake_link_script CMakeFiles/cmTC_13754.dir/link.txt --verbose=1
/usr/bin/cmake -E rm -f CMakeFiles/cmTC_13754.dir/objects.a
/usr/bin/x86_64-w64-mingw32-ar qc CMakeFiles/cmTC_13754.dir/objects.a @CMakeFiles/cmTC_13754.dir/objects1.rsp
/usr/bin/x86_64-w64-mingw32-gcc  -idirafter "/home/taiwei/code/myBeijingHell/external/SDL2/src/video/khronos"  -D_GNU_SOURCE=1 -Wl,--whole-archive CMakeFiles/cmTC_13754.dir/objects.a -Wl,--no-whole-archive -o cmTC_13754.exe -Wl,--out-implib,libcmTC_13754.dll.a -Wl,--major-image-version,0,--minor-image-version,0 @CMakeFiles/cmTC_13754.dir/linklibs.rsp
gmake[1]: Leaving directory '/home/taiwei/code/myBeijingHell/build-windows/CMakeFiles/CMakeTmp'


File /home/taiwei/code/myBeijingHell/build-windows/CMakeFiles/CMakeTmp/CheckSymbolExists.c:
/* */
#include <stddef.h>
#include <stdarg.h>
#include <stdlib.h>
#include <string.h>
#include <stdio.h>
#include <wchar.h>
#include <float.h>

int main(int argc, char** argv)
{
  (void)argv;
#ifndef strstr
  return ((int*)(&strstr))[argc];
#else
  (void)argc;
  return 0;
#endif
}
Determining if the strtok_r exist passed with the following output:
Change Dir: /home/taiwei/code/myBeijingHell/build-windows/CMakeFiles/CMakeTmp

Run Build Command(s):/usr/bin/gmake -f Makefile cmTC_92459/fast && /usr/bin/gmake  -f CMakeFiles/cmTC_92459.dir/build.make CMakeFiles/cmTC_92459.dir/build
gmake[1]: Entering directory '/home/taiwei/code/myBeijingHell/build-windows/CMakeFiles/CMakeTmp'
Building C object CMakeFiles/cmTC_92459.dir/CheckSymbolExists.c.obj
/usr/bin/x86_64-w64-mingw32-gcc   -idirafter "/home/taiwei/code/myBeijingHell/external/SDL2/src/video/khronos"  -D_GNU_SOURCE=1 -o CMakeFiles/cmTC_92459.dir/CheckSymbolExists.c.obj -c /home/taiwei/code/myBeijingHell/build-windows/CMakeFiles/CMakeTmp/CheckSymbolExists.c
Linking C executable cmTC_92459.exe
/usr/bin/cmake -E cmake_link_script CMakeFiles/cmTC_92459.dir/link.txt --verbose=1
/usr/bin/cmake -E rm -f CMakeFiles/cmTC_92459.dir/objects.a
/usr/bin/x86_64-w64-mingw32-ar qc CMakeFiles/cmTC_92459.dir/objects.a @CMakeFiles/cmTC_92459.dir/objects1.rsp
/usr/bin/x86_64-w64-mingw32-gcc  -idirafter "/home/taiwei/code/myBeijingHell/external/SDL2/src/video/khronos"  -D_GNU_SOURCE=1 -Wl,--whole-archive CMakeFiles/cmTC_92459.dir/objects.a -Wl,--no-whole-archive -o cmTC_92459.exe -Wl,--out-implib,libcmTC_92459.dll.a -Wl,--major-image-version,0,--minor-image-version,0 @CMakeFiles/cmTC_92459.dir/linklibs.rsp
gmake[1]: Leaving directory '/home/taiwei/code/myBeijingHell/build-windows/CMakeFiles/CMakeTmp'


File /home/taiwei/code/myBeijingHell/build-windows/CMakeFiles/CMakeTmp/CheckSymbolExists.c:
/* */
#include <stddef.h>
#include <stdarg.h>
#include <stdlib.h>
#include <string.h>
#include <stdio.h>
#include <wchar.h>
#include <float.h>

int main(int argc, char** argv)
{
  (void)argv;
#ifndef strtok_r
  return ((int*)(&strtok_r))[argc];
#else
  (void)argc;
  return 0;
#endif
}
Determining if the itoa exist passed with the following output:
Change Dir: /home/taiwei/code/myBeijingHell/build-windows/CMakeFiles/CMakeTmp

Run Build Command(s):/usr/bin/gmake -f Makefile cmTC_4a67b/fast && /usr/bin/gmake  -f CMakeFiles/cmTC_4a67b.dir/build.make CMakeFiles/cmTC_4a67b.dir/build
gmake[1]: Entering directory '/home/taiwei/code/myBeijingHell/build-windows/CMakeFiles/CMakeTmp'
Building C object CMakeFiles/cmTC_4a67b.dir/CheckSymbolExists.c.obj
/usr/bin/x86_64-w64-mingw32-gcc   -idirafter "/home/taiwei/code/myBeijingHell/external/SDL2/src/video/khronos"  -D_GNU_SOURCE=1 -o CMakeFiles/cmTC_4a67b.dir/CheckSymbolExists.c.obj -c /home/taiwei/code/myBeijingHell/build-windows/CMakeFiles/CMakeTmp/CheckSymbolExists.c
Linking C executable cmTC_4a67b.exe
/usr/bin/cmake -E cmake_link_script CMakeFiles/cmTC_4a67b.dir/link.txt --verbose=1
/usr/bin/cmake -E rm -f CMakeFiles/cmTC_4a67b.dir/objects.a
/usr/bin/x86_64-w64-mingw32-ar qc CMakeFiles/cmTC_4a67b.dir/objects.a @CMakeFiles/cmTC_4a67b.dir/objects1.rsp
/usr/bin/x86_64-w64-mingw32-gcc  -idirafter "/home/taiwei/code/myBeijingHell/external/SDL2/src/video/khronos"  -D_GNU_SOURCE=1 -Wl,--whole-archive CMakeFiles/cmTC_4a67b.dir/objects.a -Wl,--no-whole-archive -o cmTC_4a67b.exe -Wl,--out-implib,libcmTC_4a67b.dll.a -Wl,--major-image-version,0,--minor-image-version,0 @CMakeFiles/cmTC_4a67b.dir/linklibs.rsp
gmake[1]: Leaving directory '/home/taiwei/code/myBeijingHell/build-windows/CMakeFiles/CMakeTmp'


File /home/taiwei/code/myBeijingHell/build-windows/CMakeFiles/CMakeTmp/CheckSymbolExists.c:
/* */
#include <stddef.h>
#include <stdarg.h>
#include <stdlib.h>
#include <string.h>
#include <stdio.h>
#include <wchar.h>
#include <float.h>

int main(int argc, char** argv)
{
  (void)argv;
#ifndef itoa
  return ((int*)(&itoa))[argc];
#else
  (void)argc;
  return 0;
#endif
}
Determining if the _ltoa exist passed with the following output:
Change Dir: /home/taiwei/code/myBeijingHell/build-windows/CMakeFiles/CMakeTmp

Run Build Command(s):/usr/bin/gmake -f Makefile cmTC_25381/fast && /usr/bin/gmake  -f CMakeFiles/cmTC_25381.dir/build.make CMakeFiles/cmTC_25381.dir/build
gmake[1]: Entering directory '/home/taiwei/code/myBeijingHell/build-windows/CMakeFiles/CMakeTmp'
Building C object CMakeFiles/cmTC_25381.dir/CheckSymbolExists.c.obj
/usr/bin/x86_64-w64-mingw32-gcc   -idirafter "/home/taiwei/code/myBeijingHell/external/SDL2/src/video/khronos"  -D_GNU_SOURCE=1 -o CMakeFiles/cmTC_25381.dir/CheckSymbolExists.c.obj -c /home/taiwei/code/myBeijingHell/build-windows/CMakeFiles/CMakeTmp/CheckSymbolExists.c
Linking C executable cmTC_25381.exe
/usr/bin/cmake -E cmake_link_script CMakeFiles/cmTC_25381.dir/link.txt --verbose=1
/usr/bin/cmake -E rm -f CMakeFiles/cmTC_25381.dir/objects.a
/usr/bin/x86_64-w64-mingw32-ar qc CMakeFiles/cmTC_25381.dir/objects.a @CMakeFiles/cmTC_25381.dir/objects1.rsp
/usr/bin/x86_64-w64-mingw32-gcc  -idirafter "/home/taiwei/code/myBeijingHell/external/SDL2/src/video/khronos"  -D_GNU_SOURCE=1 -Wl,--whole-archive CMakeFiles/cmTC_25381.dir/objects.a -Wl,--no-whole-archive -o cmTC_25381.exe -Wl,--out-implib,libcmTC_25381.dll.a -Wl,--major-image-version,0,--minor-image-version,0 @CMakeFiles/cmTC_25381.dir/linklibs.rsp
gmake[1]: Leaving directory '/home/taiwei/code/myBeijingHell/build-windows/CMakeFiles/CMakeTmp'


File /home/taiwei/code/myBeijingHell/build-windows/CMakeFiles/CMakeTmp/CheckSymbolExists.c:
/* */
#include <stddef.h>
#include <stdarg.h>
#include <stdlib.h>
#include <string.h>
#include <stdio.h>
#include <wchar.h>
#include <float.h>

int main(int argc, char** argv)
{
  (void)argv;
#ifndef _ltoa
  return ((int*)(&_ltoa))[argc];
#else
  (void)argc;
  return 0;
#endif
}
Determining if the _ultoa exist passed with the following output:
Change Dir: /home/taiwei/code/myBeijingHell/build-windows/CMakeFiles/CMakeTmp

Run Build Command(s):/usr/bin/gmake -f Makefile cmTC_aa905/fast && /usr/bin/gmake  -f CMakeFiles/cmTC_aa905.dir/build.make CMakeFiles/cmTC_aa905.dir/build
gmake[1]: Entering directory '/home/taiwei/code/myBeijingHell/build-windows/CMakeFiles/CMakeTmp'
Building C object CMakeFiles/cmTC_aa905.dir/CheckSymbolExists.c.obj
/usr/bin/x86_64-w64-mingw32-gcc   -idirafter "/home/taiwei/code/myBeijingHell/external/SDL2/src/video/khronos"  -D_GNU_SOURCE=1 -o CMakeFiles/cmTC_aa905.dir/CheckSymbolExists.c.obj -c /home/taiwei/code/myBeijingHell/build-windows/CMakeFiles/CMakeTmp/CheckSymbolExists.c
Linking C executable cmTC_aa905.exe
/usr/bin/cmake -E cmake_link_script CMakeFiles/cmTC_aa905.dir/link.txt --verbose=1
/usr/bin/cmake -E rm -f CMakeFiles/cmTC_aa905.dir/objects.a
/usr/bin/x86_64-w64-mingw32-ar qc CMakeFiles/cmTC_aa905.dir/objects.a @CMakeFiles/cmTC_aa905.dir/objects1.rsp
/usr/bin/x86_64-w64-mingw32-gcc  -idirafter "/home/taiwei/code/myBeijingHell/external/SDL2/src/video/khronos"  -D_GNU_SOURCE=1 -Wl,--whole-archive CMakeFiles/cmTC_aa905.dir/objects.a -Wl,--no-whole-archive -o cmTC_aa905.exe -Wl,--out-implib,libcmTC_aa905.dll.a -Wl,--major-image-version,0,--minor-image-version,0 @CMakeFiles/cmTC_aa905.dir/linklibs.rsp
gmake[1]: Leaving directory '/home/taiwei/code/myBeijingHell/build-windows/CMakeFiles/CMakeTmp'


File /home/taiwei/code/myBeijingHell/build-windows/CMakeFiles/CMakeTmp/CheckSymbolExists.c:
/* */
#include <stddef.h>
#include <stdarg.h>
#include <stdlib.h>
#include <string.h>
#include <stdio.h>
#include <wchar.h>
#include <float.h>

int main(int argc, char** argv)
{
  (void)argv;
#ifndef _ultoa
  return ((int*)(&_ultoa))[argc];
#else
  (void)argc;
  return 0;
#endif
}
Determining if the strtol exist passed with the following output:
Change Dir: /home/taiwei/code/myBeijingHell/build-windows/CMakeFiles/CMakeTmp

Run Build Command(s):/usr/bin/gmake -f Makefile cmTC_63b22/fast && /usr/bin/gmake  -f CMakeFiles/cmTC_63b22.dir/build.make CMakeFiles/cmTC_63b22.dir/build
gmake[1]: Entering directory '/home/taiwei/code/myBeijingHell/build-windows/CMakeFiles/CMakeTmp'
Building C object CMakeFiles/cmTC_63b22.dir/CheckSymbolExists.c.obj
/usr/bin/x86_64-w64-mingw32-gcc   -idirafter "/home/taiwei/code/myBeijingHell/external/SDL2/src/video/khronos"  -D_GNU_SOURCE=1 -o CMakeFiles/cmTC_63b22.dir/CheckSymbolExists.c.obj -c /home/taiwei/code/myBeijingHell/build-windows/CMakeFiles/CMakeTmp/CheckSymbolExists.c
Linking C executable cmTC_63b22.exe
/usr/bin/cmake -E cmake_link_script CMakeFiles/cmTC_63b22.dir/link.txt --verbose=1
/usr/bin/cmake -E rm -f CMakeFiles/cmTC_63b22.dir/objects.a
/usr/bin/x86_64-w64-mingw32-ar qc CMakeFiles/cmTC_63b22.dir/objects.a @CMakeFiles/cmTC_63b22.dir/objects1.rsp
/usr/bin/x86_64-w64-mingw32-gcc  -idirafter "/home/taiwei/code/myBeijingHell/external/SDL2/src/video/khronos"  -D_GNU_SOURCE=1 -Wl,--whole-archive CMakeFiles/cmTC_63b22.dir/objects.a -Wl,--no-whole-archive -o cmTC_63b22.exe -Wl,--out-implib,libcmTC_63b22.dll.a -Wl,--major-image-version,0,--minor-image-version,0 @CMakeFiles/cmTC_63b22.dir/linklibs.rsp
gmake[1]: Leaving directory '/home/taiwei/code/myBeijingHell/build-windows/CMakeFiles/CMakeTmp'


File /home/taiwei/code/myBeijingHell/build-windows/CMakeFiles/CMakeTmp/CheckSymbolExists.c:
/* */
#include <stddef.h>
#include <stdarg.h>
#include <stdlib.h>
#include <string.h>
#include <stdio.h>
#include <wchar.h>
#include <float.h>

int main(int argc, char** argv)
{
  (void)argv;
#ifndef strtol
  return ((int*)(&strtol))[argc];
#else
  (void)argc;
  return 0;
#endif
}
Determining if the strtoul exist passed with the following output:
Change Dir: /home/taiwei/code/myBeijingHell/build-windows/CMakeFiles/CMakeTmp

Run Build Command(s):/usr/bin/gmake -f Makefile cmTC_485ca/fast && /usr/bin/gmake  -f CMakeFiles/cmTC_485ca.dir/build.make CMakeFiles/cmTC_485ca.dir/build
gmake[1]: Entering directory '/home/taiwei/code/myBeijingHell/build-windows/CMakeFiles/CMakeTmp'
Building C object CMakeFiles/cmTC_485ca.dir/CheckSymbolExists.c.obj
/usr/bin/x86_64-w64-mingw32-gcc   -idirafter "/home/taiwei/code/myBeijingHell/external/SDL2/src/video/khronos"  -D_GNU_SOURCE=1 -o CMakeFiles/cmTC_485ca.dir/CheckSymbolExists.c.obj -c /home/taiwei/code/myBeijingHell/build-windows/CMakeFiles/CMakeTmp/CheckSymbolExists.c
Linking C executable cmTC_485ca.exe
/usr/bin/cmake -E cmake_link_script CMakeFiles/cmTC_485ca.dir/link.txt --verbose=1
/usr/bin/cmake -E rm -f CMakeFiles/cmTC_485ca.dir/objects.a
/usr/bin/x86_64-w64-mingw32-ar qc CMakeFiles/cmTC_485ca.dir/objects.a @CMakeFiles/cmTC_485ca.dir/objects1.rsp
/usr/bin/x86_64-w64-mingw32-gcc  -idirafter "/home/taiwei/code/myBeijingHell/external/SDL2/src/video/khronos"  -D_GNU_SOURCE=1 -Wl,--whole-archive CMakeFiles/cmTC_485ca.dir/objects.a -Wl,--no-whole-archive -o cmTC_485ca.exe -Wl,--out-implib,libcmTC_485ca.dll.a -Wl,--major-image-version,0,--minor-image-version,0 @CMakeFiles/cmTC_485ca.dir/linklibs.rsp
gmake[1]: Leaving directory '/home/taiwei/code/myBeijingHell/build-windows/CMakeFiles/CMakeTmp'


File /home/taiwei/code/myBeijingHell/build-windows/CMakeFiles/CMakeTmp/CheckSymbolExists.c:
/* */
#include <stddef.h>
#include <stdarg.h>
#include <stdlib.h>
#include <string.h>
#include <stdio.h>
#include <wchar.h>
#include <float.h>

int main(int argc, char** argv)
{
  (void)argv;
#ifndef strtoul
  return ((int*)(&strtoul))[argc];
#else
  (void)argc;
  return 0;
#endif
}
Determining if the _i64toa exist passed with the following output:
Change Dir: /home/taiwei/code/myBeijingHell/build-windows/CMakeFiles/CMakeTmp

Run Build Command(s):/usr/bin/gmake -f Makefile cmTC_300f0/fast && /usr/bin/gmake  -f CMakeFiles/cmTC_300f0.dir/build.make CMakeFiles/cmTC_300f0.dir/build
gmake[1]: Entering directory '/home/taiwei/code/myBeijingHell/build-windows/CMakeFiles/CMakeTmp'
Building C object CMakeFiles/cmTC_300f0.dir/CheckSymbolExists.c.obj
/usr/bin/x86_64-w64-mingw32-gcc   -idirafter "/home/taiwei/code/myBeijingHell/external/SDL2/src/video/khronos"  -D_GNU_SOURCE=1 -o CMakeFiles/cmTC_300f0.dir/CheckSymbolExists.c.obj -c /home/taiwei/code/myBeijingHell/build-windows/CMakeFiles/CMakeTmp/CheckSymbolExists.c
Linking C executable cmTC_300f0.exe
/usr/bin/cmake -E cmake_link_script CMakeFiles/cmTC_300f0.dir/link.txt --verbose=1
/usr/bin/cmake -E rm -f CMakeFiles/cmTC_300f0.dir/objects.a
/usr/bin/x86_64-w64-mingw32-ar qc CMakeFiles/cmTC_300f0.dir/objects.a @CMakeFiles/cmTC_300f0.dir/objects1.rsp
/usr/bin/x86_64-w64-mingw32-gcc  -idirafter "/home/taiwei/code/myBeijingHell/external/SDL2/src/video/khronos"  -D_GNU_SOURCE=1 -Wl,--whole-archive CMakeFiles/cmTC_300f0.dir/objects.a -Wl,--no-whole-archive -o cmTC_300f0.exe -Wl,--out-implib,libcmTC_300f0.dll.a -Wl,--major-image-version,0,--minor-image-version,0 @CMakeFiles/cmTC_300f0.dir/linklibs.rsp
gmake[1]: Leaving directory '/home/taiwei/code/myBeijingHell/build-windows/CMakeFiles/CMakeTmp'


File /home/taiwei/code/myBeijingHell/build-windows/CMakeFiles/CMakeTmp/CheckSymbolExists.c:
/* */
#include <stddef.h>
#include <stdarg.h>
#include <stdlib.h>
#include <string.h>
#include <stdio.h>
#include <wchar.h>
#include <float.h>

int main(int argc, char** argv)
{
  (void)argv;
#ifndef _i64toa
  return ((int*)(&_i64toa))[argc];
#else
  (void)argc;
  return 0;
#endif
}
Determining if the _ui64toa exist passed with the following output:
Change Dir: /home/taiwei/code/myBeijingHell/build-windows/CMakeFiles/CMakeTmp

Run Build Command(s):/usr/bin/gmake -f Makefile cmTC_d8a82/fast && /usr/bin/gmake  -f CMakeFiles/cmTC_d8a82.dir/build.make CMakeFiles/cmTC_d8a82.dir/build
gmake[1]: Entering directory '/home/taiwei/code/myBeijingHell/build-windows/CMakeFiles/CMakeTmp'
Building C object CMakeFiles/cmTC_d8a82.dir/CheckSymbolExists.c.obj
/usr/bin/x86_64-w64-mingw32-gcc   -idirafter "/home/taiwei/code/myBeijingHell/external/SDL2/src/video/khronos"  -D_GNU_SOURCE=1 -o CMakeFiles/cmTC_d8a82.dir/CheckSymbolExists.c.obj -c /home/taiwei/code/myBeijingHell/build-windows/CMakeFiles/CMakeTmp/CheckSymbolExists.c
Linking C executable cmTC_d8a82.exe
/usr/bin/cmake -E cmake_link_script CMakeFiles/cmTC_d8a82.dir/link.txt --verbose=1
/usr/bin/cmake -E rm -f CMakeFiles/cmTC_d8a82.dir/objects.a
/usr/bin/x86_64-w64-mingw32-ar qc CMakeFiles/cmTC_d8a82.dir/objects.a @CMakeFiles/cmTC_d8a82.dir/objects1.rsp
/usr/bin/x86_64-w64-mingw32-gcc  -idirafter "/home/taiwei/code/myBeijingHell/external/SDL2/src/video/khronos"  -D_GNU_SOURCE=1 -Wl,--whole-archive CMakeFiles/cmTC_d8a82.dir/objects.a -Wl,--no-whole-archive -o cmTC_d8a82.exe -Wl,--out-implib,libcmTC_d8a82.dll.a -Wl,--major-image-version,0,--minor-image-version,0 @CMakeFiles/cmTC_d8a82.dir/linklibs.rsp
gmake[1]: Leaving directory '/home/taiwei/code/myBeijingHell/build-windows/CMakeFiles/CMakeTmp'


File /home/taiwei/code/myBeijingHell/build-windows/CMakeFiles/CMakeTmp/CheckSymbolExists.c:
/* */
#include <stddef.h>
#include <stdarg.h>
#include <stdlib.h>
#include <string.h>
#include <stdio.h>
#include <wchar.h>
#include <float.h>

int main(int argc, char** argv)
{
  (void)argv;
#ifndef _ui64toa
  return ((int*)(&_ui64toa))[argc];
#else
  (void)argc;
  return 0;
#endif
}
Determining if the strtoll exist passed with the following output:
Change Dir: /home/taiwei/code/myBeijingHell/build-windows/CMakeFiles/CMakeTmp

Run Build Command(s):/usr/bin/gmake -f Makefile cmTC_c5f68/fast && /usr/bin/gmake  -f CMakeFiles/cmTC_c5f68.dir/build.make CMakeFiles/cmTC_c5f68.dir/build
gmake[1]: Entering directory '/home/taiwei/code/myBeijingHell/build-windows/CMakeFiles/CMakeTmp'
Building C object CMakeFiles/cmTC_c5f68.dir/CheckSymbolExists.c.obj
/usr/bin/x86_64-w64-mingw32-gcc   -idirafter "/home/taiwei/code/myBeijingHell/external/SDL2/src/video/khronos"  -D_GNU_SOURCE=1 -o CMakeFiles/cmTC_c5f68.dir/CheckSymbolExists.c.obj -c /home/taiwei/code/myBeijingHell/build-windows/CMakeFiles/CMakeTmp/CheckSymbolExists.c
Linking C executable cmTC_c5f68.exe
/usr/bin/cmake -E cmake_link_script CMakeFiles/cmTC_c5f68.dir/link.txt --verbose=1
/usr/bin/cmake -E rm -f CMakeFiles/cmTC_c5f68.dir/objects.a
/usr/bin/x86_64-w64-mingw32-ar qc CMakeFiles/cmTC_c5f68.dir/objects.a @CMakeFiles/cmTC_c5f68.dir/objects1.rsp
/usr/bin/x86_64-w64-mingw32-gcc  -idirafter "/home/taiwei/code/myBeijingHell/external/SDL2/src/video/khronos"  -D_GNU_SOURCE=1 -Wl,--whole-archive CMakeFiles/cmTC_c5f68.dir/objects.a -Wl,--no-whole-archive -o cmTC_c5f68.exe -Wl,--out-implib,libcmTC_c5f68.dll.a -Wl,--major-image-version,0,--minor-image-version,0 @CMakeFiles/cmTC_c5f68.dir/linklibs.rsp
gmake[1]: Leaving directory '/home/taiwei/code/myBeijingHell/build-windows/CMakeFiles/CMakeTmp'


File /home/taiwei/code/myBeijingHell/build-windows/CMakeFiles/CMakeTmp/CheckSymbolExists.c:
/* */
#include <stddef.h>
#include <stdarg.h>
#include <stdlib.h>
#include <string.h>
#include <stdio.h>
#include <wchar.h>
#include <float.h>

int main(int argc, char** argv)
{
  (void)argv;
#ifndef strtoll
  return ((int*)(&strtoll))[argc];
#else
  (void)argc;
  return 0;
#endif
}
Determining if the strtoull exist passed with the following output:
Change Dir: /home/taiwei/code/myBeijingHell/build-windows/CMakeFiles/CMakeTmp

Run Build Command(s):/usr/bin/gmake -f Makefile cmTC_d21a7/fast && /usr/bin/gmake  -f CMakeFiles/cmTC_d21a7.dir/build.make CMakeFiles/cmTC_d21a7.dir/build
gmake[1]: Entering directory '/home/taiwei/code/myBeijingHell/build-windows/CMakeFiles/CMakeTmp'
Building C object CMakeFiles/cmTC_d21a7.dir/CheckSymbolExists.c.obj
/usr/bin/x86_64-w64-mingw32-gcc   -idirafter "/home/taiwei/code/myBeijingHell/external/SDL2/src/video/khronos"  -D_GNU_SOURCE=1 -o CMakeFiles/cmTC_d21a7.dir/CheckSymbolExists.c.obj -c /home/taiwei/code/myBeijingHell/build-windows/CMakeFiles/CMakeTmp/CheckSymbolExists.c
Linking C executable cmTC_d21a7.exe
/usr/bin/cmake -E cmake_link_script CMakeFiles/cmTC_d21a7.dir/link.txt --verbose=1
/usr/bin/cmake -E rm -f CMakeFiles/cmTC_d21a7.dir/objects.a
/usr/bin/x86_64-w64-mingw32-ar qc CMakeFiles/cmTC_d21a7.dir/objects.a @CMakeFiles/cmTC_d21a7.dir/objects1.rsp
/usr/bin/x86_64-w64-mingw32-gcc  -idirafter "/home/taiwei/code/myBeijingHell/external/SDL2/src/video/khronos"  -D_GNU_SOURCE=1 -Wl,--whole-archive CMakeFiles/cmTC_d21a7.dir/objects.a -Wl,--no-whole-archive -o cmTC_d21a7.exe -Wl,--out-implib,libcmTC_d21a7.dll.a -Wl,--major-image-version,0,--minor-image-version,0 @CMakeFiles/cmTC_d21a7.dir/linklibs.rsp
gmake[1]: Leaving directory '/home/taiwei/code/myBeijingHell/build-windows/CMakeFiles/CMakeTmp'


File /home/taiwei/code/myBeijingHell/build-windows/CMakeFiles/CMakeTmp/CheckSymbolExists.c:
/* */
#include <stddef.h>
#include <stdarg.h>
#include <stdlib.h>
#include <string.h>
#include <stdio.h>
#include <wchar.h>
#include <float.h>

int main(int argc, char** argv)
{
  (void)argv;
#ifndef strtoull
  return ((int*)(&strtoull))[argc];
#else
  (void)argc;
  return 0;
#endif
}
Determining if the atoi exist passed with the following output:
Change Dir: /home/taiwei/code/myBeijingHell/build-windows/CMakeFiles/CMakeTmp

Run Build Command(s):/usr/bin/gmake -f Makefile cmTC_67793/fast && /usr/bin/gmake  -f CMakeFiles/cmTC_67793.dir/build.make CMakeFiles/cmTC_67793.dir/build
gmake[1]: Entering directory '/home/taiwei/code/myBeijingHell/build-windows/CMakeFiles/CMakeTmp'
Building C object CMakeFiles/cmTC_67793.dir/CheckSymbolExists.c.obj
/usr/bin/x86_64-w64-mingw32-gcc   -idirafter "/home/taiwei/code/myBeijingHell/external/SDL2/src/video/khronos"  -D_GNU_SOURCE=1 -o CMakeFiles/cmTC_67793.dir/CheckSymbolExists.c.obj -c /home/taiwei/code/myBeijingHell/build-windows/CMakeFiles/CMakeTmp/CheckSymbolExists.c
Linking C executable cmTC_67793.exe
/usr/bin/cmake -E cmake_link_script CMakeFiles/cmTC_67793.dir/link.txt --verbose=1
/usr/bin/cmake -E rm -f CMakeFiles/cmTC_67793.dir/objects.a
/usr/bin/x86_64-w64-mingw32-ar qc CMakeFiles/cmTC_67793.dir/objects.a @CMakeFiles/cmTC_67793.dir/objects1.rsp
/usr/bin/x86_64-w64-mingw32-gcc  -idirafter "/home/taiwei/code/myBeijingHell/external/SDL2/src/video/khronos"  -D_GNU_SOURCE=1 -Wl,--whole-archive CMakeFiles/cmTC_67793.dir/objects.a -Wl,--no-whole-archive -o cmTC_67793.exe -Wl,--out-implib,libcmTC_67793.dll.a -Wl,--major-image-version,0,--minor-image-version,0 @CMakeFiles/cmTC_67793.dir/linklibs.rsp
gmake[1]: Leaving directory '/home/taiwei/code/myBeijingHell/build-windows/CMakeFiles/CMakeTmp'


File /home/taiwei/code/myBeijingHell/build-windows/CMakeFiles/CMakeTmp/CheckSymbolExists.c:
/* */
#include <stddef.h>
#include <stdarg.h>
#include <stdlib.h>
#include <string.h>
#include <stdio.h>
#include <wchar.h>
#include <float.h>

int main(int argc, char** argv)
{
  (void)argv;
#ifndef atoi
  return ((int*)(&atoi))[argc];
#else
  (void)argc;
  return 0;
#endif
}
Determining if the atof exist passed with the following output:
Change Dir: /home/taiwei/code/myBeijingHell/build-windows/CMakeFiles/CMakeTmp

Run Build Command(s):/usr/bin/gmake -f Makefile cmTC_b4fbd/fast && /usr/bin/gmake  -f CMakeFiles/cmTC_b4fbd.dir/build.make CMakeFiles/cmTC_b4fbd.dir/build
gmake[1]: Entering directory '/home/taiwei/code/myBeijingHell/build-windows/CMakeFiles/CMakeTmp'
Building C object CMakeFiles/cmTC_b4fbd.dir/CheckSymbolExists.c.obj
/usr/bin/x86_64-w64-mingw32-gcc   -idirafter "/home/taiwei/code/myBeijingHell/external/SDL2/src/video/khronos"  -D_GNU_SOURCE=1 -o CMakeFiles/cmTC_b4fbd.dir/CheckSymbolExists.c.obj -c /home/taiwei/code/myBeijingHell/build-windows/CMakeFiles/CMakeTmp/CheckSymbolExists.c
Linking C executable cmTC_b4fbd.exe
/usr/bin/cmake -E cmake_link_script CMakeFiles/cmTC_b4fbd.dir/link.txt --verbose=1
/usr/bin/cmake -E rm -f CMakeFiles/cmTC_b4fbd.dir/objects.a
/usr/bin/x86_64-w64-mingw32-ar qc CMakeFiles/cmTC_b4fbd.dir/objects.a @CMakeFiles/cmTC_b4fbd.dir/objects1.rsp
/usr/bin/x86_64-w64-mingw32-gcc  -idirafter "/home/taiwei/code/myBeijingHell/external/SDL2/src/video/khronos"  -D_GNU_SOURCE=1 -Wl,--whole-archive CMakeFiles/cmTC_b4fbd.dir/objects.a -Wl,--no-whole-archive -o cmTC_b4fbd.exe -Wl,--out-implib,libcmTC_b4fbd.dll.a -Wl,--major-image-version,0,--minor-image-version,0 @CMakeFiles/cmTC_b4fbd.dir/linklibs.rsp
gmake[1]: Leaving directory '/home/taiwei/code/myBeijingHell/build-windows/CMakeFiles/CMakeTmp'


File /home/taiwei/code/myBeijingHell/build-windows/CMakeFiles/CMakeTmp/CheckSymbolExists.c:
/* */
#include <stddef.h>
#include <stdarg.h>
#include <stdlib.h>
#include <string.h>
#include <stdio.h>
#include <wchar.h>
#include <float.h>

int main(int argc, char** argv)
{
  (void)argv;
#ifndef atof
  return ((int*)(&atof))[argc];
#else
  (void)argc;
  return 0;
#endif
}
Determining if the strcmp exist passed with the following output:
Change Dir: /home/taiwei/code/myBeijingHell/build-windows/CMakeFiles/CMakeTmp

Run Build Command(s):/usr/bin/gmake -f Makefile cmTC_11211/fast && /usr/bin/gmake  -f CMakeFiles/cmTC_11211.dir/build.make CMakeFiles/cmTC_11211.dir/build
gmake[1]: Entering directory '/home/taiwei/code/myBeijingHell/build-windows/CMakeFiles/CMakeTmp'
Building C object CMakeFiles/cmTC_11211.dir/CheckSymbolExists.c.obj
/usr/bin/x86_64-w64-mingw32-gcc   -idirafter "/home/taiwei/code/myBeijingHell/external/SDL2/src/video/khronos"  -D_GNU_SOURCE=1 -o CMakeFiles/cmTC_11211.dir/CheckSymbolExists.c.obj -c /home/taiwei/code/myBeijingHell/build-windows/CMakeFiles/CMakeTmp/CheckSymbolExists.c
Linking C executable cmTC_11211.exe
/usr/bin/cmake -E cmake_link_script CMakeFiles/cmTC_11211.dir/link.txt --verbose=1
/usr/bin/cmake -E rm -f CMakeFiles/cmTC_11211.dir/objects.a
/usr/bin/x86_64-w64-mingw32-ar qc CMakeFiles/cmTC_11211.dir/objects.a @CMakeFiles/cmTC_11211.dir/objects1.rsp
/usr/bin/x86_64-w64-mingw32-gcc  -idirafter "/home/taiwei/code/myBeijingHell/external/SDL2/src/video/khronos"  -D_GNU_SOURCE=1 -Wl,--whole-archive CMakeFiles/cmTC_11211.dir/objects.a -Wl,--no-whole-archive -o cmTC_11211.exe -Wl,--out-implib,libcmTC_11211.dll.a -Wl,--major-image-version,0,--minor-image-version,0 @CMakeFiles/cmTC_11211.dir/linklibs.rsp
gmake[1]: Leaving directory '/home/taiwei/code/myBeijingHell/build-windows/CMakeFiles/CMakeTmp'


File /home/taiwei/code/myBeijingHell/build-windows/CMakeFiles/CMakeTmp/CheckSymbolExists.c:
/* */
#include <stddef.h>
#include <stdarg.h>
#include <stdlib.h>
#include <string.h>
#include <stdio.h>
#include <wchar.h>
#include <float.h>

int main(int argc, char** argv)
{
  (void)argv;
#ifndef strcmp
  return ((int*)(&strcmp))[argc];
#else
  (void)argc;
  return 0;
#endif
}
Determining if the strncmp exist passed with the following output:
Change Dir: /home/taiwei/code/myBeijingHell/build-windows/CMakeFiles/CMakeTmp

Run Build Command(s):/usr/bin/gmake -f Makefile cmTC_53b72/fast && /usr/bin/gmake  -f CMakeFiles/cmTC_53b72.dir/build.make CMakeFiles/cmTC_53b72.dir/build
gmake[1]: Entering directory '/home/taiwei/code/myBeijingHell/build-windows/CMakeFiles/CMakeTmp'
Building C object CMakeFiles/cmTC_53b72.dir/CheckSymbolExists.c.obj
/usr/bin/x86_64-w64-mingw32-gcc   -idirafter "/home/taiwei/code/myBeijingHell/external/SDL2/src/video/khronos"  -D_GNU_SOURCE=1 -o CMakeFiles/cmTC_53b72.dir/CheckSymbolExists.c.obj -c /home/taiwei/code/myBeijingHell/build-windows/CMakeFiles/CMakeTmp/CheckSymbolExists.c
Linking C executable cmTC_53b72.exe
/usr/bin/cmake -E cmake_link_script CMakeFiles/cmTC_53b72.dir/link.txt --verbose=1
/usr/bin/cmake -E rm -f CMakeFiles/cmTC_53b72.dir/objects.a
/usr/bin/x86_64-w64-mingw32-ar qc CMakeFiles/cmTC_53b72.dir/objects.a @CMakeFiles/cmTC_53b72.dir/objects1.rsp
/usr/bin/x86_64-w64-mingw32-gcc  -idirafter "/home/taiwei/code/myBeijingHell/external/SDL2/src/video/khronos"  -D_GNU_SOURCE=1 -Wl,--whole-archive CMakeFiles/cmTC_53b72.dir/objects.a -Wl,--no-whole-archive -o cmTC_53b72.exe -Wl,--out-implib,libcmTC_53b72.dll.a -Wl,--major-image-version,0,--minor-image-version,0 @CMakeFiles/cmTC_53b72.dir/linklibs.rsp
gmake[1]: Leaving directory '/home/taiwei/code/myBeijingHell/build-windows/CMakeFiles/CMakeTmp'


File /home/taiwei/code/myBeijingHell/build-windows/CMakeFiles/CMakeTmp/CheckSymbolExists.c:
/* */
#include <stddef.h>
#include <stdarg.h>
#include <stdlib.h>
#include <string.h>
#include <stdio.h>
#include <wchar.h>
#include <float.h>

int main(int argc, char** argv)
{
  (void)argv;
#ifndef strncmp
  return ((int*)(&strncmp))[argc];
#else
  (void)argc;
  return 0;
#endif
}
Determining if the _stricmp exist passed with the following output:
Change Dir: /home/taiwei/code/myBeijingHell/build-windows/CMakeFiles/CMakeTmp

Run Build Command(s):/usr/bin/gmake -f Makefile cmTC_201f3/fast && /usr/bin/gmake  -f CMakeFiles/cmTC_201f3.dir/build.make CMakeFiles/cmTC_201f3.dir/build
gmake[1]: Entering directory '/home/taiwei/code/myBeijingHell/build-windows/CMakeFiles/CMakeTmp'
Building C object CMakeFiles/cmTC_201f3.dir/CheckSymbolExists.c.obj
/usr/bin/x86_64-w64-mingw32-gcc   -idirafter "/home/taiwei/code/myBeijingHell/external/SDL2/src/video/khronos"  -D_GNU_SOURCE=1 -o CMakeFiles/cmTC_201f3.dir/CheckSymbolExists.c.obj -c /home/taiwei/code/myBeijingHell/build-windows/CMakeFiles/CMakeTmp/CheckSymbolExists.c
Linking C executable cmTC_201f3.exe
/usr/bin/cmake -E cmake_link_script CMakeFiles/cmTC_201f3.dir/link.txt --verbose=1
/usr/bin/cmake -E rm -f CMakeFiles/cmTC_201f3.dir/objects.a
/usr/bin/x86_64-w64-mingw32-ar qc CMakeFiles/cmTC_201f3.dir/objects.a @CMakeFiles/cmTC_201f3.dir/objects1.rsp
/usr/bin/x86_64-w64-mingw32-gcc  -idirafter "/home/taiwei/code/myBeijingHell/external/SDL2/src/video/khronos"  -D_GNU_SOURCE=1 -Wl,--whole-archive CMakeFiles/cmTC_201f3.dir/objects.a -Wl,--no-whole-archive -o cmTC_201f3.exe -Wl,--out-implib,libcmTC_201f3.dll.a -Wl,--major-image-version,0,--minor-image-version,0 @CMakeFiles/cmTC_201f3.dir/linklibs.rsp
gmake[1]: Leaving directory '/home/taiwei/code/myBeijingHell/build-windows/CMakeFiles/CMakeTmp'


File /home/taiwei/code/myBeijingHell/build-windows/CMakeFiles/CMakeTmp/CheckSymbolExists.c:
/* */
#include <stddef.h>
#include <stdarg.h>
#include <stdlib.h>
#include <string.h>
#include <stdio.h>
#include <wchar.h>
#include <float.h>

int main(int argc, char** argv)
{
  (void)argv;
#ifndef _stricmp
  return ((int*)(&_stricmp))[argc];
#else
  (void)argc;
  return 0;
#endif
}
Determining if the strcasecmp exist passed with the following output:
Change Dir: /home/taiwei/code/myBeijingHell/build-windows/CMakeFiles/CMakeTmp

Run Build Command(s):/usr/bin/gmake -f Makefile cmTC_6fc93/fast && /usr/bin/gmake  -f CMakeFiles/cmTC_6fc93.dir/build.make CMakeFiles/cmTC_6fc93.dir/build
gmake[1]: Entering directory '/home/taiwei/code/myBeijingHell/build-windows/CMakeFiles/CMakeTmp'
Building C object CMakeFiles/cmTC_6fc93.dir/CheckSymbolExists.c.obj
/usr/bin/x86_64-w64-mingw32-gcc   -idirafter "/home/taiwei/code/myBeijingHell/external/SDL2/src/video/khronos"  -D_GNU_SOURCE=1 -o CMakeFiles/cmTC_6fc93.dir/CheckSymbolExists.c.obj -c /home/taiwei/code/myBeijingHell/build-windows/CMakeFiles/CMakeTmp/CheckSymbolExists.c
Linking C executable cmTC_6fc93.exe
/usr/bin/cmake -E cmake_link_script CMakeFiles/cmTC_6fc93.dir/link.txt --verbose=1
/usr/bin/cmake -E rm -f CMakeFiles/cmTC_6fc93.dir/objects.a
/usr/bin/x86_64-w64-mingw32-ar qc CMakeFiles/cmTC_6fc93.dir/objects.a @CMakeFiles/cmTC_6fc93.dir/objects1.rsp
/usr/bin/x86_64-w64-mingw32-gcc  -idirafter "/home/taiwei/code/myBeijingHell/external/SDL2/src/video/khronos"  -D_GNU_SOURCE=1 -Wl,--whole-archive CMakeFiles/cmTC_6fc93.dir/objects.a -Wl,--no-whole-archive -o cmTC_6fc93.exe -Wl,--out-implib,libcmTC_6fc93.dll.a -Wl,--major-image-version,0,--minor-image-version,0 @CMakeFiles/cmTC_6fc93.dir/linklibs.rsp
gmake[1]: Leaving directory '/home/taiwei/code/myBeijingHell/build-windows/CMakeFiles/CMakeTmp'


File /home/taiwei/code/myBeijingHell/build-windows/CMakeFiles/CMakeTmp/CheckSymbolExists.c:
/* */
#include <stddef.h>
#include <stdarg.h>
#include <stdlib.h>
#include <string.h>
#include <stdio.h>
#include <wchar.h>
#include <float.h>

int main(int argc, char** argv)
{
  (void)argv;
#ifndef strcasecmp
  return ((int*)(&strcasecmp))[argc];
#else
  (void)argc;
  return 0;
#endif
}
Determining if the _strnicmp exist passed with the following output:
Change Dir: /home/taiwei/code/myBeijingHell/build-windows/CMakeFiles/CMakeTmp

Run Build Command(s):/usr/bin/gmake -f Makefile cmTC_d162e/fast && /usr/bin/gmake  -f CMakeFiles/cmTC_d162e.dir/build.make CMakeFiles/cmTC_d162e.dir/build
gmake[1]: Entering directory '/home/taiwei/code/myBeijingHell/build-windows/CMakeFiles/CMakeTmp'
Building C object CMakeFiles/cmTC_d162e.dir/CheckSymbolExists.c.obj
/usr/bin/x86_64-w64-mingw32-gcc   -idirafter "/home/taiwei/code/myBeijingHell/external/SDL2/src/video/khronos"  -D_GNU_SOURCE=1 -o CMakeFiles/cmTC_d162e.dir/CheckSymbolExists.c.obj -c /home/taiwei/code/myBeijingHell/build-windows/CMakeFiles/CMakeTmp/CheckSymbolExists.c
Linking C executable cmTC_d162e.exe
/usr/bin/cmake -E cmake_link_script CMakeFiles/cmTC_d162e.dir/link.txt --verbose=1
/usr/bin/cmake -E rm -f CMakeFiles/cmTC_d162e.dir/objects.a
/usr/bin/x86_64-w64-mingw32-ar qc CMakeFiles/cmTC_d162e.dir/objects.a @CMakeFiles/cmTC_d162e.dir/objects1.rsp
/usr/bin/x86_64-w64-mingw32-gcc  -idirafter "/home/taiwei/code/myBeijingHell/external/SDL2/src/video/khronos"  -D_GNU_SOURCE=1 -Wl,--whole-archive CMakeFiles/cmTC_d162e.dir/objects.a -Wl,--no-whole-archive -o cmTC_d162e.exe -Wl,--out-implib,libcmTC_d162e.dll.a -Wl,--major-image-version,0,--minor-image-version,0 @CMakeFiles/cmTC_d162e.dir/linklibs.rsp
gmake[1]: Leaving directory '/home/taiwei/code/myBeijingHell/build-windows/CMakeFiles/CMakeTmp'


File /home/taiwei/code/myBeijingHell/build-windows/CMakeFiles/CMakeTmp/CheckSymbolExists.c:
/* */
#include <stddef.h>
#include <stdarg.h>
#include <stdlib.h>
#include <string.h>
#include <stdio.h>
#include <wchar.h>
#include <float.h>

int main(int argc, char** argv)
{
  (void)argv;
#ifndef _strnicmp
  return ((int*)(&_strnicmp))[argc];
#else
  (void)argc;
  return 0;
#endif
}
Determining if the strncasecmp exist passed with the following output:
Change Dir: /home/taiwei/code/myBeijingHell/build-windows/CMakeFiles/CMakeTmp

Run Build Command(s):/usr/bin/gmake -f Makefile cmTC_b0bcf/fast && /usr/bin/gmake  -f CMakeFiles/cmTC_b0bcf.dir/build.make CMakeFiles/cmTC_b0bcf.dir/build
gmake[1]: Entering directory '/home/taiwei/code/myBeijingHell/build-windows/CMakeFiles/CMakeTmp'
Building C object CMakeFiles/cmTC_b0bcf.dir/CheckSymbolExists.c.obj
/usr/bin/x86_64-w64-mingw32-gcc   -idirafter "/home/taiwei/code/myBeijingHell/external/SDL2/src/video/khronos"  -D_GNU_SOURCE=1 -o CMakeFiles/cmTC_b0bcf.dir/CheckSymbolExists.c.obj -c /home/taiwei/code/myBeijingHell/build-windows/CMakeFiles/CMakeTmp/CheckSymbolExists.c
Linking C executable cmTC_b0bcf.exe
/usr/bin/cmake -E cmake_link_script CMakeFiles/cmTC_b0bcf.dir/link.txt --verbose=1
/usr/bin/cmake -E rm -f CMakeFiles/cmTC_b0bcf.dir/objects.a
/usr/bin/x86_64-w64-mingw32-ar qc CMakeFiles/cmTC_b0bcf.dir/objects.a @CMakeFiles/cmTC_b0bcf.dir/objects1.rsp
/usr/bin/x86_64-w64-mingw32-gcc  -idirafter "/home/taiwei/code/myBeijingHell/external/SDL2/src/video/khronos"  -D_GNU_SOURCE=1 -Wl,--whole-archive CMakeFiles/cmTC_b0bcf.dir/objects.a -Wl,--no-whole-archive -o cmTC_b0bcf.exe -Wl,--out-implib,libcmTC_b0bcf.dll.a -Wl,--major-image-version,0,--minor-image-version,0 @CMakeFiles/cmTC_b0bcf.dir/linklibs.rsp
gmake[1]: Leaving directory '/home/taiwei/code/myBeijingHell/build-windows/CMakeFiles/CMakeTmp'


File /home/taiwei/code/myBeijingHell/build-windows/CMakeFiles/CMakeTmp/CheckSymbolExists.c:
/* */
#include <stddef.h>
#include <stdarg.h>
#include <stdlib.h>
#include <string.h>
#include <stdio.h>
#include <wchar.h>
#include <float.h>

int main(int argc, char** argv)
{
  (void)argv;
#ifndef strncasecmp
  return ((int*)(&strncasecmp))[argc];
#else
  (void)argc;
  return 0;
#endif
}
Determining if the wcscmp exist passed with the following output:
Change Dir: /home/taiwei/code/myBeijingHell/build-windows/CMakeFiles/CMakeTmp

Run Build Command(s):/usr/bin/gmake -f Makefile cmTC_088a6/fast && /usr/bin/gmake  -f CMakeFiles/cmTC_088a6.dir/build.make CMakeFiles/cmTC_088a6.dir/build
gmake[1]: Entering directory '/home/taiwei/code/myBeijingHell/build-windows/CMakeFiles/CMakeTmp'
Building C object CMakeFiles/cmTC_088a6.dir/CheckSymbolExists.c.obj
/usr/bin/x86_64-w64-mingw32-gcc   -idirafter "/home/taiwei/code/myBeijingHell/external/SDL2/src/video/khronos"  -D_GNU_SOURCE=1 -o CMakeFiles/cmTC_088a6.dir/CheckSymbolExists.c.obj -c /home/taiwei/code/myBeijingHell/build-windows/CMakeFiles/CMakeTmp/CheckSymbolExists.c
Linking C executable cmTC_088a6.exe
/usr/bin/cmake -E cmake_link_script CMakeFiles/cmTC_088a6.dir/link.txt --verbose=1
/usr/bin/cmake -E rm -f CMakeFiles/cmTC_088a6.dir/objects.a
/usr/bin/x86_64-w64-mingw32-ar qc CMakeFiles/cmTC_088a6.dir/objects.a @CMakeFiles/cmTC_088a6.dir/objects1.rsp
/usr/bin/x86_64-w64-mingw32-gcc  -idirafter "/home/taiwei/code/myBeijingHell/external/SDL2/src/video/khronos"  -D_GNU_SOURCE=1 -Wl,--whole-archive CMakeFiles/cmTC_088a6.dir/objects.a -Wl,--no-whole-archive -o cmTC_088a6.exe -Wl,--out-implib,libcmTC_088a6.dll.a -Wl,--major-image-version,0,--minor-image-version,0 @CMakeFiles/cmTC_088a6.dir/linklibs.rsp
gmake[1]: Leaving directory '/home/taiwei/code/myBeijingHell/build-windows/CMakeFiles/CMakeTmp'


File /home/taiwei/code/myBeijingHell/build-windows/CMakeFiles/CMakeTmp/CheckSymbolExists.c:
/* */
#include <stddef.h>
#include <stdarg.h>
#include <stdlib.h>
#include <string.h>
#include <stdio.h>
#include <wchar.h>
#include <float.h>

int main(int argc, char** argv)
{
  (void)argv;
#ifndef wcscmp
  return ((int*)(&wcscmp))[argc];
#else
  (void)argc;
  return 0;
#endif
}
Determining if the _wcsdup exist passed with the following output:
Change Dir: /home/taiwei/code/myBeijingHell/build-windows/CMakeFiles/CMakeTmp

Run Build Command(s):/usr/bin/gmake -f Makefile cmTC_b3d19/fast && /usr/bin/gmake  -f CMakeFiles/cmTC_b3d19.dir/build.make CMakeFiles/cmTC_b3d19.dir/build
gmake[1]: Entering directory '/home/taiwei/code/myBeijingHell/build-windows/CMakeFiles/CMakeTmp'
Building C object CMakeFiles/cmTC_b3d19.dir/CheckSymbolExists.c.obj
/usr/bin/x86_64-w64-mingw32-gcc   -idirafter "/home/taiwei/code/myBeijingHell/external/SDL2/src/video/khronos"  -D_GNU_SOURCE=1 -o CMakeFiles/cmTC_b3d19.dir/CheckSymbolExists.c.obj -c /home/taiwei/code/myBeijingHell/build-windows/CMakeFiles/CMakeTmp/CheckSymbolExists.c
Linking C executable cmTC_b3d19.exe
/usr/bin/cmake -E cmake_link_script CMakeFiles/cmTC_b3d19.dir/link.txt --verbose=1
/usr/bin/cmake -E rm -f CMakeFiles/cmTC_b3d19.dir/objects.a
/usr/bin/x86_64-w64-mingw32-ar qc CMakeFiles/cmTC_b3d19.dir/objects.a @CMakeFiles/cmTC_b3d19.dir/objects1.rsp
/usr/bin/x86_64-w64-mingw32-gcc  -idirafter "/home/taiwei/code/myBeijingHell/external/SDL2/src/video/khronos"  -D_GNU_SOURCE=1 -Wl,--whole-archive CMakeFiles/cmTC_b3d19.dir/objects.a -Wl,--no-whole-archive -o cmTC_b3d19.exe -Wl,--out-implib,libcmTC_b3d19.dll.a -Wl,--major-image-version,0,--minor-image-version,0 @CMakeFiles/cmTC_b3d19.dir/linklibs.rsp
gmake[1]: Leaving directory '/home/taiwei/code/myBeijingHell/build-windows/CMakeFiles/CMakeTmp'


File /home/taiwei/code/myBeijingHell/build-windows/CMakeFiles/CMakeTmp/CheckSymbolExists.c:
/* */
#include <stddef.h>
#include <stdarg.h>
#include <stdlib.h>
#include <string.h>
#include <stdio.h>
#include <wchar.h>
#include <float.h>

int main(int argc, char** argv)
{
  (void)argv;
#ifndef _wcsdup
  return ((int*)(&_wcsdup))[argc];
#else
  (void)argc;
  return 0;
#endif
}
Determining if the wcsdup exist passed with the following output:
Change Dir: /home/taiwei/code/myBeijingHell/build-windows/CMakeFiles/CMakeTmp

Run Build Command(s):/usr/bin/gmake -f Makefile cmTC_14641/fast && /usr/bin/gmake  -f CMakeFiles/cmTC_14641.dir/build.make CMakeFiles/cmTC_14641.dir/build
gmake[1]: Entering directory '/home/taiwei/code/myBeijingHell/build-windows/CMakeFiles/CMakeTmp'
Building C object CMakeFiles/cmTC_14641.dir/CheckSymbolExists.c.obj
/usr/bin/x86_64-w64-mingw32-gcc   -idirafter "/home/taiwei/code/myBeijingHell/external/SDL2/src/video/khronos"  -D_GNU_SOURCE=1 -o CMakeFiles/cmTC_14641.dir/CheckSymbolExists.c.obj -c /home/taiwei/code/myBeijingHell/build-windows/CMakeFiles/CMakeTmp/CheckSymbolExists.c
Linking C executable cmTC_14641.exe
/usr/bin/cmake -E cmake_link_script CMakeFiles/cmTC_14641.dir/link.txt --verbose=1
/usr/bin/cmake -E rm -f CMakeFiles/cmTC_14641.dir/objects.a
/usr/bin/x86_64-w64-mingw32-ar qc CMakeFiles/cmTC_14641.dir/objects.a @CMakeFiles/cmTC_14641.dir/objects1.rsp
/usr/bin/x86_64-w64-mingw32-gcc  -idirafter "/home/taiwei/code/myBeijingHell/external/SDL2/src/video/khronos"  -D_GNU_SOURCE=1 -Wl,--whole-archive CMakeFiles/cmTC_14641.dir/objects.a -Wl,--no-whole-archive -o cmTC_14641.exe -Wl,--out-implib,libcmTC_14641.dll.a -Wl,--major-image-version,0,--minor-image-version,0 @CMakeFiles/cmTC_14641.dir/linklibs.rsp
gmake[1]: Leaving directory '/home/taiwei/code/myBeijingHell/build-windows/CMakeFiles/CMakeTmp'


File /home/taiwei/code/myBeijingHell/build-windows/CMakeFiles/CMakeTmp/CheckSymbolExists.c:
/* */
#include <stddef.h>
#include <stdarg.h>
#include <stdlib.h>
#include <string.h>
#include <stdio.h>
#include <wchar.h>
#include <float.h>

int main(int argc, char** argv)
{
  (void)argv;
#ifndef wcsdup
  return ((int*)(&wcsdup))[argc];
#else
  (void)argc;
  return 0;
#endif
}
Determining if the wcslen exist passed with the following output:
Change Dir: /home/taiwei/code/myBeijingHell/build-windows/CMakeFiles/CMakeTmp

Run Build Command(s):/usr/bin/gmake -f Makefile cmTC_50523/fast && /usr/bin/gmake  -f CMakeFiles/cmTC_50523.dir/build.make CMakeFiles/cmTC_50523.dir/build
gmake[1]: Entering directory '/home/taiwei/code/myBeijingHell/build-windows/CMakeFiles/CMakeTmp'
Building C object CMakeFiles/cmTC_50523.dir/CheckSymbolExists.c.obj
/usr/bin/x86_64-w64-mingw32-gcc   -idirafter "/home/taiwei/code/myBeijingHell/external/SDL2/src/video/khronos"  -D_GNU_SOURCE=1 -o CMakeFiles/cmTC_50523.dir/CheckSymbolExists.c.obj -c /home/taiwei/code/myBeijingHell/build-windows/CMakeFiles/CMakeTmp/CheckSymbolExists.c
Linking C executable cmTC_50523.exe
/usr/bin/cmake -E cmake_link_script CMakeFiles/cmTC_50523.dir/link.txt --verbose=1
/usr/bin/cmake -E rm -f CMakeFiles/cmTC_50523.dir/objects.a
/usr/bin/x86_64-w64-mingw32-ar qc CMakeFiles/cmTC_50523.dir/objects.a @CMakeFiles/cmTC_50523.dir/objects1.rsp
/usr/bin/x86_64-w64-mingw32-gcc  -idirafter "/home/taiwei/code/myBeijingHell/external/SDL2/src/video/khronos"  -D_GNU_SOURCE=1 -Wl,--whole-archive CMakeFiles/cmTC_50523.dir/objects.a -Wl,--no-whole-archive -o cmTC_50523.exe -Wl,--out-implib,libcmTC_50523.dll.a -Wl,--major-image-version,0,--minor-image-version,0 @CMakeFiles/cmTC_50523.dir/linklibs.rsp
gmake[1]: Leaving directory '/home/taiwei/code/myBeijingHell/build-windows/CMakeFiles/CMakeTmp'


File /home/taiwei/code/myBeijingHell/build-windows/CMakeFiles/CMakeTmp/CheckSymbolExists.c:
/* */
#include <stddef.h>
#include <stdarg.h>
#include <stdlib.h>
#include <string.h>
#include <stdio.h>
#include <wchar.h>
#include <float.h>

int main(int argc, char** argv)
{
  (void)argv;
#ifndef wcslen
  return ((int*)(&wcslen))[argc];
#else
  (void)argc;
  return 0;
#endif
}
Determining if the wcsncmp exist passed with the following output:
Change Dir: /home/taiwei/code/myBeijingHell/build-windows/CMakeFiles/CMakeTmp

Run Build Command(s):/usr/bin/gmake -f Makefile cmTC_c3805/fast && /usr/bin/gmake  -f CMakeFiles/cmTC_c3805.dir/build.make CMakeFiles/cmTC_c3805.dir/build
gmake[1]: Entering directory '/home/taiwei/code/myBeijingHell/build-windows/CMakeFiles/CMakeTmp'
Building C object CMakeFiles/cmTC_c3805.dir/CheckSymbolExists.c.obj
/usr/bin/x86_64-w64-mingw32-gcc   -idirafter "/home/taiwei/code/myBeijingHell/external/SDL2/src/video/khronos"  -D_GNU_SOURCE=1 -o CMakeFiles/cmTC_c3805.dir/CheckSymbolExists.c.obj -c /home/taiwei/code/myBeijingHell/build-windows/CMakeFiles/CMakeTmp/CheckSymbolExists.c
Linking C executable cmTC_c3805.exe
/usr/bin/cmake -E cmake_link_script CMakeFiles/cmTC_c3805.dir/link.txt --verbose=1
/usr/bin/cmake -E rm -f CMakeFiles/cmTC_c3805.dir/objects.a
/usr/bin/x86_64-w64-mingw32-ar qc CMakeFiles/cmTC_c3805.dir/objects.a @CMakeFiles/cmTC_c3805.dir/objects1.rsp
/usr/bin/x86_64-w64-mingw32-gcc  -idirafter "/home/taiwei/code/myBeijingHell/external/SDL2/src/video/khronos"  -D_GNU_SOURCE=1 -Wl,--whole-archive CMakeFiles/cmTC_c3805.dir/objects.a -Wl,--no-whole-archive -o cmTC_c3805.exe -Wl,--out-implib,libcmTC_c3805.dll.a -Wl,--major-image-version,0,--minor-image-version,0 @CMakeFiles/cmTC_c3805.dir/linklibs.rsp
gmake[1]: Leaving directory '/home/taiwei/code/myBeijingHell/build-windows/CMakeFiles/CMakeTmp'


File /home/taiwei/code/myBeijingHell/build-windows/CMakeFiles/CMakeTmp/CheckSymbolExists.c:
/* */
#include <stddef.h>
#include <stdarg.h>
#include <stdlib.h>
#include <string.h>
#include <stdio.h>
#include <wchar.h>
#include <float.h>

int main(int argc, char** argv)
{
  (void)argv;
#ifndef wcsncmp
  return ((int*)(&wcsncmp))[argc];
#else
  (void)argc;
  return 0;
#endif
}
Determining if the wcsstr exist passed with the following output:
Change Dir: /home/taiwei/code/myBeijingHell/build-windows/CMakeFiles/CMakeTmp

Run Build Command(s):/usr/bin/gmake -f Makefile cmTC_95315/fast && /usr/bin/gmake  -f CMakeFiles/cmTC_95315.dir/build.make CMakeFiles/cmTC_95315.dir/build
gmake[1]: Entering directory '/home/taiwei/code/myBeijingHell/build-windows/CMakeFiles/CMakeTmp'
Building C object CMakeFiles/cmTC_95315.dir/CheckSymbolExists.c.obj
/usr/bin/x86_64-w64-mingw32-gcc   -idirafter "/home/taiwei/code/myBeijingHell/external/SDL2/src/video/khronos"  -D_GNU_SOURCE=1 -o CMakeFiles/cmTC_95315.dir/CheckSymbolExists.c.obj -c /home/taiwei/code/myBeijingHell/build-windows/CMakeFiles/CMakeTmp/CheckSymbolExists.c
Linking C executable cmTC_95315.exe
/usr/bin/cmake -E cmake_link_script CMakeFiles/cmTC_95315.dir/link.txt --verbose=1
/usr/bin/cmake -E rm -f CMakeFiles/cmTC_95315.dir/objects.a
/usr/bin/x86_64-w64-mingw32-ar qc CMakeFiles/cmTC_95315.dir/objects.a @CMakeFiles/cmTC_95315.dir/objects1.rsp
/usr/bin/x86_64-w64-mingw32-gcc  -idirafter "/home/taiwei/code/myBeijingHell/external/SDL2/src/video/khronos"  -D_GNU_SOURCE=1 -Wl,--whole-archive CMakeFiles/cmTC_95315.dir/objects.a -Wl,--no-whole-archive -o cmTC_95315.exe -Wl,--out-implib,libcmTC_95315.dll.a -Wl,--major-image-version,0,--minor-image-version,0 @CMakeFiles/cmTC_95315.dir/linklibs.rsp
gmake[1]: Leaving directory '/home/taiwei/code/myBeijingHell/build-windows/CMakeFiles/CMakeTmp'


File /home/taiwei/code/myBeijingHell/build-windows/CMakeFiles/CMakeTmp/CheckSymbolExists.c:
/* */
#include <stddef.h>
#include <stdarg.h>
#include <stdlib.h>
#include <string.h>
#include <stdio.h>
#include <wchar.h>
#include <float.h>

int main(int argc, char** argv)
{
  (void)argv;
#ifndef wcsstr
  return ((int*)(&wcsstr))[argc];
#else
  (void)argc;
  return 0;
#endif
}
Determining if the _wcsicmp exist passed with the following output:
Change Dir: /home/taiwei/code/myBeijingHell/build-windows/CMakeFiles/CMakeTmp

Run Build Command(s):/usr/bin/gmake -f Makefile cmTC_6038d/fast && /usr/bin/gmake  -f CMakeFiles/cmTC_6038d.dir/build.make CMakeFiles/cmTC_6038d.dir/build
gmake[1]: Entering directory '/home/taiwei/code/myBeijingHell/build-windows/CMakeFiles/CMakeTmp'
Building C object CMakeFiles/cmTC_6038d.dir/CheckSymbolExists.c.obj
/usr/bin/x86_64-w64-mingw32-gcc   -idirafter "/home/taiwei/code/myBeijingHell/external/SDL2/src/video/khronos"  -D_GNU_SOURCE=1 -o CMakeFiles/cmTC_6038d.dir/CheckSymbolExists.c.obj -c /home/taiwei/code/myBeijingHell/build-windows/CMakeFiles/CMakeTmp/CheckSymbolExists.c
Linking C executable cmTC_6038d.exe
/usr/bin/cmake -E cmake_link_script CMakeFiles/cmTC_6038d.dir/link.txt --verbose=1
/usr/bin/cmake -E rm -f CMakeFiles/cmTC_6038d.dir/objects.a
/usr/bin/x86_64-w64-mingw32-ar qc CMakeFiles/cmTC_6038d.dir/objects.a @CMakeFiles/cmTC_6038d.dir/objects1.rsp
/usr/bin/x86_64-w64-mingw32-gcc  -idirafter "/home/taiwei/code/myBeijingHell/external/SDL2/src/video/khronos"  -D_GNU_SOURCE=1 -Wl,--whole-archive CMakeFiles/cmTC_6038d.dir/objects.a -Wl,--no-whole-archive -o cmTC_6038d.exe -Wl,--out-implib,libcmTC_6038d.dll.a -Wl,--major-image-version,0,--minor-image-version,0 @CMakeFiles/cmTC_6038d.dir/linklibs.rsp
gmake[1]: Leaving directory '/home/taiwei/code/myBeijingHell/build-windows/CMakeFiles/CMakeTmp'


File /home/taiwei/code/myBeijingHell/build-windows/CMakeFiles/CMakeTmp/CheckSymbolExists.c:
/* */
#include <stddef.h>
#include <stdarg.h>
#include <stdlib.h>
#include <string.h>
#include <stdio.h>
#include <wchar.h>
#include <float.h>

int main(int argc, char** argv)
{
  (void)argv;
#ifndef _wcsicmp
  return ((int*)(&_wcsicmp))[argc];
#else
  (void)argc;
  return 0;
#endif
}
Determining if the _wcsnicmp exist passed with the following output:
Change Dir: /home/taiwei/code/myBeijingHell/build-windows/CMakeFiles/CMakeTmp

Run Build Command(s):/usr/bin/gmake -f Makefile cmTC_26e52/fast && /usr/bin/gmake  -f CMakeFiles/cmTC_26e52.dir/build.make CMakeFiles/cmTC_26e52.dir/build
gmake[1]: Entering directory '/home/taiwei/code/myBeijingHell/build-windows/CMakeFiles/CMakeTmp'
Building C object CMakeFiles/cmTC_26e52.dir/CheckSymbolExists.c.obj
/usr/bin/x86_64-w64-mingw32-gcc   -idirafter "/home/taiwei/code/myBeijingHell/external/SDL2/src/video/khronos"  -D_GNU_SOURCE=1 -o CMakeFiles/cmTC_26e52.dir/CheckSymbolExists.c.obj -c /home/taiwei/code/myBeijingHell/build-windows/CMakeFiles/CMakeTmp/CheckSymbolExists.c
Linking C executable cmTC_26e52.exe
/usr/bin/cmake -E cmake_link_script CMakeFiles/cmTC_26e52.dir/link.txt --verbose=1
/usr/bin/cmake -E rm -f CMakeFiles/cmTC_26e52.dir/objects.a
/usr/bin/x86_64-w64-mingw32-ar qc CMakeFiles/cmTC_26e52.dir/objects.a @CMakeFiles/cmTC_26e52.dir/objects1.rsp
/usr/bin/x86_64-w64-mingw32-gcc  -idirafter "/home/taiwei/code/myBeijingHell/external/SDL2/src/video/khronos"  -D_GNU_SOURCE=1 -Wl,--whole-archive CMakeFiles/cmTC_26e52.dir/objects.a -Wl,--no-whole-archive -o cmTC_26e52.exe -Wl,--out-implib,libcmTC_26e52.dll.a -Wl,--major-image-version,0,--minor-image-version,0 @CMakeFiles/cmTC_26e52.dir/linklibs.rsp
gmake[1]: Leaving directory '/home/taiwei/code/myBeijingHell/build-windows/CMakeFiles/CMakeTmp'


File /home/taiwei/code/myBeijingHell/build-windows/CMakeFiles/CMakeTmp/CheckSymbolExists.c:
/* */
#include <stddef.h>
#include <stdarg.h>
#include <stdlib.h>
#include <string.h>
#include <stdio.h>
#include <wchar.h>
#include <float.h>

int main(int argc, char** argv)
{
  (void)argv;
#ifndef _wcsnicmp
  return ((int*)(&_wcsnicmp))[argc];
#else
  (void)argc;
  return 0;
#endif
}
Determining if the sscanf exist passed with the following output:
Change Dir: /home/taiwei/code/myBeijingHell/build-windows/CMakeFiles/CMakeTmp

Run Build Command(s):/usr/bin/gmake -f Makefile cmTC_ad768/fast && /usr/bin/gmake  -f CMakeFiles/cmTC_ad768.dir/build.make CMakeFiles/cmTC_ad768.dir/build
gmake[1]: Entering directory '/home/taiwei/code/myBeijingHell/build-windows/CMakeFiles/CMakeTmp'
Building C object CMakeFiles/cmTC_ad768.dir/CheckSymbolExists.c.obj
/usr/bin/x86_64-w64-mingw32-gcc   -idirafter "/home/taiwei/code/myBeijingHell/external/SDL2/src/video/khronos"  -D_GNU_SOURCE=1 -o CMakeFiles/cmTC_ad768.dir/CheckSymbolExists.c.obj -c /home/taiwei/code/myBeijingHell/build-windows/CMakeFiles/CMakeTmp/CheckSymbolExists.c
Linking C executable cmTC_ad768.exe
/usr/bin/cmake -E cmake_link_script CMakeFiles/cmTC_ad768.dir/link.txt --verbose=1
/usr/bin/cmake -E rm -f CMakeFiles/cmTC_ad768.dir/objects.a
/usr/bin/x86_64-w64-mingw32-ar qc CMakeFiles/cmTC_ad768.dir/objects.a @CMakeFiles/cmTC_ad768.dir/objects1.rsp
/usr/bin/x86_64-w64-mingw32-gcc  -idirafter "/home/taiwei/code/myBeijingHell/external/SDL2/src/video/khronos"  -D_GNU_SOURCE=1 -Wl,--whole-archive CMakeFiles/cmTC_ad768.dir/objects.a -Wl,--no-whole-archive -o cmTC_ad768.exe -Wl,--out-implib,libcmTC_ad768.dll.a -Wl,--major-image-version,0,--minor-image-version,0 @CMakeFiles/cmTC_ad768.dir/linklibs.rsp
gmake[1]: Leaving directory '/home/taiwei/code/myBeijingHell/build-windows/CMakeFiles/CMakeTmp'


File /home/taiwei/code/myBeijingHell/build-windows/CMakeFiles/CMakeTmp/CheckSymbolExists.c:
/* */
#include <stddef.h>
#include <stdarg.h>
#include <stdlib.h>
#include <string.h>
#include <stdio.h>
#include <wchar.h>
#include <float.h>

int main(int argc, char** argv)
{
  (void)argv;
#ifndef sscanf
  return ((int*)(&sscanf))[argc];
#else
  (void)argc;
  return 0;
#endif
}
Determining if the vsscanf exist passed with the following output:
Change Dir: /home/taiwei/code/myBeijingHell/build-windows/CMakeFiles/CMakeTmp

Run Build Command(s):/usr/bin/gmake -f Makefile cmTC_b393e/fast && /usr/bin/gmake  -f CMakeFiles/cmTC_b393e.dir/build.make CMakeFiles/cmTC_b393e.dir/build
gmake[1]: Entering directory '/home/taiwei/code/myBeijingHell/build-windows/CMakeFiles/CMakeTmp'
Building C object CMakeFiles/cmTC_b393e.dir/CheckSymbolExists.c.obj
/usr/bin/x86_64-w64-mingw32-gcc   -idirafter "/home/taiwei/code/myBeijingHell/external/SDL2/src/video/khronos"  -D_GNU_SOURCE=1 -o CMakeFiles/cmTC_b393e.dir/CheckSymbolExists.c.obj -c /home/taiwei/code/myBeijingHell/build-windows/CMakeFiles/CMakeTmp/CheckSymbolExists.c
Linking C executable cmTC_b393e.exe
/usr/bin/cmake -E cmake_link_script CMakeFiles/cmTC_b393e.dir/link.txt --verbose=1
/usr/bin/cmake -E rm -f CMakeFiles/cmTC_b393e.dir/objects.a
/usr/bin/x86_64-w64-mingw32-ar qc CMakeFiles/cmTC_b393e.dir/objects.a @CMakeFiles/cmTC_b393e.dir/objects1.rsp
/usr/bin/x86_64-w64-mingw32-gcc  -idirafter "/home/taiwei/code/myBeijingHell/external/SDL2/src/video/khronos"  -D_GNU_SOURCE=1 -Wl,--whole-archive CMakeFiles/cmTC_b393e.dir/objects.a -Wl,--no-whole-archive -o cmTC_b393e.exe -Wl,--out-implib,libcmTC_b393e.dll.a -Wl,--major-image-version,0,--minor-image-version,0 @CMakeFiles/cmTC_b393e.dir/linklibs.rsp
gmake[1]: Leaving directory '/home/taiwei/code/myBeijingHell/build-windows/CMakeFiles/CMakeTmp'


File /home/taiwei/code/myBeijingHell/build-windows/CMakeFiles/CMakeTmp/CheckSymbolExists.c:
/* */
#include <stddef.h>
#include <stdarg.h>
#include <stdlib.h>
#include <string.h>
#include <stdio.h>
#include <wchar.h>
#include <float.h>

int main(int argc, char** argv)
{
  (void)argv;
#ifndef vsscanf
  return ((int*)(&vsscanf))[argc];
#else
  (void)argc;
  return 0;
#endif
}
Determining if the vsnprintf exist passed with the following output:
Change Dir: /home/taiwei/code/myBeijingHell/build-windows/CMakeFiles/CMakeTmp

Run Build Command(s):/usr/bin/gmake -f Makefile cmTC_980bc/fast && /usr/bin/gmake  -f CMakeFiles/cmTC_980bc.dir/build.make CMakeFiles/cmTC_980bc.dir/build
gmake[1]: Entering directory '/home/taiwei/code/myBeijingHell/build-windows/CMakeFiles/CMakeTmp'
Building C object CMakeFiles/cmTC_980bc.dir/CheckSymbolExists.c.obj
/usr/bin/x86_64-w64-mingw32-gcc   -idirafter "/home/taiwei/code/myBeijingHell/external/SDL2/src/video/khronos"  -D_GNU_SOURCE=1 -o CMakeFiles/cmTC_980bc.dir/CheckSymbolExists.c.obj -c /home/taiwei/code/myBeijingHell/build-windows/CMakeFiles/CMakeTmp/CheckSymbolExists.c
Linking C executable cmTC_980bc.exe
/usr/bin/cmake -E cmake_link_script CMakeFiles/cmTC_980bc.dir/link.txt --verbose=1
/usr/bin/cmake -E rm -f CMakeFiles/cmTC_980bc.dir/objects.a
/usr/bin/x86_64-w64-mingw32-ar qc CMakeFiles/cmTC_980bc.dir/objects.a @CMakeFiles/cmTC_980bc.dir/objects1.rsp
/usr/bin/x86_64-w64-mingw32-gcc  -idirafter "/home/taiwei/code/myBeijingHell/external/SDL2/src/video/khronos"  -D_GNU_SOURCE=1 -Wl,--whole-archive CMakeFiles/cmTC_980bc.dir/objects.a -Wl,--no-whole-archive -o cmTC_980bc.exe -Wl,--out-implib,libcmTC_980bc.dll.a -Wl,--major-image-version,0,--minor-image-version,0 @CMakeFiles/cmTC_980bc.dir/linklibs.rsp
gmake[1]: Leaving directory '/home/taiwei/code/myBeijingHell/build-windows/CMakeFiles/CMakeTmp'


File /home/taiwei/code/myBeijingHell/build-windows/CMakeFiles/CMakeTmp/CheckSymbolExists.c:
/* */
#include <stddef.h>
#include <stdarg.h>
#include <stdlib.h>
#include <string.h>
#include <stdio.h>
#include <wchar.h>
#include <float.h>

int main(int argc, char** argv)
{
  (void)argv;
#ifndef vsnprintf
  return ((int*)(&vsnprintf))[argc];
#else
  (void)argc;
  return 0;
#endif
}
Determining if the fopen64 exist passed with the following output:
Change Dir: /home/taiwei/code/myBeijingHell/build-windows/CMakeFiles/CMakeTmp

Run Build Command(s):/usr/bin/gmake -f Makefile cmTC_ef1bc/fast && /usr/bin/gmake  -f CMakeFiles/cmTC_ef1bc.dir/build.make CMakeFiles/cmTC_ef1bc.dir/build
gmake[1]: Entering directory '/home/taiwei/code/myBeijingHell/build-windows/CMakeFiles/CMakeTmp'
Building C object CMakeFiles/cmTC_ef1bc.dir/CheckSymbolExists.c.obj
/usr/bin/x86_64-w64-mingw32-gcc   -idirafter "/home/taiwei/code/myBeijingHell/external/SDL2/src/video/khronos"  -D_GNU_SOURCE=1 -o CMakeFiles/cmTC_ef1bc.dir/CheckSymbolExists.c.obj -c /home/taiwei/code/myBeijingHell/build-windows/CMakeFiles/CMakeTmp/CheckSymbolExists.c
Linking C executable cmTC_ef1bc.exe
/usr/bin/cmake -E cmake_link_script CMakeFiles/cmTC_ef1bc.dir/link.txt --verbose=1
/usr/bin/cmake -E rm -f CMakeFiles/cmTC_ef1bc.dir/objects.a
/usr/bin/x86_64-w64-mingw32-ar qc CMakeFiles/cmTC_ef1bc.dir/objects.a @CMakeFiles/cmTC_ef1bc.dir/objects1.rsp
/usr/bin/x86_64-w64-mingw32-gcc  -idirafter "/home/taiwei/code/myBeijingHell/external/SDL2/src/video/khronos"  -D_GNU_SOURCE=1 -Wl,--whole-archive CMakeFiles/cmTC_ef1bc.dir/objects.a -Wl,--no-whole-archive -o cmTC_ef1bc.exe -Wl,--out-implib,libcmTC_ef1bc.dll.a -Wl,--major-image-version,0,--minor-image-version,0 @CMakeFiles/cmTC_ef1bc.dir/linklibs.rsp
gmake[1]: Leaving directory '/home/taiwei/code/myBeijingHell/build-windows/CMakeFiles/CMakeTmp'


File /home/taiwei/code/myBeijingHell/build-windows/CMakeFiles/CMakeTmp/CheckSymbolExists.c:
/* */
#include <stddef.h>
#include <stdarg.h>
#include <stdlib.h>
#include <string.h>
#include <stdio.h>
#include <wchar.h>
#include <float.h>

int main(int argc, char** argv)
{
  (void)argv;
#ifndef fopen64
  return ((int*)(&fopen64))[argc];
#else
  (void)argc;
  return 0;
#endif
}
Determining if the fseeko exist passed with the following output:
Change Dir: /home/taiwei/code/myBeijingHell/build-windows/CMakeFiles/CMakeTmp

Run Build Command(s):/usr/bin/gmake -f Makefile cmTC_235b9/fast && /usr/bin/gmake  -f CMakeFiles/cmTC_235b9.dir/build.make CMakeFiles/cmTC_235b9.dir/build
gmake[1]: Entering directory '/home/taiwei/code/myBeijingHell/build-windows/CMakeFiles/CMakeTmp'
Building C object CMakeFiles/cmTC_235b9.dir/CheckSymbolExists.c.obj
/usr/bin/x86_64-w64-mingw32-gcc   -idirafter "/home/taiwei/code/myBeijingHell/external/SDL2/src/video/khronos"  -D_GNU_SOURCE=1 -o CMakeFiles/cmTC_235b9.dir/CheckSymbolExists.c.obj -c /home/taiwei/code/myBeijingHell/build-windows/CMakeFiles/CMakeTmp/CheckSymbolExists.c
Linking C executable cmTC_235b9.exe
/usr/bin/cmake -E cmake_link_script CMakeFiles/cmTC_235b9.dir/link.txt --verbose=1
/usr/bin/cmake -E rm -f CMakeFiles/cmTC_235b9.dir/objects.a
/usr/bin/x86_64-w64-mingw32-ar qc CMakeFiles/cmTC_235b9.dir/objects.a @CMakeFiles/cmTC_235b9.dir/objects1.rsp
/usr/bin/x86_64-w64-mingw32-gcc  -idirafter "/home/taiwei/code/myBeijingHell/external/SDL2/src/video/khronos"  -D_GNU_SOURCE=1 -Wl,--whole-archive CMakeFiles/cmTC_235b9.dir/objects.a -Wl,--no-whole-archive -o cmTC_235b9.exe -Wl,--out-implib,libcmTC_235b9.dll.a -Wl,--major-image-version,0,--minor-image-version,0 @CMakeFiles/cmTC_235b9.dir/linklibs.rsp
gmake[1]: Leaving directory '/home/taiwei/code/myBeijingHell/build-windows/CMakeFiles/CMakeTmp'


File /home/taiwei/code/myBeijingHell/build-windows/CMakeFiles/CMakeTmp/CheckSymbolExists.c:
/* */
#include <stddef.h>
#include <stdarg.h>
#include <stdlib.h>
#include <string.h>
#include <stdio.h>
#include <wchar.h>
#include <float.h>

int main(int argc, char** argv)
{
  (void)argv;
#ifndef fseeko
  return ((int*)(&fseeko))[argc];
#else
  (void)argc;
  return 0;
#endif
}
Determining if the fseeko64 exist passed with the following output:
Change Dir: /home/taiwei/code/myBeijingHell/build-windows/CMakeFiles/CMakeTmp

Run Build Command(s):/usr/bin/gmake -f Makefile cmTC_48e26/fast && /usr/bin/gmake  -f CMakeFiles/cmTC_48e26.dir/build.make CMakeFiles/cmTC_48e26.dir/build
gmake[1]: Entering directory '/home/taiwei/code/myBeijingHell/build-windows/CMakeFiles/CMakeTmp'
Building C object CMakeFiles/cmTC_48e26.dir/CheckSymbolExists.c.obj
/usr/bin/x86_64-w64-mingw32-gcc   -idirafter "/home/taiwei/code/myBeijingHell/external/SDL2/src/video/khronos"  -D_GNU_SOURCE=1 -o CMakeFiles/cmTC_48e26.dir/CheckSymbolExists.c.obj -c /home/taiwei/code/myBeijingHell/build-windows/CMakeFiles/CMakeTmp/CheckSymbolExists.c
Linking C executable cmTC_48e26.exe
/usr/bin/cmake -E cmake_link_script CMakeFiles/cmTC_48e26.dir/link.txt --verbose=1
/usr/bin/cmake -E rm -f CMakeFiles/cmTC_48e26.dir/objects.a
/usr/bin/x86_64-w64-mingw32-ar qc CMakeFiles/cmTC_48e26.dir/objects.a @CMakeFiles/cmTC_48e26.dir/objects1.rsp
/usr/bin/x86_64-w64-mingw32-gcc  -idirafter "/home/taiwei/code/myBeijingHell/external/SDL2/src/video/khronos"  -D_GNU_SOURCE=1 -Wl,--whole-archive CMakeFiles/cmTC_48e26.dir/objects.a -Wl,--no-whole-archive -o cmTC_48e26.exe -Wl,--out-implib,libcmTC_48e26.dll.a -Wl,--major-image-version,0,--minor-image-version,0 @CMakeFiles/cmTC_48e26.dir/linklibs.rsp
gmake[1]: Leaving directory '/home/taiwei/code/myBeijingHell/build-windows/CMakeFiles/CMakeTmp'


File /home/taiwei/code/myBeijingHell/build-windows/CMakeFiles/CMakeTmp/CheckSymbolExists.c:
/* */
#include <stddef.h>
#include <stdarg.h>
#include <stdlib.h>
#include <string.h>
#include <stdio.h>
#include <wchar.h>
#include <float.h>

int main(int argc, char** argv)
{
  (void)argv;
#ifndef fseeko64
  return ((int*)(&fseeko64))[argc];
#else
  (void)argc;
  return 0;
#endif
}
Determining if the _Exit exist passed with the following output:
Change Dir: /home/taiwei/code/myBeijingHell/build-windows/CMakeFiles/CMakeTmp

Run Build Command(s):/usr/bin/gmake -f Makefile cmTC_0e1c9/fast && /usr/bin/gmake  -f CMakeFiles/cmTC_0e1c9.dir/build.make CMakeFiles/cmTC_0e1c9.dir/build
gmake[1]: Entering directory '/home/taiwei/code/myBeijingHell/build-windows/CMakeFiles/CMakeTmp'
Building C object CMakeFiles/cmTC_0e1c9.dir/CheckSymbolExists.c.obj
/usr/bin/x86_64-w64-mingw32-gcc   -idirafter "/home/taiwei/code/myBeijingHell/external/SDL2/src/video/khronos"  -D_GNU_SOURCE=1 -o CMakeFiles/cmTC_0e1c9.dir/CheckSymbolExists.c.obj -c /home/taiwei/code/myBeijingHell/build-windows/CMakeFiles/CMakeTmp/CheckSymbolExists.c
Linking C executable cmTC_0e1c9.exe
/usr/bin/cmake -E cmake_link_script CMakeFiles/cmTC_0e1c9.dir/link.txt --verbose=1
/usr/bin/cmake -E rm -f CMakeFiles/cmTC_0e1c9.dir/objects.a
/usr/bin/x86_64-w64-mingw32-ar qc CMakeFiles/cmTC_0e1c9.dir/objects.a @CMakeFiles/cmTC_0e1c9.dir/objects1.rsp
/usr/bin/x86_64-w64-mingw32-gcc  -idirafter "/home/taiwei/code/myBeijingHell/external/SDL2/src/video/khronos"  -D_GNU_SOURCE=1 -Wl,--whole-archive CMakeFiles/cmTC_0e1c9.dir/objects.a -Wl,--no-whole-archive -o cmTC_0e1c9.exe -Wl,--out-implib,libcmTC_0e1c9.dll.a -Wl,--major-image-version,0,--minor-image-version,0 @CMakeFiles/cmTC_0e1c9.dir/linklibs.rsp
gmake[1]: Leaving directory '/home/taiwei/code/myBeijingHell/build-windows/CMakeFiles/CMakeTmp'


File /home/taiwei/code/myBeijingHell/build-windows/CMakeFiles/CMakeTmp/CheckSymbolExists.c:
/* */
#include <stddef.h>
#include <stdarg.h>
#include <stdlib.h>
#include <string.h>
#include <stdio.h>
#include <wchar.h>
#include <float.h>

int main(int argc, char** argv)
{
  (void)argv;
#ifndef _Exit
  return ((int*)(&_Exit))[argc];
#else
  (void)argc;
  return 0;
#endif
}
Determining if the setjmp exist passed with the following output:
Change Dir: /home/taiwei/code/myBeijingHell/build-windows/CMakeFiles/CMakeTmp

Run Build Command(s):/usr/bin/gmake -f Makefile cmTC_3a9ab/fast && /usr/bin/gmake  -f CMakeFiles/cmTC_3a9ab.dir/build.make CMakeFiles/cmTC_3a9ab.dir/build
gmake[1]: Entering directory '/home/taiwei/code/myBeijingHell/build-windows/CMakeFiles/CMakeTmp'
Building C object CMakeFiles/cmTC_3a9ab.dir/CheckSymbolExists.c.obj
/usr/bin/x86_64-w64-mingw32-gcc   -idirafter "/home/taiwei/code/myBeijingHell/external/SDL2/src/video/khronos"  -D_GNU_SOURCE=1 -o CMakeFiles/cmTC_3a9ab.dir/CheckSymbolExists.c.obj -c /home/taiwei/code/myBeijingHell/build-windows/CMakeFiles/CMakeTmp/CheckSymbolExists.c
Linking C executable cmTC_3a9ab.exe
/usr/bin/cmake -E cmake_link_script CMakeFiles/cmTC_3a9ab.dir/link.txt --verbose=1
/usr/bin/cmake -E rm -f CMakeFiles/cmTC_3a9ab.dir/objects.a
/usr/bin/x86_64-w64-mingw32-ar qc CMakeFiles/cmTC_3a9ab.dir/objects.a @CMakeFiles/cmTC_3a9ab.dir/objects1.rsp
/usr/bin/x86_64-w64-mingw32-gcc  -idirafter "/home/taiwei/code/myBeijingHell/external/SDL2/src/video/khronos"  -D_GNU_SOURCE=1 -Wl,--whole-archive CMakeFiles/cmTC_3a9ab.dir/objects.a -Wl,--no-whole-archive -o cmTC_3a9ab.exe -Wl,--out-implib,libcmTC_3a9ab.dll.a -Wl,--major-image-version,0,--minor-image-version,0 @CMakeFiles/cmTC_3a9ab.dir/linklibs.rsp
gmake[1]: Leaving directory '/home/taiwei/code/myBeijingHell/build-windows/CMakeFiles/CMakeTmp'


File /home/taiwei/code/myBeijingHell/build-windows/CMakeFiles/CMakeTmp/CheckSymbolExists.c:
/* */
#include <setjmp.h>

int main(int argc, char** argv)
{
  (void)argv;
#ifndef setjmp
  return ((int*)(&setjmp))[argc];
#else
  (void)argc;
  return 0;
#endif
}
Determining if the function pow exists in the m passed with the following output:
Change Dir: /home/taiwei/code/myBeijingHell/build-windows/CMakeFiles/CMakeTmp

Run Build Command(s):/usr/bin/gmake -f Makefile cmTC_d7120/fast && /usr/bin/gmake  -f CMakeFiles/cmTC_d7120.dir/build.make CMakeFiles/cmTC_d7120.dir/build
gmake[1]: Entering directory '/home/taiwei/code/myBeijingHell/build-windows/CMakeFiles/CMakeTmp'
Building C object CMakeFiles/cmTC_d7120.dir/CheckFunctionExists.c.obj
/usr/bin/x86_64-w64-mingw32-gcc   -idirafter "/home/taiwei/code/myBeijingHell/external/SDL2/src/video/khronos" -DCHECK_FUNCTION_EXISTS=pow  -D_GNU_SOURCE=1 -o CMakeFiles/cmTC_d7120.dir/CheckFunctionExists.c.obj -c /usr/share/cmake-3.22/Modules/CheckFunctionExists.c
<command-line>: warning: conflicting types for built-in function ‘pow’; expected ‘double(double,  double)’ [-Wbuiltin-declaration-mismatch]
/usr/share/cmake-3.22/Modules/CheckFunctionExists.c:7:3: note: in expansion of macro ‘CHECK_FUNCTION_EXISTS’
    7 |   CHECK_FUNCTION_EXISTS(void);
      |   ^~~~~~~~~~~~~~~~~~~~~
/usr/share/cmake-3.22/Modules/CheckFunctionExists.c:1:1: note: ‘pow’ is declared in header ‘<math.h>’
  +++ |+#include <math.h>
    1 | #ifdef CHECK_FUNCTION_EXISTS
Linking C executable cmTC_d7120.exe
/usr/bin/cmake -E cmake_link_script CMakeFiles/cmTC_d7120.dir/link.txt --verbose=1
/usr/bin/cmake -E rm -f CMakeFiles/cmTC_d7120.dir/objects.a
/usr/bin/x86_64-w64-mingw32-ar qc CMakeFiles/cmTC_d7120.dir/objects.a @CMakeFiles/cmTC_d7120.dir/objects1.rsp
/usr/bin/x86_64-w64-mingw32-gcc  -idirafter "/home/taiwei/code/myBeijingHell/external/SDL2/src/video/khronos" -DCHECK_FUNCTION_EXISTS=pow  -D_GNU_SOURCE=1 -Wl,--whole-archive CMakeFiles/cmTC_d7120.dir/objects.a -Wl,--no-whole-archive -o cmTC_d7120.exe -Wl,--out-implib,libcmTC_d7120.dll.a -Wl,--major-image-version,0,--minor-image-version,0 @CMakeFiles/cmTC_d7120.dir/linklibs.rsp
gmake[1]: Leaving directory '/home/taiwei/code/myBeijingHell/build-windows/CMakeFiles/CMakeTmp'



Determining if the atan exist passed with the following output:
Change Dir: /home/taiwei/code/myBeijingHell/build-windows/CMakeFiles/CMakeTmp

Run Build Command(s):/usr/bin/gmake -f Makefile cmTC_b80f1/fast && /usr/bin/gmake  -f CMakeFiles/cmTC_b80f1.dir/build.make CMakeFiles/cmTC_b80f1.dir/build
gmake[1]: Entering directory '/home/taiwei/code/myBeijingHell/build-windows/CMakeFiles/CMakeTmp'
Building C object CMakeFiles/cmTC_b80f1.dir/CheckSymbolExists.c.obj
/usr/bin/x86_64-w64-mingw32-gcc   -idirafter "/home/taiwei/code/myBeijingHell/external/SDL2/src/video/khronos"  -D_GNU_SOURCE=1 -o CMakeFiles/cmTC_b80f1.dir/CheckSymbolExists.c.obj -c /home/taiwei/code/myBeijingHell/build-windows/CMakeFiles/CMakeTmp/CheckSymbolExists.c
Linking C executable cmTC_b80f1.exe
/usr/bin/cmake -E cmake_link_script CMakeFiles/cmTC_b80f1.dir/link.txt --verbose=1
/usr/bin/cmake -E rm -f CMakeFiles/cmTC_b80f1.dir/objects.a
/usr/bin/x86_64-w64-mingw32-ar qc CMakeFiles/cmTC_b80f1.dir/objects.a @CMakeFiles/cmTC_b80f1.dir/objects1.rsp
/usr/bin/x86_64-w64-mingw32-gcc  -idirafter "/home/taiwei/code/myBeijingHell/external/SDL2/src/video/khronos"  -D_GNU_SOURCE=1 -Wl,--whole-archive CMakeFiles/cmTC_b80f1.dir/objects.a -Wl,--no-whole-archive -o cmTC_b80f1.exe -Wl,--out-implib,libcmTC_b80f1.dll.a -Wl,--major-image-version,0,--minor-image-version,0 @CMakeFiles/cmTC_b80f1.dir/linklibs.rsp
gmake[1]: Leaving directory '/home/taiwei/code/myBeijingHell/build-windows/CMakeFiles/CMakeTmp'


File /home/taiwei/code/myBeijingHell/build-windows/CMakeFiles/CMakeTmp/CheckSymbolExists.c:
/* */
#include <math.h>

int main(int argc, char** argv)
{
  (void)argv;
#ifndef atan
  return ((int*)(&atan))[argc];
#else
  (void)argc;
  return 0;
#endif
}
Determining if the atan2 exist passed with the following output:
Change Dir: /home/taiwei/code/myBeijingHell/build-windows/CMakeFiles/CMakeTmp

Run Build Command(s):/usr/bin/gmake -f Makefile cmTC_05c99/fast && /usr/bin/gmake  -f CMakeFiles/cmTC_05c99.dir/build.make CMakeFiles/cmTC_05c99.dir/build
gmake[1]: Entering directory '/home/taiwei/code/myBeijingHell/build-windows/CMakeFiles/CMakeTmp'
Building C object CMakeFiles/cmTC_05c99.dir/CheckSymbolExists.c.obj
/usr/bin/x86_64-w64-mingw32-gcc   -idirafter "/home/taiwei/code/myBeijingHell/external/SDL2/src/video/khronos"  -D_GNU_SOURCE=1 -o CMakeFiles/cmTC_05c99.dir/CheckSymbolExists.c.obj -c /home/taiwei/code/myBeijingHell/build-windows/CMakeFiles/CMakeTmp/CheckSymbolExists.c
Linking C executable cmTC_05c99.exe
/usr/bin/cmake -E cmake_link_script CMakeFiles/cmTC_05c99.dir/link.txt --verbose=1
/usr/bin/cmake -E rm -f CMakeFiles/cmTC_05c99.dir/objects.a
/usr/bin/x86_64-w64-mingw32-ar qc CMakeFiles/cmTC_05c99.dir/objects.a @CMakeFiles/cmTC_05c99.dir/objects1.rsp
/usr/bin/x86_64-w64-mingw32-gcc  -idirafter "/home/taiwei/code/myBeijingHell/external/SDL2/src/video/khronos"  -D_GNU_SOURCE=1 -Wl,--whole-archive CMakeFiles/cmTC_05c99.dir/objects.a -Wl,--no-whole-archive -o cmTC_05c99.exe -Wl,--out-implib,libcmTC_05c99.dll.a -Wl,--major-image-version,0,--minor-image-version,0 @CMakeFiles/cmTC_05c99.dir/linklibs.rsp
gmake[1]: Leaving directory '/home/taiwei/code/myBeijingHell/build-windows/CMakeFiles/CMakeTmp'


File /home/taiwei/code/myBeijingHell/build-windows/CMakeFiles/CMakeTmp/CheckSymbolExists.c:
/* */
#include <math.h>

int main(int argc, char** argv)
{
  (void)argv;
#ifndef atan2
  return ((int*)(&atan2))[argc];
#else
  (void)argc;
  return 0;
#endif
}
Determining if the atanf exist passed with the following output:
Change Dir: /home/taiwei/code/myBeijingHell/build-windows/CMakeFiles/CMakeTmp

Run Build Command(s):/usr/bin/gmake -f Makefile cmTC_74c17/fast && /usr/bin/gmake  -f CMakeFiles/cmTC_74c17.dir/build.make CMakeFiles/cmTC_74c17.dir/build
gmake[1]: Entering directory '/home/taiwei/code/myBeijingHell/build-windows/CMakeFiles/CMakeTmp'
Building C object CMakeFiles/cmTC_74c17.dir/CheckSymbolExists.c.obj
/usr/bin/x86_64-w64-mingw32-gcc   -idirafter "/home/taiwei/code/myBeijingHell/external/SDL2/src/video/khronos"  -D_GNU_SOURCE=1 -o CMakeFiles/cmTC_74c17.dir/CheckSymbolExists.c.obj -c /home/taiwei/code/myBeijingHell/build-windows/CMakeFiles/CMakeTmp/CheckSymbolExists.c
Linking C executable cmTC_74c17.exe
/usr/bin/cmake -E cmake_link_script CMakeFiles/cmTC_74c17.dir/link.txt --verbose=1
/usr/bin/cmake -E rm -f CMakeFiles/cmTC_74c17.dir/objects.a
/usr/bin/x86_64-w64-mingw32-ar qc CMakeFiles/cmTC_74c17.dir/objects.a @CMakeFiles/cmTC_74c17.dir/objects1.rsp
/usr/bin/x86_64-w64-mingw32-gcc  -idirafter "/home/taiwei/code/myBeijingHell/external/SDL2/src/video/khronos"  -D_GNU_SOURCE=1 -Wl,--whole-archive CMakeFiles/cmTC_74c17.dir/objects.a -Wl,--no-whole-archive -o cmTC_74c17.exe -Wl,--out-implib,libcmTC_74c17.dll.a -Wl,--major-image-version,0,--minor-image-version,0 @CMakeFiles/cmTC_74c17.dir/linklibs.rsp
gmake[1]: Leaving directory '/home/taiwei/code/myBeijingHell/build-windows/CMakeFiles/CMakeTmp'


File /home/taiwei/code/myBeijingHell/build-windows/CMakeFiles/CMakeTmp/CheckSymbolExists.c:
/* */
#include <math.h>

int main(int argc, char** argv)
{
  (void)argv;
#ifndef atanf
  return ((int*)(&atanf))[argc];
#else
  (void)argc;
  return 0;
#endif
}
Determining if the atan2f exist passed with the following output:
Change Dir: /home/taiwei/code/myBeijingHell/build-windows/CMakeFiles/CMakeTmp

Run Build Command(s):/usr/bin/gmake -f Makefile cmTC_be9bb/fast && /usr/bin/gmake  -f CMakeFiles/cmTC_be9bb.dir/build.make CMakeFiles/cmTC_be9bb.dir/build
gmake[1]: Entering directory '/home/taiwei/code/myBeijingHell/build-windows/CMakeFiles/CMakeTmp'
Building C object CMakeFiles/cmTC_be9bb.dir/CheckSymbolExists.c.obj
/usr/bin/x86_64-w64-mingw32-gcc   -idirafter "/home/taiwei/code/myBeijingHell/external/SDL2/src/video/khronos"  -D_GNU_SOURCE=1 -o CMakeFiles/cmTC_be9bb.dir/CheckSymbolExists.c.obj -c /home/taiwei/code/myBeijingHell/build-windows/CMakeFiles/CMakeTmp/CheckSymbolExists.c
Linking C executable cmTC_be9bb.exe
/usr/bin/cmake -E cmake_link_script CMakeFiles/cmTC_be9bb.dir/link.txt --verbose=1
/usr/bin/cmake -E rm -f CMakeFiles/cmTC_be9bb.dir/objects.a
/usr/bin/x86_64-w64-mingw32-ar qc CMakeFiles/cmTC_be9bb.dir/objects.a @CMakeFiles/cmTC_be9bb.dir/objects1.rsp
/usr/bin/x86_64-w64-mingw32-gcc  -idirafter "/home/taiwei/code/myBeijingHell/external/SDL2/src/video/khronos"  -D_GNU_SOURCE=1 -Wl,--whole-archive CMakeFiles/cmTC_be9bb.dir/objects.a -Wl,--no-whole-archive -o cmTC_be9bb.exe -Wl,--out-implib,libcmTC_be9bb.dll.a -Wl,--major-image-version,0,--minor-image-version,0 @CMakeFiles/cmTC_be9bb.dir/linklibs.rsp
gmake[1]: Leaving directory '/home/taiwei/code/myBeijingHell/build-windows/CMakeFiles/CMakeTmp'


File /home/taiwei/code/myBeijingHell/build-windows/CMakeFiles/CMakeTmp/CheckSymbolExists.c:
/* */
#include <math.h>

int main(int argc, char** argv)
{
  (void)argv;
#ifndef atan2f
  return ((int*)(&atan2f))[argc];
#else
  (void)argc;
  return 0;
#endif
}
Determining if the ceil exist passed with the following output:
Change Dir: /home/taiwei/code/myBeijingHell/build-windows/CMakeFiles/CMakeTmp

Run Build Command(s):/usr/bin/gmake -f Makefile cmTC_697cf/fast && /usr/bin/gmake  -f CMakeFiles/cmTC_697cf.dir/build.make CMakeFiles/cmTC_697cf.dir/build
gmake[1]: Entering directory '/home/taiwei/code/myBeijingHell/build-windows/CMakeFiles/CMakeTmp'
Building C object CMakeFiles/cmTC_697cf.dir/CheckSymbolExists.c.obj
/usr/bin/x86_64-w64-mingw32-gcc   -idirafter "/home/taiwei/code/myBeijingHell/external/SDL2/src/video/khronos"  -D_GNU_SOURCE=1 -o CMakeFiles/cmTC_697cf.dir/CheckSymbolExists.c.obj -c /home/taiwei/code/myBeijingHell/build-windows/CMakeFiles/CMakeTmp/CheckSymbolExists.c
Linking C executable cmTC_697cf.exe
/usr/bin/cmake -E cmake_link_script CMakeFiles/cmTC_697cf.dir/link.txt --verbose=1
/usr/bin/cmake -E rm -f CMakeFiles/cmTC_697cf.dir/objects.a
/usr/bin/x86_64-w64-mingw32-ar qc CMakeFiles/cmTC_697cf.dir/objects.a @CMakeFiles/cmTC_697cf.dir/objects1.rsp
/usr/bin/x86_64-w64-mingw32-gcc  -idirafter "/home/taiwei/code/myBeijingHell/external/SDL2/src/video/khronos"  -D_GNU_SOURCE=1 -Wl,--whole-archive CMakeFiles/cmTC_697cf.dir/objects.a -Wl,--no-whole-archive -o cmTC_697cf.exe -Wl,--out-implib,libcmTC_697cf.dll.a -Wl,--major-image-version,0,--minor-image-version,0 @CMakeFiles/cmTC_697cf.dir/linklibs.rsp
gmake[1]: Leaving directory '/home/taiwei/code/myBeijingHell/build-windows/CMakeFiles/CMakeTmp'


File /home/taiwei/code/myBeijingHell/build-windows/CMakeFiles/CMakeTmp/CheckSymbolExists.c:
/* */
#include <math.h>

int main(int argc, char** argv)
{
  (void)argv;
#ifndef ceil
  return ((int*)(&ceil))[argc];
#else
  (void)argc;
  return 0;
#endif
}
Determining if the ceilf exist passed with the following output:
Change Dir: /home/taiwei/code/myBeijingHell/build-windows/CMakeFiles/CMakeTmp

Run Build Command(s):/usr/bin/gmake -f Makefile cmTC_0b60f/fast && /usr/bin/gmake  -f CMakeFiles/cmTC_0b60f.dir/build.make CMakeFiles/cmTC_0b60f.dir/build
gmake[1]: Entering directory '/home/taiwei/code/myBeijingHell/build-windows/CMakeFiles/CMakeTmp'
Building C object CMakeFiles/cmTC_0b60f.dir/CheckSymbolExists.c.obj
/usr/bin/x86_64-w64-mingw32-gcc   -idirafter "/home/taiwei/code/myBeijingHell/external/SDL2/src/video/khronos"  -D_GNU_SOURCE=1 -o CMakeFiles/cmTC_0b60f.dir/CheckSymbolExists.c.obj -c /home/taiwei/code/myBeijingHell/build-windows/CMakeFiles/CMakeTmp/CheckSymbolExists.c
Linking C executable cmTC_0b60f.exe
/usr/bin/cmake -E cmake_link_script CMakeFiles/cmTC_0b60f.dir/link.txt --verbose=1
/usr/bin/cmake -E rm -f CMakeFiles/cmTC_0b60f.dir/objects.a
/usr/bin/x86_64-w64-mingw32-ar qc CMakeFiles/cmTC_0b60f.dir/objects.a @CMakeFiles/cmTC_0b60f.dir/objects1.rsp
/usr/bin/x86_64-w64-mingw32-gcc  -idirafter "/home/taiwei/code/myBeijingHell/external/SDL2/src/video/khronos"  -D_GNU_SOURCE=1 -Wl,--whole-archive CMakeFiles/cmTC_0b60f.dir/objects.a -Wl,--no-whole-archive -o cmTC_0b60f.exe -Wl,--out-implib,libcmTC_0b60f.dll.a -Wl,--major-image-version,0,--minor-image-version,0 @CMakeFiles/cmTC_0b60f.dir/linklibs.rsp
gmake[1]: Leaving directory '/home/taiwei/code/myBeijingHell/build-windows/CMakeFiles/CMakeTmp'


File /home/taiwei/code/myBeijingHell/build-windows/CMakeFiles/CMakeTmp/CheckSymbolExists.c:
/* */
#include <math.h>

int main(int argc, char** argv)
{
  (void)argv;
#ifndef ceilf
  return ((int*)(&ceilf))[argc];
#else
  (void)argc;
  return 0;
#endif
}
Determining if the copysign exist passed with the following output:
Change Dir: /home/taiwei/code/myBeijingHell/build-windows/CMakeFiles/CMakeTmp

Run Build Command(s):/usr/bin/gmake -f Makefile cmTC_dccde/fast && /usr/bin/gmake  -f CMakeFiles/cmTC_dccde.dir/build.make CMakeFiles/cmTC_dccde.dir/build
gmake[1]: Entering directory '/home/taiwei/code/myBeijingHell/build-windows/CMakeFiles/CMakeTmp'
Building C object CMakeFiles/cmTC_dccde.dir/CheckSymbolExists.c.obj
/usr/bin/x86_64-w64-mingw32-gcc   -idirafter "/home/taiwei/code/myBeijingHell/external/SDL2/src/video/khronos"  -D_GNU_SOURCE=1 -o CMakeFiles/cmTC_dccde.dir/CheckSymbolExists.c.obj -c /home/taiwei/code/myBeijingHell/build-windows/CMakeFiles/CMakeTmp/CheckSymbolExists.c
Linking C executable cmTC_dccde.exe
/usr/bin/cmake -E cmake_link_script CMakeFiles/cmTC_dccde.dir/link.txt --verbose=1
/usr/bin/cmake -E rm -f CMakeFiles/cmTC_dccde.dir/objects.a
/usr/bin/x86_64-w64-mingw32-ar qc CMakeFiles/cmTC_dccde.dir/objects.a @CMakeFiles/cmTC_dccde.dir/objects1.rsp
/usr/bin/x86_64-w64-mingw32-gcc  -idirafter "/home/taiwei/code/myBeijingHell/external/SDL2/src/video/khronos"  -D_GNU_SOURCE=1 -Wl,--whole-archive CMakeFiles/cmTC_dccde.dir/objects.a -Wl,--no-whole-archive -o cmTC_dccde.exe -Wl,--out-implib,libcmTC_dccde.dll.a -Wl,--major-image-version,0,--minor-image-version,0 @CMakeFiles/cmTC_dccde.dir/linklibs.rsp
gmake[1]: Leaving directory '/home/taiwei/code/myBeijingHell/build-windows/CMakeFiles/CMakeTmp'


File /home/taiwei/code/myBeijingHell/build-windows/CMakeFiles/CMakeTmp/CheckSymbolExists.c:
/* */
#include <math.h>

int main(int argc, char** argv)
{
  (void)argv;
#ifndef copysign
  return ((int*)(&copysign))[argc];
#else
  (void)argc;
  return 0;
#endif
}
Determining if the copysignf exist passed with the following output:
Change Dir: /home/taiwei/code/myBeijingHell/build-windows/CMakeFiles/CMakeTmp

Run Build Command(s):/usr/bin/gmake -f Makefile cmTC_9a76b/fast && /usr/bin/gmake  -f CMakeFiles/cmTC_9a76b.dir/build.make CMakeFiles/cmTC_9a76b.dir/build
gmake[1]: Entering directory '/home/taiwei/code/myBeijingHell/build-windows/CMakeFiles/CMakeTmp'
Building C object CMakeFiles/cmTC_9a76b.dir/CheckSymbolExists.c.obj
/usr/bin/x86_64-w64-mingw32-gcc   -idirafter "/home/taiwei/code/myBeijingHell/external/SDL2/src/video/khronos"  -D_GNU_SOURCE=1 -o CMakeFiles/cmTC_9a76b.dir/CheckSymbolExists.c.obj -c /home/taiwei/code/myBeijingHell/build-windows/CMakeFiles/CMakeTmp/CheckSymbolExists.c
Linking C executable cmTC_9a76b.exe
/usr/bin/cmake -E cmake_link_script CMakeFiles/cmTC_9a76b.dir/link.txt --verbose=1
/usr/bin/cmake -E rm -f CMakeFiles/cmTC_9a76b.dir/objects.a
/usr/bin/x86_64-w64-mingw32-ar qc CMakeFiles/cmTC_9a76b.dir/objects.a @CMakeFiles/cmTC_9a76b.dir/objects1.rsp
/usr/bin/x86_64-w64-mingw32-gcc  -idirafter "/home/taiwei/code/myBeijingHell/external/SDL2/src/video/khronos"  -D_GNU_SOURCE=1 -Wl,--whole-archive CMakeFiles/cmTC_9a76b.dir/objects.a -Wl,--no-whole-archive -o cmTC_9a76b.exe -Wl,--out-implib,libcmTC_9a76b.dll.a -Wl,--major-image-version,0,--minor-image-version,0 @CMakeFiles/cmTC_9a76b.dir/linklibs.rsp
gmake[1]: Leaving directory '/home/taiwei/code/myBeijingHell/build-windows/CMakeFiles/CMakeTmp'


File /home/taiwei/code/myBeijingHell/build-windows/CMakeFiles/CMakeTmp/CheckSymbolExists.c:
/* */
#include <math.h>

int main(int argc, char** argv)
{
  (void)argv;
#ifndef copysignf
  return ((int*)(&copysignf))[argc];
#else
  (void)argc;
  return 0;
#endif
}
Determining if the cos exist passed with the following output:
Change Dir: /home/taiwei/code/myBeijingHell/build-windows/CMakeFiles/CMakeTmp

Run Build Command(s):/usr/bin/gmake -f Makefile cmTC_61041/fast && /usr/bin/gmake  -f CMakeFiles/cmTC_61041.dir/build.make CMakeFiles/cmTC_61041.dir/build
gmake[1]: Entering directory '/home/taiwei/code/myBeijingHell/build-windows/CMakeFiles/CMakeTmp'
Building C object CMakeFiles/cmTC_61041.dir/CheckSymbolExists.c.obj
/usr/bin/x86_64-w64-mingw32-gcc   -idirafter "/home/taiwei/code/myBeijingHell/external/SDL2/src/video/khronos"  -D_GNU_SOURCE=1 -o CMakeFiles/cmTC_61041.dir/CheckSymbolExists.c.obj -c /home/taiwei/code/myBeijingHell/build-windows/CMakeFiles/CMakeTmp/CheckSymbolExists.c
Linking C executable cmTC_61041.exe
/usr/bin/cmake -E cmake_link_script CMakeFiles/cmTC_61041.dir/link.txt --verbose=1
/usr/bin/cmake -E rm -f CMakeFiles/cmTC_61041.dir/objects.a
/usr/bin/x86_64-w64-mingw32-ar qc CMakeFiles/cmTC_61041.dir/objects.a @CMakeFiles/cmTC_61041.dir/objects1.rsp
/usr/bin/x86_64-w64-mingw32-gcc  -idirafter "/home/taiwei/code/myBeijingHell/external/SDL2/src/video/khronos"  -D_GNU_SOURCE=1 -Wl,--whole-archive CMakeFiles/cmTC_61041.dir/objects.a -Wl,--no-whole-archive -o cmTC_61041.exe -Wl,--out-implib,libcmTC_61041.dll.a -Wl,--major-image-version,0,--minor-image-version,0 @CMakeFiles/cmTC_61041.dir/linklibs.rsp
gmake[1]: Leaving directory '/home/taiwei/code/myBeijingHell/build-windows/CMakeFiles/CMakeTmp'


File /home/taiwei/code/myBeijingHell/build-windows/CMakeFiles/CMakeTmp/CheckSymbolExists.c:
/* */
#include <math.h>

int main(int argc, char** argv)
{
  (void)argv;
#ifndef cos
  return ((int*)(&cos))[argc];
#else
  (void)argc;
  return 0;
#endif
}
Determining if the cosf exist passed with the following output:
Change Dir: /home/taiwei/code/myBeijingHell/build-windows/CMakeFiles/CMakeTmp

Run Build Command(s):/usr/bin/gmake -f Makefile cmTC_3b1fd/fast && /usr/bin/gmake  -f CMakeFiles/cmTC_3b1fd.dir/build.make CMakeFiles/cmTC_3b1fd.dir/build
gmake[1]: Entering directory '/home/taiwei/code/myBeijingHell/build-windows/CMakeFiles/CMakeTmp'
Building C object CMakeFiles/cmTC_3b1fd.dir/CheckSymbolExists.c.obj
/usr/bin/x86_64-w64-mingw32-gcc   -idirafter "/home/taiwei/code/myBeijingHell/external/SDL2/src/video/khronos"  -D_GNU_SOURCE=1 -o CMakeFiles/cmTC_3b1fd.dir/CheckSymbolExists.c.obj -c /home/taiwei/code/myBeijingHell/build-windows/CMakeFiles/CMakeTmp/CheckSymbolExists.c
Linking C executable cmTC_3b1fd.exe
/usr/bin/cmake -E cmake_link_script CMakeFiles/cmTC_3b1fd.dir/link.txt --verbose=1
/usr/bin/cmake -E rm -f CMakeFiles/cmTC_3b1fd.dir/objects.a
/usr/bin/x86_64-w64-mingw32-ar qc CMakeFiles/cmTC_3b1fd.dir/objects.a @CMakeFiles/cmTC_3b1fd.dir/objects1.rsp
/usr/bin/x86_64-w64-mingw32-gcc  -idirafter "/home/taiwei/code/myBeijingHell/external/SDL2/src/video/khronos"  -D_GNU_SOURCE=1 -Wl,--whole-archive CMakeFiles/cmTC_3b1fd.dir/objects.a -Wl,--no-whole-archive -o cmTC_3b1fd.exe -Wl,--out-implib,libcmTC_3b1fd.dll.a -Wl,--major-image-version,0,--minor-image-version,0 @CMakeFiles/cmTC_3b1fd.dir/linklibs.rsp
gmake[1]: Leaving directory '/home/taiwei/code/myBeijingHell/build-windows/CMakeFiles/CMakeTmp'


File /home/taiwei/code/myBeijingHell/build-windows/CMakeFiles/CMakeTmp/CheckSymbolExists.c:
/* */
#include <math.h>

int main(int argc, char** argv)
{
  (void)argv;
#ifndef cosf
  return ((int*)(&cosf))[argc];
#else
  (void)argc;
  return 0;
#endif
}
Determining if the exp exist passed with the following output:
Change Dir: /home/taiwei/code/myBeijingHell/build-windows/CMakeFiles/CMakeTmp

Run Build Command(s):/usr/bin/gmake -f Makefile cmTC_ed7c2/fast && /usr/bin/gmake  -f CMakeFiles/cmTC_ed7c2.dir/build.make CMakeFiles/cmTC_ed7c2.dir/build
gmake[1]: Entering directory '/home/taiwei/code/myBeijingHell/build-windows/CMakeFiles/CMakeTmp'
Building C object CMakeFiles/cmTC_ed7c2.dir/CheckSymbolExists.c.obj
/usr/bin/x86_64-w64-mingw32-gcc   -idirafter "/home/taiwei/code/myBeijingHell/external/SDL2/src/video/khronos"  -D_GNU_SOURCE=1 -o CMakeFiles/cmTC_ed7c2.dir/CheckSymbolExists.c.obj -c /home/taiwei/code/myBeijingHell/build-windows/CMakeFiles/CMakeTmp/CheckSymbolExists.c
Linking C executable cmTC_ed7c2.exe
/usr/bin/cmake -E cmake_link_script CMakeFiles/cmTC_ed7c2.dir/link.txt --verbose=1
/usr/bin/cmake -E rm -f CMakeFiles/cmTC_ed7c2.dir/objects.a
/usr/bin/x86_64-w64-mingw32-ar qc CMakeFiles/cmTC_ed7c2.dir/objects.a @CMakeFiles/cmTC_ed7c2.dir/objects1.rsp
/usr/bin/x86_64-w64-mingw32-gcc  -idirafter "/home/taiwei/code/myBeijingHell/external/SDL2/src/video/khronos"  -D_GNU_SOURCE=1 -Wl,--whole-archive CMakeFiles/cmTC_ed7c2.dir/objects.a -Wl,--no-whole-archive -o cmTC_ed7c2.exe -Wl,--out-implib,libcmTC_ed7c2.dll.a -Wl,--major-image-version,0,--minor-image-version,0 @CMakeFiles/cmTC_ed7c2.dir/linklibs.rsp
gmake[1]: Leaving directory '/home/taiwei/code/myBeijingHell/build-windows/CMakeFiles/CMakeTmp'


File /home/taiwei/code/myBeijingHell/build-windows/CMakeFiles/CMakeTmp/CheckSymbolExists.c:
/* */
#include <math.h>

int main(int argc, char** argv)
{
  (void)argv;
#ifndef exp
  return ((int*)(&exp))[argc];
#else
  (void)argc;
  return 0;
#endif
}
Determining if the expf exist passed with the following output:
Change Dir: /home/taiwei/code/myBeijingHell/build-windows/CMakeFiles/CMakeTmp

Run Build Command(s):/usr/bin/gmake -f Makefile cmTC_02534/fast && /usr/bin/gmake  -f CMakeFiles/cmTC_02534.dir/build.make CMakeFiles/cmTC_02534.dir/build
gmake[1]: Entering directory '/home/taiwei/code/myBeijingHell/build-windows/CMakeFiles/CMakeTmp'
Building C object CMakeFiles/cmTC_02534.dir/CheckSymbolExists.c.obj
/usr/bin/x86_64-w64-mingw32-gcc   -idirafter "/home/taiwei/code/myBeijingHell/external/SDL2/src/video/khronos"  -D_GNU_SOURCE=1 -o CMakeFiles/cmTC_02534.dir/CheckSymbolExists.c.obj -c /home/taiwei/code/myBeijingHell/build-windows/CMakeFiles/CMakeTmp/CheckSymbolExists.c
Linking C executable cmTC_02534.exe
/usr/bin/cmake -E cmake_link_script CMakeFiles/cmTC_02534.dir/link.txt --verbose=1
/usr/bin/cmake -E rm -f CMakeFiles/cmTC_02534.dir/objects.a
/usr/bin/x86_64-w64-mingw32-ar qc CMakeFiles/cmTC_02534.dir/objects.a @CMakeFiles/cmTC_02534.dir/objects1.rsp
/usr/bin/x86_64-w64-mingw32-gcc  -idirafter "/home/taiwei/code/myBeijingHell/external/SDL2/src/video/khronos"  -D_GNU_SOURCE=1 -Wl,--whole-archive CMakeFiles/cmTC_02534.dir/objects.a -Wl,--no-whole-archive -o cmTC_02534.exe -Wl,--out-implib,libcmTC_02534.dll.a -Wl,--major-image-version,0,--minor-image-version,0 @CMakeFiles/cmTC_02534.dir/linklibs.rsp
gmake[1]: Leaving directory '/home/taiwei/code/myBeijingHell/build-windows/CMakeFiles/CMakeTmp'


File /home/taiwei/code/myBeijingHell/build-windows/CMakeFiles/CMakeTmp/CheckSymbolExists.c:
/* */
#include <math.h>

int main(int argc, char** argv)
{
  (void)argv;
#ifndef expf
  return ((int*)(&expf))[argc];
#else
  (void)argc;
  return 0;
#endif
}
Determining if the fabs exist passed with the following output:
Change Dir: /home/taiwei/code/myBeijingHell/build-windows/CMakeFiles/CMakeTmp

Run Build Command(s):/usr/bin/gmake -f Makefile cmTC_fae44/fast && /usr/bin/gmake  -f CMakeFiles/cmTC_fae44.dir/build.make CMakeFiles/cmTC_fae44.dir/build
gmake[1]: Entering directory '/home/taiwei/code/myBeijingHell/build-windows/CMakeFiles/CMakeTmp'
Building C object CMakeFiles/cmTC_fae44.dir/CheckSymbolExists.c.obj
/usr/bin/x86_64-w64-mingw32-gcc   -idirafter "/home/taiwei/code/myBeijingHell/external/SDL2/src/video/khronos"  -D_GNU_SOURCE=1 -o CMakeFiles/cmTC_fae44.dir/CheckSymbolExists.c.obj -c /home/taiwei/code/myBeijingHell/build-windows/CMakeFiles/CMakeTmp/CheckSymbolExists.c
Linking C executable cmTC_fae44.exe
/usr/bin/cmake -E cmake_link_script CMakeFiles/cmTC_fae44.dir/link.txt --verbose=1
/usr/bin/cmake -E rm -f CMakeFiles/cmTC_fae44.dir/objects.a
/usr/bin/x86_64-w64-mingw32-ar qc CMakeFiles/cmTC_fae44.dir/objects.a @CMakeFiles/cmTC_fae44.dir/objects1.rsp
/usr/bin/x86_64-w64-mingw32-gcc  -idirafter "/home/taiwei/code/myBeijingHell/external/SDL2/src/video/khronos"  -D_GNU_SOURCE=1 -Wl,--whole-archive CMakeFiles/cmTC_fae44.dir/objects.a -Wl,--no-whole-archive -o cmTC_fae44.exe -Wl,--out-implib,libcmTC_fae44.dll.a -Wl,--major-image-version,0,--minor-image-version,0 @CMakeFiles/cmTC_fae44.dir/linklibs.rsp
gmake[1]: Leaving directory '/home/taiwei/code/myBeijingHell/build-windows/CMakeFiles/CMakeTmp'


File /home/taiwei/code/myBeijingHell/build-windows/CMakeFiles/CMakeTmp/CheckSymbolExists.c:
/* */
#include <math.h>

int main(int argc, char** argv)
{
  (void)argv;
#ifndef fabs
  return ((int*)(&fabs))[argc];
#else
  (void)argc;
  return 0;
#endif
}
Determining if the fabsf exist passed with the following output:
Change Dir: /home/taiwei/code/myBeijingHell/build-windows/CMakeFiles/CMakeTmp

Run Build Command(s):/usr/bin/gmake -f Makefile cmTC_e14ed/fast && /usr/bin/gmake  -f CMakeFiles/cmTC_e14ed.dir/build.make CMakeFiles/cmTC_e14ed.dir/build
gmake[1]: Entering directory '/home/taiwei/code/myBeijingHell/build-windows/CMakeFiles/CMakeTmp'
Building C object CMakeFiles/cmTC_e14ed.dir/CheckSymbolExists.c.obj
/usr/bin/x86_64-w64-mingw32-gcc   -idirafter "/home/taiwei/code/myBeijingHell/external/SDL2/src/video/khronos"  -D_GNU_SOURCE=1 -o CMakeFiles/cmTC_e14ed.dir/CheckSymbolExists.c.obj -c /home/taiwei/code/myBeijingHell/build-windows/CMakeFiles/CMakeTmp/CheckSymbolExists.c
Linking C executable cmTC_e14ed.exe
/usr/bin/cmake -E cmake_link_script CMakeFiles/cmTC_e14ed.dir/link.txt --verbose=1
/usr/bin/cmake -E rm -f CMakeFiles/cmTC_e14ed.dir/objects.a
/usr/bin/x86_64-w64-mingw32-ar qc CMakeFiles/cmTC_e14ed.dir/objects.a @CMakeFiles/cmTC_e14ed.dir/objects1.rsp
/usr/bin/x86_64-w64-mingw32-gcc  -idirafter "/home/taiwei/code/myBeijingHell/external/SDL2/src/video/khronos"  -D_GNU_SOURCE=1 -Wl,--whole-archive CMakeFiles/cmTC_e14ed.dir/objects.a -Wl,--no-whole-archive -o cmTC_e14ed.exe -Wl,--out-implib,libcmTC_e14ed.dll.a -Wl,--major-image-version,0,--minor-image-version,0 @CMakeFiles/cmTC_e14ed.dir/linklibs.rsp
gmake[1]: Leaving directory '/home/taiwei/code/myBeijingHell/build-windows/CMakeFiles/CMakeTmp'


File /home/taiwei/code/myBeijingHell/build-windows/CMakeFiles/CMakeTmp/CheckSymbolExists.c:
/* */
#include <math.h>

int main(int argc, char** argv)
{
  (void)argv;
#ifndef fabsf
  return ((int*)(&fabsf))[argc];
#else
  (void)argc;
  return 0;
#endif
}
Determining if the floor exist passed with the following output:
Change Dir: /home/taiwei/code/myBeijingHell/build-windows/CMakeFiles/CMakeTmp

Run Build Command(s):/usr/bin/gmake -f Makefile cmTC_5543c/fast && /usr/bin/gmake  -f CMakeFiles/cmTC_5543c.dir/build.make CMakeFiles/cmTC_5543c.dir/build
gmake[1]: Entering directory '/home/taiwei/code/myBeijingHell/build-windows/CMakeFiles/CMakeTmp'
Building C object CMakeFiles/cmTC_5543c.dir/CheckSymbolExists.c.obj
/usr/bin/x86_64-w64-mingw32-gcc   -idirafter "/home/taiwei/code/myBeijingHell/external/SDL2/src/video/khronos"  -D_GNU_SOURCE=1 -o CMakeFiles/cmTC_5543c.dir/CheckSymbolExists.c.obj -c /home/taiwei/code/myBeijingHell/build-windows/CMakeFiles/CMakeTmp/CheckSymbolExists.c
Linking C executable cmTC_5543c.exe
/usr/bin/cmake -E cmake_link_script CMakeFiles/cmTC_5543c.dir/link.txt --verbose=1
/usr/bin/cmake -E rm -f CMakeFiles/cmTC_5543c.dir/objects.a
/usr/bin/x86_64-w64-mingw32-ar qc CMakeFiles/cmTC_5543c.dir/objects.a @CMakeFiles/cmTC_5543c.dir/objects1.rsp
/usr/bin/x86_64-w64-mingw32-gcc  -idirafter "/home/taiwei/code/myBeijingHell/external/SDL2/src/video/khronos"  -D_GNU_SOURCE=1 -Wl,--whole-archive CMakeFiles/cmTC_5543c.dir/objects.a -Wl,--no-whole-archive -o cmTC_5543c.exe -Wl,--out-implib,libcmTC_5543c.dll.a -Wl,--major-image-version,0,--minor-image-version,0 @CMakeFiles/cmTC_5543c.dir/linklibs.rsp
gmake[1]: Leaving directory '/home/taiwei/code/myBeijingHell/build-windows/CMakeFiles/CMakeTmp'


File /home/taiwei/code/myBeijingHell/build-windows/CMakeFiles/CMakeTmp/CheckSymbolExists.c:
/* */
#include <math.h>

int main(int argc, char** argv)
{
  (void)argv;
#ifndef floor
  return ((int*)(&floor))[argc];
#else
  (void)argc;
  return 0;
#endif
}
Determining if the floorf exist passed with the following output:
Change Dir: /home/taiwei/code/myBeijingHell/build-windows/CMakeFiles/CMakeTmp

Run Build Command(s):/usr/bin/gmake -f Makefile cmTC_e2c24/fast && /usr/bin/gmake  -f CMakeFiles/cmTC_e2c24.dir/build.make CMakeFiles/cmTC_e2c24.dir/build
gmake[1]: Entering directory '/home/taiwei/code/myBeijingHell/build-windows/CMakeFiles/CMakeTmp'
Building C object CMakeFiles/cmTC_e2c24.dir/CheckSymbolExists.c.obj
/usr/bin/x86_64-w64-mingw32-gcc   -idirafter "/home/taiwei/code/myBeijingHell/external/SDL2/src/video/khronos"  -D_GNU_SOURCE=1 -o CMakeFiles/cmTC_e2c24.dir/CheckSymbolExists.c.obj -c /home/taiwei/code/myBeijingHell/build-windows/CMakeFiles/CMakeTmp/CheckSymbolExists.c
Linking C executable cmTC_e2c24.exe
/usr/bin/cmake -E cmake_link_script CMakeFiles/cmTC_e2c24.dir/link.txt --verbose=1
/usr/bin/cmake -E rm -f CMakeFiles/cmTC_e2c24.dir/objects.a
/usr/bin/x86_64-w64-mingw32-ar qc CMakeFiles/cmTC_e2c24.dir/objects.a @CMakeFiles/cmTC_e2c24.dir/objects1.rsp
/usr/bin/x86_64-w64-mingw32-gcc  -idirafter "/home/taiwei/code/myBeijingHell/external/SDL2/src/video/khronos"  -D_GNU_SOURCE=1 -Wl,--whole-archive CMakeFiles/cmTC_e2c24.dir/objects.a -Wl,--no-whole-archive -o cmTC_e2c24.exe -Wl,--out-implib,libcmTC_e2c24.dll.a -Wl,--major-image-version,0,--minor-image-version,0 @CMakeFiles/cmTC_e2c24.dir/linklibs.rsp
gmake[1]: Leaving directory '/home/taiwei/code/myBeijingHell/build-windows/CMakeFiles/CMakeTmp'


File /home/taiwei/code/myBeijingHell/build-windows/CMakeFiles/CMakeTmp/CheckSymbolExists.c:
/* */
#include <math.h>

int main(int argc, char** argv)
{
  (void)argv;
#ifndef floorf
  return ((int*)(&floorf))[argc];
#else
  (void)argc;
  return 0;
#endif
}
Determining if the fmod exist passed with the following output:
Change Dir: /home/taiwei/code/myBeijingHell/build-windows/CMakeFiles/CMakeTmp

Run Build Command(s):/usr/bin/gmake -f Makefile cmTC_aeff4/fast && /usr/bin/gmake  -f CMakeFiles/cmTC_aeff4.dir/build.make CMakeFiles/cmTC_aeff4.dir/build
gmake[1]: Entering directory '/home/taiwei/code/myBeijingHell/build-windows/CMakeFiles/CMakeTmp'
Building C object CMakeFiles/cmTC_aeff4.dir/CheckSymbolExists.c.obj
/usr/bin/x86_64-w64-mingw32-gcc   -idirafter "/home/taiwei/code/myBeijingHell/external/SDL2/src/video/khronos"  -D_GNU_SOURCE=1 -o CMakeFiles/cmTC_aeff4.dir/CheckSymbolExists.c.obj -c /home/taiwei/code/myBeijingHell/build-windows/CMakeFiles/CMakeTmp/CheckSymbolExists.c
Linking C executable cmTC_aeff4.exe
/usr/bin/cmake -E cmake_link_script CMakeFiles/cmTC_aeff4.dir/link.txt --verbose=1
/usr/bin/cmake -E rm -f CMakeFiles/cmTC_aeff4.dir/objects.a
/usr/bin/x86_64-w64-mingw32-ar qc CMakeFiles/cmTC_aeff4.dir/objects.a @CMakeFiles/cmTC_aeff4.dir/objects1.rsp
/usr/bin/x86_64-w64-mingw32-gcc  -idirafter "/home/taiwei/code/myBeijingHell/external/SDL2/src/video/khronos"  -D_GNU_SOURCE=1 -Wl,--whole-archive CMakeFiles/cmTC_aeff4.dir/objects.a -Wl,--no-whole-archive -o cmTC_aeff4.exe -Wl,--out-implib,libcmTC_aeff4.dll.a -Wl,--major-image-version,0,--minor-image-version,0 @CMakeFiles/cmTC_aeff4.dir/linklibs.rsp
gmake[1]: Leaving directory '/home/taiwei/code/myBeijingHell/build-windows/CMakeFiles/CMakeTmp'


File /home/taiwei/code/myBeijingHell/build-windows/CMakeFiles/CMakeTmp/CheckSymbolExists.c:
/* */
#include <math.h>

int main(int argc, char** argv)
{
  (void)argv;
#ifndef fmod
  return ((int*)(&fmod))[argc];
#else
  (void)argc;
  return 0;
#endif
}
Determining if the fmodf exist passed with the following output:
Change Dir: /home/taiwei/code/myBeijingHell/build-windows/CMakeFiles/CMakeTmp

Run Build Command(s):/usr/bin/gmake -f Makefile cmTC_38b19/fast && /usr/bin/gmake  -f CMakeFiles/cmTC_38b19.dir/build.make CMakeFiles/cmTC_38b19.dir/build
gmake[1]: Entering directory '/home/taiwei/code/myBeijingHell/build-windows/CMakeFiles/CMakeTmp'
Building C object CMakeFiles/cmTC_38b19.dir/CheckSymbolExists.c.obj
/usr/bin/x86_64-w64-mingw32-gcc   -idirafter "/home/taiwei/code/myBeijingHell/external/SDL2/src/video/khronos"  -D_GNU_SOURCE=1 -o CMakeFiles/cmTC_38b19.dir/CheckSymbolExists.c.obj -c /home/taiwei/code/myBeijingHell/build-windows/CMakeFiles/CMakeTmp/CheckSymbolExists.c
Linking C executable cmTC_38b19.exe
/usr/bin/cmake -E cmake_link_script CMakeFiles/cmTC_38b19.dir/link.txt --verbose=1
/usr/bin/cmake -E rm -f CMakeFiles/cmTC_38b19.dir/objects.a
/usr/bin/x86_64-w64-mingw32-ar qc CMakeFiles/cmTC_38b19.dir/objects.a @CMakeFiles/cmTC_38b19.dir/objects1.rsp
/usr/bin/x86_64-w64-mingw32-gcc  -idirafter "/home/taiwei/code/myBeijingHell/external/SDL2/src/video/khronos"  -D_GNU_SOURCE=1 -Wl,--whole-archive CMakeFiles/cmTC_38b19.dir/objects.a -Wl,--no-whole-archive -o cmTC_38b19.exe -Wl,--out-implib,libcmTC_38b19.dll.a -Wl,--major-image-version,0,--minor-image-version,0 @CMakeFiles/cmTC_38b19.dir/linklibs.rsp
gmake[1]: Leaving directory '/home/taiwei/code/myBeijingHell/build-windows/CMakeFiles/CMakeTmp'


File /home/taiwei/code/myBeijingHell/build-windows/CMakeFiles/CMakeTmp/CheckSymbolExists.c:
/* */
#include <math.h>

int main(int argc, char** argv)
{
  (void)argv;
#ifndef fmodf
  return ((int*)(&fmodf))[argc];
#else
  (void)argc;
  return 0;
#endif
}
Determining if the log exist passed with the following output:
Change Dir: /home/taiwei/code/myBeijingHell/build-windows/CMakeFiles/CMakeTmp

Run Build Command(s):/usr/bin/gmake -f Makefile cmTC_860ab/fast && /usr/bin/gmake  -f CMakeFiles/cmTC_860ab.dir/build.make CMakeFiles/cmTC_860ab.dir/build
gmake[1]: Entering directory '/home/taiwei/code/myBeijingHell/build-windows/CMakeFiles/CMakeTmp'
Building C object CMakeFiles/cmTC_860ab.dir/CheckSymbolExists.c.obj
/usr/bin/x86_64-w64-mingw32-gcc   -idirafter "/home/taiwei/code/myBeijingHell/external/SDL2/src/video/khronos"  -D_GNU_SOURCE=1 -o CMakeFiles/cmTC_860ab.dir/CheckSymbolExists.c.obj -c /home/taiwei/code/myBeijingHell/build-windows/CMakeFiles/CMakeTmp/CheckSymbolExists.c
Linking C executable cmTC_860ab.exe
/usr/bin/cmake -E cmake_link_script CMakeFiles/cmTC_860ab.dir/link.txt --verbose=1
/usr/bin/cmake -E rm -f CMakeFiles/cmTC_860ab.dir/objects.a
/usr/bin/x86_64-w64-mingw32-ar qc CMakeFiles/cmTC_860ab.dir/objects.a @CMakeFiles/cmTC_860ab.dir/objects1.rsp
/usr/bin/x86_64-w64-mingw32-gcc  -idirafter "/home/taiwei/code/myBeijingHell/external/SDL2/src/video/khronos"  -D_GNU_SOURCE=1 -Wl,--whole-archive CMakeFiles/cmTC_860ab.dir/objects.a -Wl,--no-whole-archive -o cmTC_860ab.exe -Wl,--out-implib,libcmTC_860ab.dll.a -Wl,--major-image-version,0,--minor-image-version,0 @CMakeFiles/cmTC_860ab.dir/linklibs.rsp
gmake[1]: Leaving directory '/home/taiwei/code/myBeijingHell/build-windows/CMakeFiles/CMakeTmp'


File /home/taiwei/code/myBeijingHell/build-windows/CMakeFiles/CMakeTmp/CheckSymbolExists.c:
/* */
#include <math.h>

int main(int argc, char** argv)
{
  (void)argv;
#ifndef log
  return ((int*)(&log))[argc];
#else
  (void)argc;
  return 0;
#endif
}
Determining if the logf exist passed with the following output:
Change Dir: /home/taiwei/code/myBeijingHell/build-windows/CMakeFiles/CMakeTmp

Run Build Command(s):/usr/bin/gmake -f Makefile cmTC_ec055/fast && /usr/bin/gmake  -f CMakeFiles/cmTC_ec055.dir/build.make CMakeFiles/cmTC_ec055.dir/build
gmake[1]: Entering directory '/home/taiwei/code/myBeijingHell/build-windows/CMakeFiles/CMakeTmp'
Building C object CMakeFiles/cmTC_ec055.dir/CheckSymbolExists.c.obj
/usr/bin/x86_64-w64-mingw32-gcc   -idirafter "/home/taiwei/code/myBeijingHell/external/SDL2/src/video/khronos"  -D_GNU_SOURCE=1 -o CMakeFiles/cmTC_ec055.dir/CheckSymbolExists.c.obj -c /home/taiwei/code/myBeijingHell/build-windows/CMakeFiles/CMakeTmp/CheckSymbolExists.c
Linking C executable cmTC_ec055.exe
/usr/bin/cmake -E cmake_link_script CMakeFiles/cmTC_ec055.dir/link.txt --verbose=1
/usr/bin/cmake -E rm -f CMakeFiles/cmTC_ec055.dir/objects.a
/usr/bin/x86_64-w64-mingw32-ar qc CMakeFiles/cmTC_ec055.dir/objects.a @CMakeFiles/cmTC_ec055.dir/objects1.rsp
/usr/bin/x86_64-w64-mingw32-gcc  -idirafter "/home/taiwei/code/myBeijingHell/external/SDL2/src/video/khronos"  -D_GNU_SOURCE=1 -Wl,--whole-archive CMakeFiles/cmTC_ec055.dir/objects.a -Wl,--no-whole-archive -o cmTC_ec055.exe -Wl,--out-implib,libcmTC_ec055.dll.a -Wl,--major-image-version,0,--minor-image-version,0 @CMakeFiles/cmTC_ec055.dir/linklibs.rsp
gmake[1]: Leaving directory '/home/taiwei/code/myBeijingHell/build-windows/CMakeFiles/CMakeTmp'


File /home/taiwei/code/myBeijingHell/build-windows/CMakeFiles/CMakeTmp/CheckSymbolExists.c:
/* */
#include <math.h>

int main(int argc, char** argv)
{
  (void)argv;
#ifndef logf
  return ((int*)(&logf))[argc];
#else
  (void)argc;
  return 0;
#endif
}
Determining if the log10 exist passed with the following output:
Change Dir: /home/taiwei/code/myBeijingHell/build-windows/CMakeFiles/CMakeTmp

Run Build Command(s):/usr/bin/gmake -f Makefile cmTC_0e599/fast && /usr/bin/gmake  -f CMakeFiles/cmTC_0e599.dir/build.make CMakeFiles/cmTC_0e599.dir/build
gmake[1]: Entering directory '/home/taiwei/code/myBeijingHell/build-windows/CMakeFiles/CMakeTmp'
Building C object CMakeFiles/cmTC_0e599.dir/CheckSymbolExists.c.obj
/usr/bin/x86_64-w64-mingw32-gcc   -idirafter "/home/taiwei/code/myBeijingHell/external/SDL2/src/video/khronos"  -D_GNU_SOURCE=1 -o CMakeFiles/cmTC_0e599.dir/CheckSymbolExists.c.obj -c /home/taiwei/code/myBeijingHell/build-windows/CMakeFiles/CMakeTmp/CheckSymbolExists.c
Linking C executable cmTC_0e599.exe
/usr/bin/cmake -E cmake_link_script CMakeFiles/cmTC_0e599.dir/link.txt --verbose=1
/usr/bin/cmake -E rm -f CMakeFiles/cmTC_0e599.dir/objects.a
/usr/bin/x86_64-w64-mingw32-ar qc CMakeFiles/cmTC_0e599.dir/objects.a @CMakeFiles/cmTC_0e599.dir/objects1.rsp
/usr/bin/x86_64-w64-mingw32-gcc  -idirafter "/home/taiwei/code/myBeijingHell/external/SDL2/src/video/khronos"  -D_GNU_SOURCE=1 -Wl,--whole-archive CMakeFiles/cmTC_0e599.dir/objects.a -Wl,--no-whole-archive -o cmTC_0e599.exe -Wl,--out-implib,libcmTC_0e599.dll.a -Wl,--major-image-version,0,--minor-image-version,0 @CMakeFiles/cmTC_0e599.dir/linklibs.rsp
gmake[1]: Leaving directory '/home/taiwei/code/myBeijingHell/build-windows/CMakeFiles/CMakeTmp'


File /home/taiwei/code/myBeijingHell/build-windows/CMakeFiles/CMakeTmp/CheckSymbolExists.c:
/* */
#include <math.h>

int main(int argc, char** argv)
{
  (void)argv;
#ifndef log10
  return ((int*)(&log10))[argc];
#else
  (void)argc;
  return 0;
#endif
}
Determining if the log10f exist passed with the following output:
Change Dir: /home/taiwei/code/myBeijingHell/build-windows/CMakeFiles/CMakeTmp

Run Build Command(s):/usr/bin/gmake -f Makefile cmTC_d628c/fast && /usr/bin/gmake  -f CMakeFiles/cmTC_d628c.dir/build.make CMakeFiles/cmTC_d628c.dir/build
gmake[1]: Entering directory '/home/taiwei/code/myBeijingHell/build-windows/CMakeFiles/CMakeTmp'
Building C object CMakeFiles/cmTC_d628c.dir/CheckSymbolExists.c.obj
/usr/bin/x86_64-w64-mingw32-gcc   -idirafter "/home/taiwei/code/myBeijingHell/external/SDL2/src/video/khronos"  -D_GNU_SOURCE=1 -o CMakeFiles/cmTC_d628c.dir/CheckSymbolExists.c.obj -c /home/taiwei/code/myBeijingHell/build-windows/CMakeFiles/CMakeTmp/CheckSymbolExists.c
Linking C executable cmTC_d628c.exe
/usr/bin/cmake -E cmake_link_script CMakeFiles/cmTC_d628c.dir/link.txt --verbose=1
/usr/bin/cmake -E rm -f CMakeFiles/cmTC_d628c.dir/objects.a
/usr/bin/x86_64-w64-mingw32-ar qc CMakeFiles/cmTC_d628c.dir/objects.a @CMakeFiles/cmTC_d628c.dir/objects1.rsp
/usr/bin/x86_64-w64-mingw32-gcc  -idirafter "/home/taiwei/code/myBeijingHell/external/SDL2/src/video/khronos"  -D_GNU_SOURCE=1 -Wl,--whole-archive CMakeFiles/cmTC_d628c.dir/objects.a -Wl,--no-whole-archive -o cmTC_d628c.exe -Wl,--out-implib,libcmTC_d628c.dll.a -Wl,--major-image-version,0,--minor-image-version,0 @CMakeFiles/cmTC_d628c.dir/linklibs.rsp
gmake[1]: Leaving directory '/home/taiwei/code/myBeijingHell/build-windows/CMakeFiles/CMakeTmp'


File /home/taiwei/code/myBeijingHell/build-windows/CMakeFiles/CMakeTmp/CheckSymbolExists.c:
/* */
#include <math.h>

int main(int argc, char** argv)
{
  (void)argv;
#ifndef log10f
  return ((int*)(&log10f))[argc];
#else
  (void)argc;
  return 0;
#endif
}
Determining if the lround exist passed with the following output:
Change Dir: /home/taiwei/code/myBeijingHell/build-windows/CMakeFiles/CMakeTmp

Run Build Command(s):/usr/bin/gmake -f Makefile cmTC_276e5/fast && /usr/bin/gmake  -f CMakeFiles/cmTC_276e5.dir/build.make CMakeFiles/cmTC_276e5.dir/build
gmake[1]: Entering directory '/home/taiwei/code/myBeijingHell/build-windows/CMakeFiles/CMakeTmp'
Building C object CMakeFiles/cmTC_276e5.dir/CheckSymbolExists.c.obj
/usr/bin/x86_64-w64-mingw32-gcc   -idirafter "/home/taiwei/code/myBeijingHell/external/SDL2/src/video/khronos"  -D_GNU_SOURCE=1 -o CMakeFiles/cmTC_276e5.dir/CheckSymbolExists.c.obj -c /home/taiwei/code/myBeijingHell/build-windows/CMakeFiles/CMakeTmp/CheckSymbolExists.c
Linking C executable cmTC_276e5.exe
/usr/bin/cmake -E cmake_link_script CMakeFiles/cmTC_276e5.dir/link.txt --verbose=1
/usr/bin/cmake -E rm -f CMakeFiles/cmTC_276e5.dir/objects.a
/usr/bin/x86_64-w64-mingw32-ar qc CMakeFiles/cmTC_276e5.dir/objects.a @CMakeFiles/cmTC_276e5.dir/objects1.rsp
/usr/bin/x86_64-w64-mingw32-gcc  -idirafter "/home/taiwei/code/myBeijingHell/external/SDL2/src/video/khronos"  -D_GNU_SOURCE=1 -Wl,--whole-archive CMakeFiles/cmTC_276e5.dir/objects.a -Wl,--no-whole-archive -o cmTC_276e5.exe -Wl,--out-implib,libcmTC_276e5.dll.a -Wl,--major-image-version,0,--minor-image-version,0 @CMakeFiles/cmTC_276e5.dir/linklibs.rsp
gmake[1]: Leaving directory '/home/taiwei/code/myBeijingHell/build-windows/CMakeFiles/CMakeTmp'


File /home/taiwei/code/myBeijingHell/build-windows/CMakeFiles/CMakeTmp/CheckSymbolExists.c:
/* */
#include <math.h>

int main(int argc, char** argv)
{
  (void)argv;
#ifndef lround
  return ((int*)(&lround))[argc];
#else
  (void)argc;
  return 0;
#endif
}
Determining if the lroundf exist passed with the following output:
Change Dir: /home/taiwei/code/myBeijingHell/build-windows/CMakeFiles/CMakeTmp

Run Build Command(s):/usr/bin/gmake -f Makefile cmTC_96a46/fast && /usr/bin/gmake  -f CMakeFiles/cmTC_96a46.dir/build.make CMakeFiles/cmTC_96a46.dir/build
gmake[1]: Entering directory '/home/taiwei/code/myBeijingHell/build-windows/CMakeFiles/CMakeTmp'
Building C object CMakeFiles/cmTC_96a46.dir/CheckSymbolExists.c.obj
/usr/bin/x86_64-w64-mingw32-gcc   -idirafter "/home/taiwei/code/myBeijingHell/external/SDL2/src/video/khronos"  -D_GNU_SOURCE=1 -o CMakeFiles/cmTC_96a46.dir/CheckSymbolExists.c.obj -c /home/taiwei/code/myBeijingHell/build-windows/CMakeFiles/CMakeTmp/CheckSymbolExists.c
Linking C executable cmTC_96a46.exe
/usr/bin/cmake -E cmake_link_script CMakeFiles/cmTC_96a46.dir/link.txt --verbose=1
/usr/bin/cmake -E rm -f CMakeFiles/cmTC_96a46.dir/objects.a
/usr/bin/x86_64-w64-mingw32-ar qc CMakeFiles/cmTC_96a46.dir/objects.a @CMakeFiles/cmTC_96a46.dir/objects1.rsp
/usr/bin/x86_64-w64-mingw32-gcc  -idirafter "/home/taiwei/code/myBeijingHell/external/SDL2/src/video/khronos"  -D_GNU_SOURCE=1 -Wl,--whole-archive CMakeFiles/cmTC_96a46.dir/objects.a -Wl,--no-whole-archive -o cmTC_96a46.exe -Wl,--out-implib,libcmTC_96a46.dll.a -Wl,--major-image-version,0,--minor-image-version,0 @CMakeFiles/cmTC_96a46.dir/linklibs.rsp
gmake[1]: Leaving directory '/home/taiwei/code/myBeijingHell/build-windows/CMakeFiles/CMakeTmp'


File /home/taiwei/code/myBeijingHell/build-windows/CMakeFiles/CMakeTmp/CheckSymbolExists.c:
/* */
#include <math.h>

int main(int argc, char** argv)
{
  (void)argv;
#ifndef lroundf
  return ((int*)(&lroundf))[argc];
#else
  (void)argc;
  return 0;
#endif
}
Determining if the pow exist passed with the following output:
Change Dir: /home/taiwei/code/myBeijingHell/build-windows/CMakeFiles/CMakeTmp

Run Build Command(s):/usr/bin/gmake -f Makefile cmTC_c402c/fast && /usr/bin/gmake  -f CMakeFiles/cmTC_c402c.dir/build.make CMakeFiles/cmTC_c402c.dir/build
gmake[1]: Entering directory '/home/taiwei/code/myBeijingHell/build-windows/CMakeFiles/CMakeTmp'
Building C object CMakeFiles/cmTC_c402c.dir/CheckSymbolExists.c.obj
/usr/bin/x86_64-w64-mingw32-gcc   -idirafter "/home/taiwei/code/myBeijingHell/external/SDL2/src/video/khronos"  -D_GNU_SOURCE=1 -o CMakeFiles/cmTC_c402c.dir/CheckSymbolExists.c.obj -c /home/taiwei/code/myBeijingHell/build-windows/CMakeFiles/CMakeTmp/CheckSymbolExists.c
Linking C executable cmTC_c402c.exe
/usr/bin/cmake -E cmake_link_script CMakeFiles/cmTC_c402c.dir/link.txt --verbose=1
/usr/bin/cmake -E rm -f CMakeFiles/cmTC_c402c.dir/objects.a
/usr/bin/x86_64-w64-mingw32-ar qc CMakeFiles/cmTC_c402c.dir/objects.a @CMakeFiles/cmTC_c402c.dir/objects1.rsp
/usr/bin/x86_64-w64-mingw32-gcc  -idirafter "/home/taiwei/code/myBeijingHell/external/SDL2/src/video/khronos"  -D_GNU_SOURCE=1 -Wl,--whole-archive CMakeFiles/cmTC_c402c.dir/objects.a -Wl,--no-whole-archive -o cmTC_c402c.exe -Wl,--out-implib,libcmTC_c402c.dll.a -Wl,--major-image-version,0,--minor-image-version,0 @CMakeFiles/cmTC_c402c.dir/linklibs.rsp
gmake[1]: Leaving directory '/home/taiwei/code/myBeijingHell/build-windows/CMakeFiles/CMakeTmp'


File /home/taiwei/code/myBeijingHell/build-windows/CMakeFiles/CMakeTmp/CheckSymbolExists.c:
/* */
#include <math.h>

int main(int argc, char** argv)
{
  (void)argv;
#ifndef pow
  return ((int*)(&pow))[argc];
#else
  (void)argc;
  return 0;
#endif
}
Determining if the powf exist passed with the following output:
Change Dir: /home/taiwei/code/myBeijingHell/build-windows/CMakeFiles/CMakeTmp

Run Build Command(s):/usr/bin/gmake -f Makefile cmTC_a571e/fast && /usr/bin/gmake  -f CMakeFiles/cmTC_a571e.dir/build.make CMakeFiles/cmTC_a571e.dir/build
gmake[1]: Entering directory '/home/taiwei/code/myBeijingHell/build-windows/CMakeFiles/CMakeTmp'
Building C object CMakeFiles/cmTC_a571e.dir/CheckSymbolExists.c.obj
/usr/bin/x86_64-w64-mingw32-gcc   -idirafter "/home/taiwei/code/myBeijingHell/external/SDL2/src/video/khronos"  -D_GNU_SOURCE=1 -o CMakeFiles/cmTC_a571e.dir/CheckSymbolExists.c.obj -c /home/taiwei/code/myBeijingHell/build-windows/CMakeFiles/CMakeTmp/CheckSymbolExists.c
Linking C executable cmTC_a571e.exe
/usr/bin/cmake -E cmake_link_script CMakeFiles/cmTC_a571e.dir/link.txt --verbose=1
/usr/bin/cmake -E rm -f CMakeFiles/cmTC_a571e.dir/objects.a
/usr/bin/x86_64-w64-mingw32-ar qc CMakeFiles/cmTC_a571e.dir/objects.a @CMakeFiles/cmTC_a571e.dir/objects1.rsp
/usr/bin/x86_64-w64-mingw32-gcc  -idirafter "/home/taiwei/code/myBeijingHell/external/SDL2/src/video/khronos"  -D_GNU_SOURCE=1 -Wl,--whole-archive CMakeFiles/cmTC_a571e.dir/objects.a -Wl,--no-whole-archive -o cmTC_a571e.exe -Wl,--out-implib,libcmTC_a571e.dll.a -Wl,--major-image-version,0,--minor-image-version,0 @CMakeFiles/cmTC_a571e.dir/linklibs.rsp
gmake[1]: Leaving directory '/home/taiwei/code/myBeijingHell/build-windows/CMakeFiles/CMakeTmp'


File /home/taiwei/code/myBeijingHell/build-windows/CMakeFiles/CMakeTmp/CheckSymbolExists.c:
/* */
#include <math.h>

int main(int argc, char** argv)
{
  (void)argv;
#ifndef powf
  return ((int*)(&powf))[argc];
#else
  (void)argc;
  return 0;
#endif
}
Determining if the round exist passed with the following output:
Change Dir: /home/taiwei/code/myBeijingHell/build-windows/CMakeFiles/CMakeTmp

Run Build Command(s):/usr/bin/gmake -f Makefile cmTC_73e27/fast && /usr/bin/gmake  -f CMakeFiles/cmTC_73e27.dir/build.make CMakeFiles/cmTC_73e27.dir/build
gmake[1]: Entering directory '/home/taiwei/code/myBeijingHell/build-windows/CMakeFiles/CMakeTmp'
Building C object CMakeFiles/cmTC_73e27.dir/CheckSymbolExists.c.obj
/usr/bin/x86_64-w64-mingw32-gcc   -idirafter "/home/taiwei/code/myBeijingHell/external/SDL2/src/video/khronos"  -D_GNU_SOURCE=1 -o CMakeFiles/cmTC_73e27.dir/CheckSymbolExists.c.obj -c /home/taiwei/code/myBeijingHell/build-windows/CMakeFiles/CMakeTmp/CheckSymbolExists.c
Linking C executable cmTC_73e27.exe
/usr/bin/cmake -E cmake_link_script CMakeFiles/cmTC_73e27.dir/link.txt --verbose=1
/usr/bin/cmake -E rm -f CMakeFiles/cmTC_73e27.dir/objects.a
/usr/bin/x86_64-w64-mingw32-ar qc CMakeFiles/cmTC_73e27.dir/objects.a @CMakeFiles/cmTC_73e27.dir/objects1.rsp
/usr/bin/x86_64-w64-mingw32-gcc  -idirafter "/home/taiwei/code/myBeijingHell/external/SDL2/src/video/khronos"  -D_GNU_SOURCE=1 -Wl,--whole-archive CMakeFiles/cmTC_73e27.dir/objects.a -Wl,--no-whole-archive -o cmTC_73e27.exe -Wl,--out-implib,libcmTC_73e27.dll.a -Wl,--major-image-version,0,--minor-image-version,0 @CMakeFiles/cmTC_73e27.dir/linklibs.rsp
gmake[1]: Leaving directory '/home/taiwei/code/myBeijingHell/build-windows/CMakeFiles/CMakeTmp'


File /home/taiwei/code/myBeijingHell/build-windows/CMakeFiles/CMakeTmp/CheckSymbolExists.c:
/* */
#include <math.h>

int main(int argc, char** argv)
{
  (void)argv;
#ifndef round
  return ((int*)(&round))[argc];
#else
  (void)argc;
  return 0;
#endif
}
Determining if the roundf exist passed with the following output:
Change Dir: /home/taiwei/code/myBeijingHell/build-windows/CMakeFiles/CMakeTmp

Run Build Command(s):/usr/bin/gmake -f Makefile cmTC_1a113/fast && /usr/bin/gmake  -f CMakeFiles/cmTC_1a113.dir/build.make CMakeFiles/cmTC_1a113.dir/build
gmake[1]: Entering directory '/home/taiwei/code/myBeijingHell/build-windows/CMakeFiles/CMakeTmp'
Building C object CMakeFiles/cmTC_1a113.dir/CheckSymbolExists.c.obj
/usr/bin/x86_64-w64-mingw32-gcc   -idirafter "/home/taiwei/code/myBeijingHell/external/SDL2/src/video/khronos"  -D_GNU_SOURCE=1 -o CMakeFiles/cmTC_1a113.dir/CheckSymbolExists.c.obj -c /home/taiwei/code/myBeijingHell/build-windows/CMakeFiles/CMakeTmp/CheckSymbolExists.c
Linking C executable cmTC_1a113.exe
/usr/bin/cmake -E cmake_link_script CMakeFiles/cmTC_1a113.dir/link.txt --verbose=1
/usr/bin/cmake -E rm -f CMakeFiles/cmTC_1a113.dir/objects.a
/usr/bin/x86_64-w64-mingw32-ar qc CMakeFiles/cmTC_1a113.dir/objects.a @CMakeFiles/cmTC_1a113.dir/objects1.rsp
/usr/bin/x86_64-w64-mingw32-gcc  -idirafter "/home/taiwei/code/myBeijingHell/external/SDL2/src/video/khronos"  -D_GNU_SOURCE=1 -Wl,--whole-archive CMakeFiles/cmTC_1a113.dir/objects.a -Wl,--no-whole-archive -o cmTC_1a113.exe -Wl,--out-implib,libcmTC_1a113.dll.a -Wl,--major-image-version,0,--minor-image-version,0 @CMakeFiles/cmTC_1a113.dir/linklibs.rsp
gmake[1]: Leaving directory '/home/taiwei/code/myBeijingHell/build-windows/CMakeFiles/CMakeTmp'


File /home/taiwei/code/myBeijingHell/build-windows/CMakeFiles/CMakeTmp/CheckSymbolExists.c:
/* */
#include <math.h>

int main(int argc, char** argv)
{
  (void)argv;
#ifndef roundf
  return ((int*)(&roundf))[argc];
#else
  (void)argc;
  return 0;
#endif
}
Determining if the scalbn exist passed with the following output:
Change Dir: /home/taiwei/code/myBeijingHell/build-windows/CMakeFiles/CMakeTmp

Run Build Command(s):/usr/bin/gmake -f Makefile cmTC_c3b79/fast && /usr/bin/gmake  -f CMakeFiles/cmTC_c3b79.dir/build.make CMakeFiles/cmTC_c3b79.dir/build
gmake[1]: Entering directory '/home/taiwei/code/myBeijingHell/build-windows/CMakeFiles/CMakeTmp'
Building C object CMakeFiles/cmTC_c3b79.dir/CheckSymbolExists.c.obj
/usr/bin/x86_64-w64-mingw32-gcc   -idirafter "/home/taiwei/code/myBeijingHell/external/SDL2/src/video/khronos"  -D_GNU_SOURCE=1 -o CMakeFiles/cmTC_c3b79.dir/CheckSymbolExists.c.obj -c /home/taiwei/code/myBeijingHell/build-windows/CMakeFiles/CMakeTmp/CheckSymbolExists.c
Linking C executable cmTC_c3b79.exe
/usr/bin/cmake -E cmake_link_script CMakeFiles/cmTC_c3b79.dir/link.txt --verbose=1
/usr/bin/cmake -E rm -f CMakeFiles/cmTC_c3b79.dir/objects.a
/usr/bin/x86_64-w64-mingw32-ar qc CMakeFiles/cmTC_c3b79.dir/objects.a @CMakeFiles/cmTC_c3b79.dir/objects1.rsp
/usr/bin/x86_64-w64-mingw32-gcc  -idirafter "/home/taiwei/code/myBeijingHell/external/SDL2/src/video/khronos"  -D_GNU_SOURCE=1 -Wl,--whole-archive CMakeFiles/cmTC_c3b79.dir/objects.a -Wl,--no-whole-archive -o cmTC_c3b79.exe -Wl,--out-implib,libcmTC_c3b79.dll.a -Wl,--major-image-version,0,--minor-image-version,0 @CMakeFiles/cmTC_c3b79.dir/linklibs.rsp
gmake[1]: Leaving directory '/home/taiwei/code/myBeijingHell/build-windows/CMakeFiles/CMakeTmp'


File /home/taiwei/code/myBeijingHell/build-windows/CMakeFiles/CMakeTmp/CheckSymbolExists.c:
/* */
#include <math.h>

int main(int argc, char** argv)
{
  (void)argv;
#ifndef scalbn
  return ((int*)(&scalbn))[argc];
#else
  (void)argc;
  return 0;
#endif
}
Determining if the scalbnf exist passed with the following output:
Change Dir: /home/taiwei/code/myBeijingHell/build-windows/CMakeFiles/CMakeTmp

Run Build Command(s):/usr/bin/gmake -f Makefile cmTC_1aea6/fast && /usr/bin/gmake  -f CMakeFiles/cmTC_1aea6.dir/build.make CMakeFiles/cmTC_1aea6.dir/build
gmake[1]: Entering directory '/home/taiwei/code/myBeijingHell/build-windows/CMakeFiles/CMakeTmp'
Building C object CMakeFiles/cmTC_1aea6.dir/CheckSymbolExists.c.obj
/usr/bin/x86_64-w64-mingw32-gcc   -idirafter "/home/taiwei/code/myBeijingHell/external/SDL2/src/video/khronos"  -D_GNU_SOURCE=1 -o CMakeFiles/cmTC_1aea6.dir/CheckSymbolExists.c.obj -c /home/taiwei/code/myBeijingHell/build-windows/CMakeFiles/CMakeTmp/CheckSymbolExists.c
Linking C executable cmTC_1aea6.exe
/usr/bin/cmake -E cmake_link_script CMakeFiles/cmTC_1aea6.dir/link.txt --verbose=1
/usr/bin/cmake -E rm -f CMakeFiles/cmTC_1aea6.dir/objects.a
/usr/bin/x86_64-w64-mingw32-ar qc CMakeFiles/cmTC_1aea6.dir/objects.a @CMakeFiles/cmTC_1aea6.dir/objects1.rsp
/usr/bin/x86_64-w64-mingw32-gcc  -idirafter "/home/taiwei/code/myBeijingHell/external/SDL2/src/video/khronos"  -D_GNU_SOURCE=1 -Wl,--whole-archive CMakeFiles/cmTC_1aea6.dir/objects.a -Wl,--no-whole-archive -o cmTC_1aea6.exe -Wl,--out-implib,libcmTC_1aea6.dll.a -Wl,--major-image-version,0,--minor-image-version,0 @CMakeFiles/cmTC_1aea6.dir/linklibs.rsp
gmake[1]: Leaving directory '/home/taiwei/code/myBeijingHell/build-windows/CMakeFiles/CMakeTmp'


File /home/taiwei/code/myBeijingHell/build-windows/CMakeFiles/CMakeTmp/CheckSymbolExists.c:
/* */
#include <math.h>

int main(int argc, char** argv)
{
  (void)argv;
#ifndef scalbnf
  return ((int*)(&scalbnf))[argc];
#else
  (void)argc;
  return 0;
#endif
}
Determining if the sin exist passed with the following output:
Change Dir: /home/taiwei/code/myBeijingHell/build-windows/CMakeFiles/CMakeTmp

Run Build Command(s):/usr/bin/gmake -f Makefile cmTC_a8343/fast && /usr/bin/gmake  -f CMakeFiles/cmTC_a8343.dir/build.make CMakeFiles/cmTC_a8343.dir/build
gmake[1]: Entering directory '/home/taiwei/code/myBeijingHell/build-windows/CMakeFiles/CMakeTmp'
Building C object CMakeFiles/cmTC_a8343.dir/CheckSymbolExists.c.obj
/usr/bin/x86_64-w64-mingw32-gcc   -idirafter "/home/taiwei/code/myBeijingHell/external/SDL2/src/video/khronos"  -D_GNU_SOURCE=1 -o CMakeFiles/cmTC_a8343.dir/CheckSymbolExists.c.obj -c /home/taiwei/code/myBeijingHell/build-windows/CMakeFiles/CMakeTmp/CheckSymbolExists.c
Linking C executable cmTC_a8343.exe
/usr/bin/cmake -E cmake_link_script CMakeFiles/cmTC_a8343.dir/link.txt --verbose=1
/usr/bin/cmake -E rm -f CMakeFiles/cmTC_a8343.dir/objects.a
/usr/bin/x86_64-w64-mingw32-ar qc CMakeFiles/cmTC_a8343.dir/objects.a @CMakeFiles/cmTC_a8343.dir/objects1.rsp
/usr/bin/x86_64-w64-mingw32-gcc  -idirafter "/home/taiwei/code/myBeijingHell/external/SDL2/src/video/khronos"  -D_GNU_SOURCE=1 -Wl,--whole-archive CMakeFiles/cmTC_a8343.dir/objects.a -Wl,--no-whole-archive -o cmTC_a8343.exe -Wl,--out-implib,libcmTC_a8343.dll.a -Wl,--major-image-version,0,--minor-image-version,0 @CMakeFiles/cmTC_a8343.dir/linklibs.rsp
gmake[1]: Leaving directory '/home/taiwei/code/myBeijingHell/build-windows/CMakeFiles/CMakeTmp'


File /home/taiwei/code/myBeijingHell/build-windows/CMakeFiles/CMakeTmp/CheckSymbolExists.c:
/* */
#include <math.h>

int main(int argc, char** argv)
{
  (void)argv;
#ifndef sin
  return ((int*)(&sin))[argc];
#else
  (void)argc;
  return 0;
#endif
}
Determining if the sinf exist passed with the following output:
Change Dir: /home/taiwei/code/myBeijingHell/build-windows/CMakeFiles/CMakeTmp

Run Build Command(s):/usr/bin/gmake -f Makefile cmTC_beef2/fast && /usr/bin/gmake  -f CMakeFiles/cmTC_beef2.dir/build.make CMakeFiles/cmTC_beef2.dir/build
gmake[1]: Entering directory '/home/taiwei/code/myBeijingHell/build-windows/CMakeFiles/CMakeTmp'
Building C object CMakeFiles/cmTC_beef2.dir/CheckSymbolExists.c.obj
/usr/bin/x86_64-w64-mingw32-gcc   -idirafter "/home/taiwei/code/myBeijingHell/external/SDL2/src/video/khronos"  -D_GNU_SOURCE=1 -o CMakeFiles/cmTC_beef2.dir/CheckSymbolExists.c.obj -c /home/taiwei/code/myBeijingHell/build-windows/CMakeFiles/CMakeTmp/CheckSymbolExists.c
Linking C executable cmTC_beef2.exe
/usr/bin/cmake -E cmake_link_script CMakeFiles/cmTC_beef2.dir/link.txt --verbose=1
/usr/bin/cmake -E rm -f CMakeFiles/cmTC_beef2.dir/objects.a
/usr/bin/x86_64-w64-mingw32-ar qc CMakeFiles/cmTC_beef2.dir/objects.a @CMakeFiles/cmTC_beef2.dir/objects1.rsp
/usr/bin/x86_64-w64-mingw32-gcc  -idirafter "/home/taiwei/code/myBeijingHell/external/SDL2/src/video/khronos"  -D_GNU_SOURCE=1 -Wl,--whole-archive CMakeFiles/cmTC_beef2.dir/objects.a -Wl,--no-whole-archive -o cmTC_beef2.exe -Wl,--out-implib,libcmTC_beef2.dll.a -Wl,--major-image-version,0,--minor-image-version,0 @CMakeFiles/cmTC_beef2.dir/linklibs.rsp
gmake[1]: Leaving directory '/home/taiwei/code/myBeijingHell/build-windows/CMakeFiles/CMakeTmp'


File /home/taiwei/code/myBeijingHell/build-windows/CMakeFiles/CMakeTmp/CheckSymbolExists.c:
/* */
#include <math.h>

int main(int argc, char** argv)
{
  (void)argv;
#ifndef sinf
  return ((int*)(&sinf))[argc];
#else
  (void)argc;
  return 0;
#endif
}
Determining if the sqrt exist passed with the following output:
Change Dir: /home/taiwei/code/myBeijingHell/build-windows/CMakeFiles/CMakeTmp

Run Build Command(s):/usr/bin/gmake -f Makefile cmTC_a898a/fast && /usr/bin/gmake  -f CMakeFiles/cmTC_a898a.dir/build.make CMakeFiles/cmTC_a898a.dir/build
gmake[1]: Entering directory '/home/taiwei/code/myBeijingHell/build-windows/CMakeFiles/CMakeTmp'
Building C object CMakeFiles/cmTC_a898a.dir/CheckSymbolExists.c.obj
/usr/bin/x86_64-w64-mingw32-gcc   -idirafter "/home/taiwei/code/myBeijingHell/external/SDL2/src/video/khronos"  -D_GNU_SOURCE=1 -o CMakeFiles/cmTC_a898a.dir/CheckSymbolExists.c.obj -c /home/taiwei/code/myBeijingHell/build-windows/CMakeFiles/CMakeTmp/CheckSymbolExists.c
Linking C executable cmTC_a898a.exe
/usr/bin/cmake -E cmake_link_script CMakeFiles/cmTC_a898a.dir/link.txt --verbose=1
/usr/bin/cmake -E rm -f CMakeFiles/cmTC_a898a.dir/objects.a
/usr/bin/x86_64-w64-mingw32-ar qc CMakeFiles/cmTC_a898a.dir/objects.a @CMakeFiles/cmTC_a898a.dir/objects1.rsp
/usr/bin/x86_64-w64-mingw32-gcc  -idirafter "/home/taiwei/code/myBeijingHell/external/SDL2/src/video/khronos"  -D_GNU_SOURCE=1 -Wl,--whole-archive CMakeFiles/cmTC_a898a.dir/objects.a -Wl,--no-whole-archive -o cmTC_a898a.exe -Wl,--out-implib,libcmTC_a898a.dll.a -Wl,--major-image-version,0,--minor-image-version,0 @CMakeFiles/cmTC_a898a.dir/linklibs.rsp
gmake[1]: Leaving directory '/home/taiwei/code/myBeijingHell/build-windows/CMakeFiles/CMakeTmp'


File /home/taiwei/code/myBeijingHell/build-windows/CMakeFiles/CMakeTmp/CheckSymbolExists.c:
/* */
#include <math.h>

int main(int argc, char** argv)
{
  (void)argv;
#ifndef sqrt
  return ((int*)(&sqrt))[argc];
#else
  (void)argc;
  return 0;
#endif
}
Determining if the sqrtf exist passed with the following output:
Change Dir: /home/taiwei/code/myBeijingHell/build-windows/CMakeFiles/CMakeTmp

Run Build Command(s):/usr/bin/gmake -f Makefile cmTC_b7413/fast && /usr/bin/gmake  -f CMakeFiles/cmTC_b7413.dir/build.make CMakeFiles/cmTC_b7413.dir/build
gmake[1]: Entering directory '/home/taiwei/code/myBeijingHell/build-windows/CMakeFiles/CMakeTmp'
Building C object CMakeFiles/cmTC_b7413.dir/CheckSymbolExists.c.obj
/usr/bin/x86_64-w64-mingw32-gcc   -idirafter "/home/taiwei/code/myBeijingHell/external/SDL2/src/video/khronos"  -D_GNU_SOURCE=1 -o CMakeFiles/cmTC_b7413.dir/CheckSymbolExists.c.obj -c /home/taiwei/code/myBeijingHell/build-windows/CMakeFiles/CMakeTmp/CheckSymbolExists.c
Linking C executable cmTC_b7413.exe
/usr/bin/cmake -E cmake_link_script CMakeFiles/cmTC_b7413.dir/link.txt --verbose=1
/usr/bin/cmake -E rm -f CMakeFiles/cmTC_b7413.dir/objects.a
/usr/bin/x86_64-w64-mingw32-ar qc CMakeFiles/cmTC_b7413.dir/objects.a @CMakeFiles/cmTC_b7413.dir/objects1.rsp
/usr/bin/x86_64-w64-mingw32-gcc  -idirafter "/home/taiwei/code/myBeijingHell/external/SDL2/src/video/khronos"  -D_GNU_SOURCE=1 -Wl,--whole-archive CMakeFiles/cmTC_b7413.dir/objects.a -Wl,--no-whole-archive -o cmTC_b7413.exe -Wl,--out-implib,libcmTC_b7413.dll.a -Wl,--major-image-version,0,--minor-image-version,0 @CMakeFiles/cmTC_b7413.dir/linklibs.rsp
gmake[1]: Leaving directory '/home/taiwei/code/myBeijingHell/build-windows/CMakeFiles/CMakeTmp'


File /home/taiwei/code/myBeijingHell/build-windows/CMakeFiles/CMakeTmp/CheckSymbolExists.c:
/* */
#include <math.h>

int main(int argc, char** argv)
{
  (void)argv;
#ifndef sqrtf
  return ((int*)(&sqrtf))[argc];
#else
  (void)argc;
  return 0;
#endif
}
Determining if the tan exist passed with the following output:
Change Dir: /home/taiwei/code/myBeijingHell/build-windows/CMakeFiles/CMakeTmp

Run Build Command(s):/usr/bin/gmake -f Makefile cmTC_d33b2/fast && /usr/bin/gmake  -f CMakeFiles/cmTC_d33b2.dir/build.make CMakeFiles/cmTC_d33b2.dir/build
gmake[1]: Entering directory '/home/taiwei/code/myBeijingHell/build-windows/CMakeFiles/CMakeTmp'
Building C object CMakeFiles/cmTC_d33b2.dir/CheckSymbolExists.c.obj
/usr/bin/x86_64-w64-mingw32-gcc   -idirafter "/home/taiwei/code/myBeijingHell/external/SDL2/src/video/khronos"  -D_GNU_SOURCE=1 -o CMakeFiles/cmTC_d33b2.dir/CheckSymbolExists.c.obj -c /home/taiwei/code/myBeijingHell/build-windows/CMakeFiles/CMakeTmp/CheckSymbolExists.c
Linking C executable cmTC_d33b2.exe
/usr/bin/cmake -E cmake_link_script CMakeFiles/cmTC_d33b2.dir/link.txt --verbose=1
/usr/bin/cmake -E rm -f CMakeFiles/cmTC_d33b2.dir/objects.a
/usr/bin/x86_64-w64-mingw32-ar qc CMakeFiles/cmTC_d33b2.dir/objects.a @CMakeFiles/cmTC_d33b2.dir/objects1.rsp
/usr/bin/x86_64-w64-mingw32-gcc  -idirafter "/home/taiwei/code/myBeijingHell/external/SDL2/src/video/khronos"  -D_GNU_SOURCE=1 -Wl,--whole-archive CMakeFiles/cmTC_d33b2.dir/objects.a -Wl,--no-whole-archive -o cmTC_d33b2.exe -Wl,--out-implib,libcmTC_d33b2.dll.a -Wl,--major-image-version,0,--minor-image-version,0 @CMakeFiles/cmTC_d33b2.dir/linklibs.rsp
gmake[1]: Leaving directory '/home/taiwei/code/myBeijingHell/build-windows/CMakeFiles/CMakeTmp'


File /home/taiwei/code/myBeijingHell/build-windows/CMakeFiles/CMakeTmp/CheckSymbolExists.c:
/* */
#include <math.h>

int main(int argc, char** argv)
{
  (void)argv;
#ifndef tan
  return ((int*)(&tan))[argc];
#else
  (void)argc;
  return 0;
#endif
}
Determining if the tanf exist passed with the following output:
Change Dir: /home/taiwei/code/myBeijingHell/build-windows/CMakeFiles/CMakeTmp

Run Build Command(s):/usr/bin/gmake -f Makefile cmTC_fb180/fast && /usr/bin/gmake  -f CMakeFiles/cmTC_fb180.dir/build.make CMakeFiles/cmTC_fb180.dir/build
gmake[1]: Entering directory '/home/taiwei/code/myBeijingHell/build-windows/CMakeFiles/CMakeTmp'
Building C object CMakeFiles/cmTC_fb180.dir/CheckSymbolExists.c.obj
/usr/bin/x86_64-w64-mingw32-gcc   -idirafter "/home/taiwei/code/myBeijingHell/external/SDL2/src/video/khronos"  -D_GNU_SOURCE=1 -o CMakeFiles/cmTC_fb180.dir/CheckSymbolExists.c.obj -c /home/taiwei/code/myBeijingHell/build-windows/CMakeFiles/CMakeTmp/CheckSymbolExists.c
Linking C executable cmTC_fb180.exe
/usr/bin/cmake -E cmake_link_script CMakeFiles/cmTC_fb180.dir/link.txt --verbose=1
/usr/bin/cmake -E rm -f CMakeFiles/cmTC_fb180.dir/objects.a
/usr/bin/x86_64-w64-mingw32-ar qc CMakeFiles/cmTC_fb180.dir/objects.a @CMakeFiles/cmTC_fb180.dir/objects1.rsp
/usr/bin/x86_64-w64-mingw32-gcc  -idirafter "/home/taiwei/code/myBeijingHell/external/SDL2/src/video/khronos"  -D_GNU_SOURCE=1 -Wl,--whole-archive CMakeFiles/cmTC_fb180.dir/objects.a -Wl,--no-whole-archive -o cmTC_fb180.exe -Wl,--out-implib,libcmTC_fb180.dll.a -Wl,--major-image-version,0,--minor-image-version,0 @CMakeFiles/cmTC_fb180.dir/linklibs.rsp
gmake[1]: Leaving directory '/home/taiwei/code/myBeijingHell/build-windows/CMakeFiles/CMakeTmp'


File /home/taiwei/code/myBeijingHell/build-windows/CMakeFiles/CMakeTmp/CheckSymbolExists.c:
/* */
#include <math.h>

int main(int argc, char** argv)
{
  (void)argv;
#ifndef tanf
  return ((int*)(&tanf))[argc];
#else
  (void)argc;
  return 0;
#endif
}
Determining if the acos exist passed with the following output:
Change Dir: /home/taiwei/code/myBeijingHell/build-windows/CMakeFiles/CMakeTmp

Run Build Command(s):/usr/bin/gmake -f Makefile cmTC_2fc6f/fast && /usr/bin/gmake  -f CMakeFiles/cmTC_2fc6f.dir/build.make CMakeFiles/cmTC_2fc6f.dir/build
gmake[1]: Entering directory '/home/taiwei/code/myBeijingHell/build-windows/CMakeFiles/CMakeTmp'
Building C object CMakeFiles/cmTC_2fc6f.dir/CheckSymbolExists.c.obj
/usr/bin/x86_64-w64-mingw32-gcc   -idirafter "/home/taiwei/code/myBeijingHell/external/SDL2/src/video/khronos"  -D_GNU_SOURCE=1 -o CMakeFiles/cmTC_2fc6f.dir/CheckSymbolExists.c.obj -c /home/taiwei/code/myBeijingHell/build-windows/CMakeFiles/CMakeTmp/CheckSymbolExists.c
Linking C executable cmTC_2fc6f.exe
/usr/bin/cmake -E cmake_link_script CMakeFiles/cmTC_2fc6f.dir/link.txt --verbose=1
/usr/bin/cmake -E rm -f CMakeFiles/cmTC_2fc6f.dir/objects.a
/usr/bin/x86_64-w64-mingw32-ar qc CMakeFiles/cmTC_2fc6f.dir/objects.a @CMakeFiles/cmTC_2fc6f.dir/objects1.rsp
/usr/bin/x86_64-w64-mingw32-gcc  -idirafter "/home/taiwei/code/myBeijingHell/external/SDL2/src/video/khronos"  -D_GNU_SOURCE=1 -Wl,--whole-archive CMakeFiles/cmTC_2fc6f.dir/objects.a -Wl,--no-whole-archive -o cmTC_2fc6f.exe -Wl,--out-implib,libcmTC_2fc6f.dll.a -Wl,--major-image-version,0,--minor-image-version,0 @CMakeFiles/cmTC_2fc6f.dir/linklibs.rsp
gmake[1]: Leaving directory '/home/taiwei/code/myBeijingHell/build-windows/CMakeFiles/CMakeTmp'


File /home/taiwei/code/myBeijingHell/build-windows/CMakeFiles/CMakeTmp/CheckSymbolExists.c:
/* */
#include <math.h>

int main(int argc, char** argv)
{
  (void)argv;
#ifndef acos
  return ((int*)(&acos))[argc];
#else
  (void)argc;
  return 0;
#endif
}
Determining if the acosf exist passed with the following output:
Change Dir: /home/taiwei/code/myBeijingHell/build-windows/CMakeFiles/CMakeTmp

Run Build Command(s):/usr/bin/gmake -f Makefile cmTC_62673/fast && /usr/bin/gmake  -f CMakeFiles/cmTC_62673.dir/build.make CMakeFiles/cmTC_62673.dir/build
gmake[1]: Entering directory '/home/taiwei/code/myBeijingHell/build-windows/CMakeFiles/CMakeTmp'
Building C object CMakeFiles/cmTC_62673.dir/CheckSymbolExists.c.obj
/usr/bin/x86_64-w64-mingw32-gcc   -idirafter "/home/taiwei/code/myBeijingHell/external/SDL2/src/video/khronos"  -D_GNU_SOURCE=1 -o CMakeFiles/cmTC_62673.dir/CheckSymbolExists.c.obj -c /home/taiwei/code/myBeijingHell/build-windows/CMakeFiles/CMakeTmp/CheckSymbolExists.c
Linking C executable cmTC_62673.exe
/usr/bin/cmake -E cmake_link_script CMakeFiles/cmTC_62673.dir/link.txt --verbose=1
/usr/bin/cmake -E rm -f CMakeFiles/cmTC_62673.dir/objects.a
/usr/bin/x86_64-w64-mingw32-ar qc CMakeFiles/cmTC_62673.dir/objects.a @CMakeFiles/cmTC_62673.dir/objects1.rsp
/usr/bin/x86_64-w64-mingw32-gcc  -idirafter "/home/taiwei/code/myBeijingHell/external/SDL2/src/video/khronos"  -D_GNU_SOURCE=1 -Wl,--whole-archive CMakeFiles/cmTC_62673.dir/objects.a -Wl,--no-whole-archive -o cmTC_62673.exe -Wl,--out-implib,libcmTC_62673.dll.a -Wl,--major-image-version,0,--minor-image-version,0 @CMakeFiles/cmTC_62673.dir/linklibs.rsp
gmake[1]: Leaving directory '/home/taiwei/code/myBeijingHell/build-windows/CMakeFiles/CMakeTmp'


File /home/taiwei/code/myBeijingHell/build-windows/CMakeFiles/CMakeTmp/CheckSymbolExists.c:
/* */
#include <math.h>

int main(int argc, char** argv)
{
  (void)argv;
#ifndef acosf
  return ((int*)(&acosf))[argc];
#else
  (void)argc;
  return 0;
#endif
}
Determining if the asin exist passed with the following output:
Change Dir: /home/taiwei/code/myBeijingHell/build-windows/CMakeFiles/CMakeTmp

Run Build Command(s):/usr/bin/gmake -f Makefile cmTC_b38ad/fast && /usr/bin/gmake  -f CMakeFiles/cmTC_b38ad.dir/build.make CMakeFiles/cmTC_b38ad.dir/build
gmake[1]: Entering directory '/home/taiwei/code/myBeijingHell/build-windows/CMakeFiles/CMakeTmp'
Building C object CMakeFiles/cmTC_b38ad.dir/CheckSymbolExists.c.obj
/usr/bin/x86_64-w64-mingw32-gcc   -idirafter "/home/taiwei/code/myBeijingHell/external/SDL2/src/video/khronos"  -D_GNU_SOURCE=1 -o CMakeFiles/cmTC_b38ad.dir/CheckSymbolExists.c.obj -c /home/taiwei/code/myBeijingHell/build-windows/CMakeFiles/CMakeTmp/CheckSymbolExists.c
Linking C executable cmTC_b38ad.exe
/usr/bin/cmake -E cmake_link_script CMakeFiles/cmTC_b38ad.dir/link.txt --verbose=1
/usr/bin/cmake -E rm -f CMakeFiles/cmTC_b38ad.dir/objects.a
/usr/bin/x86_64-w64-mingw32-ar qc CMakeFiles/cmTC_b38ad.dir/objects.a @CMakeFiles/cmTC_b38ad.dir/objects1.rsp
/usr/bin/x86_64-w64-mingw32-gcc  -idirafter "/home/taiwei/code/myBeijingHell/external/SDL2/src/video/khronos"  -D_GNU_SOURCE=1 -Wl,--whole-archive CMakeFiles/cmTC_b38ad.dir/objects.a -Wl,--no-whole-archive -o cmTC_b38ad.exe -Wl,--out-implib,libcmTC_b38ad.dll.a -Wl,--major-image-version,0,--minor-image-version,0 @CMakeFiles/cmTC_b38ad.dir/linklibs.rsp
gmake[1]: Leaving directory '/home/taiwei/code/myBeijingHell/build-windows/CMakeFiles/CMakeTmp'


File /home/taiwei/code/myBeijingHell/build-windows/CMakeFiles/CMakeTmp/CheckSymbolExists.c:
/* */
#include <math.h>

int main(int argc, char** argv)
{
  (void)argv;
#ifndef asin
  return ((int*)(&asin))[argc];
#else
  (void)argc;
  return 0;
#endif
}
Determining if the asinf exist passed with the following output:
Change Dir: /home/taiwei/code/myBeijingHell/build-windows/CMakeFiles/CMakeTmp

Run Build Command(s):/usr/bin/gmake -f Makefile cmTC_059b7/fast && /usr/bin/gmake  -f CMakeFiles/cmTC_059b7.dir/build.make CMakeFiles/cmTC_059b7.dir/build
gmake[1]: Entering directory '/home/taiwei/code/myBeijingHell/build-windows/CMakeFiles/CMakeTmp'
Building C object CMakeFiles/cmTC_059b7.dir/CheckSymbolExists.c.obj
/usr/bin/x86_64-w64-mingw32-gcc   -idirafter "/home/taiwei/code/myBeijingHell/external/SDL2/src/video/khronos"  -D_GNU_SOURCE=1 -o CMakeFiles/cmTC_059b7.dir/CheckSymbolExists.c.obj -c /home/taiwei/code/myBeijingHell/build-windows/CMakeFiles/CMakeTmp/CheckSymbolExists.c
Linking C executable cmTC_059b7.exe
/usr/bin/cmake -E cmake_link_script CMakeFiles/cmTC_059b7.dir/link.txt --verbose=1
/usr/bin/cmake -E rm -f CMakeFiles/cmTC_059b7.dir/objects.a
/usr/bin/x86_64-w64-mingw32-ar qc CMakeFiles/cmTC_059b7.dir/objects.a @CMakeFiles/cmTC_059b7.dir/objects1.rsp
/usr/bin/x86_64-w64-mingw32-gcc  -idirafter "/home/taiwei/code/myBeijingHell/external/SDL2/src/video/khronos"  -D_GNU_SOURCE=1 -Wl,--whole-archive CMakeFiles/cmTC_059b7.dir/objects.a -Wl,--no-whole-archive -o cmTC_059b7.exe -Wl,--out-implib,libcmTC_059b7.dll.a -Wl,--major-image-version,0,--minor-image-version,0 @CMakeFiles/cmTC_059b7.dir/linklibs.rsp
gmake[1]: Leaving directory '/home/taiwei/code/myBeijingHell/build-windows/CMakeFiles/CMakeTmp'


File /home/taiwei/code/myBeijingHell/build-windows/CMakeFiles/CMakeTmp/CheckSymbolExists.c:
/* */
#include <math.h>

int main(int argc, char** argv)
{
  (void)argv;
#ifndef asinf
  return ((int*)(&asinf))[argc];
#else
  (void)argc;
  return 0;
#endif
}
Determining if the trunc exist passed with the following output:
Change Dir: /home/taiwei/code/myBeijingHell/build-windows/CMakeFiles/CMakeTmp

Run Build Command(s):/usr/bin/gmake -f Makefile cmTC_d2248/fast && /usr/bin/gmake  -f CMakeFiles/cmTC_d2248.dir/build.make CMakeFiles/cmTC_d2248.dir/build
gmake[1]: Entering directory '/home/taiwei/code/myBeijingHell/build-windows/CMakeFiles/CMakeTmp'
Building C object CMakeFiles/cmTC_d2248.dir/CheckSymbolExists.c.obj
/usr/bin/x86_64-w64-mingw32-gcc   -idirafter "/home/taiwei/code/myBeijingHell/external/SDL2/src/video/khronos"  -D_GNU_SOURCE=1 -o CMakeFiles/cmTC_d2248.dir/CheckSymbolExists.c.obj -c /home/taiwei/code/myBeijingHell/build-windows/CMakeFiles/CMakeTmp/CheckSymbolExists.c
Linking C executable cmTC_d2248.exe
/usr/bin/cmake -E cmake_link_script CMakeFiles/cmTC_d2248.dir/link.txt --verbose=1
/usr/bin/cmake -E rm -f CMakeFiles/cmTC_d2248.dir/objects.a
/usr/bin/x86_64-w64-mingw32-ar qc CMakeFiles/cmTC_d2248.dir/objects.a @CMakeFiles/cmTC_d2248.dir/objects1.rsp
/usr/bin/x86_64-w64-mingw32-gcc  -idirafter "/home/taiwei/code/myBeijingHell/external/SDL2/src/video/khronos"  -D_GNU_SOURCE=1 -Wl,--whole-archive CMakeFiles/cmTC_d2248.dir/objects.a -Wl,--no-whole-archive -o cmTC_d2248.exe -Wl,--out-implib,libcmTC_d2248.dll.a -Wl,--major-image-version,0,--minor-image-version,0 @CMakeFiles/cmTC_d2248.dir/linklibs.rsp
gmake[1]: Leaving directory '/home/taiwei/code/myBeijingHell/build-windows/CMakeFiles/CMakeTmp'


File /home/taiwei/code/myBeijingHell/build-windows/CMakeFiles/CMakeTmp/CheckSymbolExists.c:
/* */
#include <math.h>

int main(int argc, char** argv)
{
  (void)argv;
#ifndef trunc
  return ((int*)(&trunc))[argc];
#else
  (void)argc;
  return 0;
#endif
}
Determining if the truncf exist passed with the following output:
Change Dir: /home/taiwei/code/myBeijingHell/build-windows/CMakeFiles/CMakeTmp

Run Build Command(s):/usr/bin/gmake -f Makefile cmTC_264f6/fast && /usr/bin/gmake  -f CMakeFiles/cmTC_264f6.dir/build.make CMakeFiles/cmTC_264f6.dir/build
gmake[1]: Entering directory '/home/taiwei/code/myBeijingHell/build-windows/CMakeFiles/CMakeTmp'
Building C object CMakeFiles/cmTC_264f6.dir/CheckSymbolExists.c.obj
/usr/bin/x86_64-w64-mingw32-gcc   -idirafter "/home/taiwei/code/myBeijingHell/external/SDL2/src/video/khronos"  -D_GNU_SOURCE=1 -o CMakeFiles/cmTC_264f6.dir/CheckSymbolExists.c.obj -c /home/taiwei/code/myBeijingHell/build-windows/CMakeFiles/CMakeTmp/CheckSymbolExists.c
Linking C executable cmTC_264f6.exe
/usr/bin/cmake -E cmake_link_script CMakeFiles/cmTC_264f6.dir/link.txt --verbose=1
/usr/bin/cmake -E rm -f CMakeFiles/cmTC_264f6.dir/objects.a
/usr/bin/x86_64-w64-mingw32-ar qc CMakeFiles/cmTC_264f6.dir/objects.a @CMakeFiles/cmTC_264f6.dir/objects1.rsp
/usr/bin/x86_64-w64-mingw32-gcc  -idirafter "/home/taiwei/code/myBeijingHell/external/SDL2/src/video/khronos"  -D_GNU_SOURCE=1 -Wl,--whole-archive CMakeFiles/cmTC_264f6.dir/objects.a -Wl,--no-whole-archive -o cmTC_264f6.exe -Wl,--out-implib,libcmTC_264f6.dll.a -Wl,--major-image-version,0,--minor-image-version,0 @CMakeFiles/cmTC_264f6.dir/linklibs.rsp
gmake[1]: Leaving directory '/home/taiwei/code/myBeijingHell/build-windows/CMakeFiles/CMakeTmp'


File /home/taiwei/code/myBeijingHell/build-windows/CMakeFiles/CMakeTmp/CheckSymbolExists.c:
/* */
#include <math.h>

int main(int argc, char** argv)
{
  (void)argv;
#ifndef truncf
  return ((int*)(&truncf))[argc];
#else
  (void)argc;
  return 0;
#endif
}
Determining if the alloca exist passed with the following output:
Change Dir: /home/taiwei/code/myBeijingHell/build-windows/CMakeFiles/CMakeTmp

Run Build Command(s):/usr/bin/gmake -f Makefile cmTC_b846e/fast && /usr/bin/gmake  -f CMakeFiles/cmTC_b846e.dir/build.make CMakeFiles/cmTC_b846e.dir/build
gmake[1]: Entering directory '/home/taiwei/code/myBeijingHell/build-windows/CMakeFiles/CMakeTmp'
Building C object CMakeFiles/cmTC_b846e.dir/CheckSymbolExists.c.obj
/usr/bin/x86_64-w64-mingw32-gcc   -idirafter "/home/taiwei/code/myBeijingHell/external/SDL2/src/video/khronos"  -D_GNU_SOURCE=1 -o CMakeFiles/cmTC_b846e.dir/CheckSymbolExists.c.obj -c /home/taiwei/code/myBeijingHell/build-windows/CMakeFiles/CMakeTmp/CheckSymbolExists.c
Linking C executable cmTC_b846e.exe
/usr/bin/cmake -E cmake_link_script CMakeFiles/cmTC_b846e.dir/link.txt --verbose=1
/usr/bin/cmake -E rm -f CMakeFiles/cmTC_b846e.dir/objects.a
/usr/bin/x86_64-w64-mingw32-ar qc CMakeFiles/cmTC_b846e.dir/objects.a @CMakeFiles/cmTC_b846e.dir/objects1.rsp
/usr/bin/x86_64-w64-mingw32-gcc  -idirafter "/home/taiwei/code/myBeijingHell/external/SDL2/src/video/khronos"  -D_GNU_SOURCE=1 -Wl,--whole-archive CMakeFiles/cmTC_b846e.dir/objects.a -Wl,--no-whole-archive -o cmTC_b846e.exe -Wl,--out-implib,libcmTC_b846e.dll.a -Wl,--major-image-version,0,--minor-image-version,0 @CMakeFiles/cmTC_b846e.dir/linklibs.rsp
gmake[1]: Leaving directory '/home/taiwei/code/myBeijingHell/build-windows/CMakeFiles/CMakeTmp'


File /home/taiwei/code/myBeijingHell/build-windows/CMakeFiles/CMakeTmp/CheckSymbolExists.c:
/* */
#include <stdlib.h>

int main(int argc, char** argv)
{
  (void)argv;
#ifndef alloca
  return ((int*)(&alloca))[argc];
#else
  (void)argc;
  return 0;
#endif
}
Determining if the alloca exist passed with the following output:
Change Dir: /home/taiwei/code/myBeijingHell/build-windows/CMakeFiles/CMakeTmp

Run Build Command(s):/usr/bin/gmake -f Makefile cmTC_2fef0/fast && /usr/bin/gmake  -f CMakeFiles/cmTC_2fef0.dir/build.make CMakeFiles/cmTC_2fef0.dir/build
gmake[1]: Entering directory '/home/taiwei/code/myBeijingHell/build-windows/CMakeFiles/CMakeTmp'
Building C object CMakeFiles/cmTC_2fef0.dir/CheckSymbolExists.c.obj
/usr/bin/x86_64-w64-mingw32-gcc   -idirafter "/home/taiwei/code/myBeijingHell/external/SDL2/src/video/khronos"  -D_GNU_SOURCE=1 -o CMakeFiles/cmTC_2fef0.dir/CheckSymbolExists.c.obj -c /home/taiwei/code/myBeijingHell/build-windows/CMakeFiles/CMakeTmp/CheckSymbolExists.c
Linking C executable cmTC_2fef0.exe
/usr/bin/cmake -E cmake_link_script CMakeFiles/cmTC_2fef0.dir/link.txt --verbose=1
/usr/bin/cmake -E rm -f CMakeFiles/cmTC_2fef0.dir/objects.a
/usr/bin/x86_64-w64-mingw32-ar qc CMakeFiles/cmTC_2fef0.dir/objects.a @CMakeFiles/cmTC_2fef0.dir/objects1.rsp
/usr/bin/x86_64-w64-mingw32-gcc  -idirafter "/home/taiwei/code/myBeijingHell/external/SDL2/src/video/khronos"  -D_GNU_SOURCE=1 -Wl,--whole-archive CMakeFiles/cmTC_2fef0.dir/objects.a -Wl,--no-whole-archive -o cmTC_2fef0.exe -Wl,--out-implib,libcmTC_2fef0.dll.a -Wl,--major-image-version,0,--minor-image-version,0 @CMakeFiles/cmTC_2fef0.dir/linklibs.rsp
gmake[1]: Leaving directory '/home/taiwei/code/myBeijingHell/build-windows/CMakeFiles/CMakeTmp'


File /home/taiwei/code/myBeijingHell/build-windows/CMakeFiles/CMakeTmp/CheckSymbolExists.c:
/* */
#include <malloc.h>

int main(int argc, char** argv)
{
  (void)argv;
#ifndef alloca
  return ((int*)(&alloca))[argc];
#else
  (void)argc;
  return 0;
#endif
}
Performing C SOURCE FILE Test HAVE_WIN32_CC succeeded with the following output:
Change Dir: /home/taiwei/code/myBeijingHell/build-windows/CMakeFiles/CMakeTmp

Run Build Command(s):/usr/bin/gmake -f Makefile cmTC_f2ca1/fast && /usr/bin/gmake  -f CMakeFiles/cmTC_f2ca1.dir/build.make CMakeFiles/cmTC_f2ca1.dir/build
gmake[1]: Entering directory '/home/taiwei/code/myBeijingHell/build-windows/CMakeFiles/CMakeTmp'
Building C object CMakeFiles/cmTC_f2ca1.dir/src.c.obj
/usr/bin/x86_64-w64-mingw32-gcc -DHAVE_WIN32_CC  -idirafter "/home/taiwei/code/myBeijingHell/external/SDL2/src/video/khronos"  -D_GNU_SOURCE=1 -o CMakeFiles/cmTC_f2ca1.dir/src.c.obj -c /home/taiwei/code/myBeijingHell/build-windows/CMakeFiles/CMakeTmp/src.c
Linking C executable cmTC_f2ca1.exe
/usr/bin/cmake -E cmake_link_script CMakeFiles/cmTC_f2ca1.dir/link.txt --verbose=1
/usr/bin/cmake -E rm -f CMakeFiles/cmTC_f2ca1.dir/objects.a
/usr/bin/x86_64-w64-mingw32-ar qc CMakeFiles/cmTC_f2ca1.dir/objects.a @CMakeFiles/cmTC_f2ca1.dir/objects1.rsp
/usr/bin/x86_64-w64-mingw32-gcc  -idirafter "/home/taiwei/code/myBeijingHell/external/SDL2/src/video/khronos"  -D_GNU_SOURCE=1 -Wl,--whole-archive CMakeFiles/cmTC_f2ca1.dir/objects.a -Wl,--no-whole-archive -o cmTC_f2ca1.exe -Wl,--out-implib,libcmTC_f2ca1.dll.a -Wl,--major-image-version,0,--minor-image-version,0 @CMakeFiles/cmTC_f2ca1.dir/linklibs.rsp
gmake[1]: Leaving directory '/home/taiwei/code/myBeijingHell/build-windows/CMakeFiles/CMakeTmp'


Source file was:

    #include <windows.h>
    int main(int argc, char **argv) { return 0; }
Determining if the include file d3d9.h exists passed with the following output:
Change Dir: /home/taiwei/code/myBeijingHell/build-windows/CMakeFiles/CMakeTmp

Run Build Command(s):/usr/bin/gmake -f Makefile cmTC_db2c4/fast && /usr/bin/gmake  -f CMakeFiles/cmTC_db2c4.dir/build.make CMakeFiles/cmTC_db2c4.dir/build
gmake[1]: Entering directory '/home/taiwei/code/myBeijingHell/build-windows/CMakeFiles/CMakeTmp'
Building C object CMakeFiles/cmTC_db2c4.dir/CheckIncludeFile.c.obj
/usr/bin/x86_64-w64-mingw32-gcc   -idirafter "/home/taiwei/code/myBeijingHell/external/SDL2/src/video/khronos"  -D_GNU_SOURCE=1 -o CMakeFiles/cmTC_db2c4.dir/CheckIncludeFile.c.obj -c /home/taiwei/code/myBeijingHell/build-windows/CMakeFiles/CMakeTmp/CheckIncludeFile.c
Linking C executable cmTC_db2c4.exe
/usr/bin/cmake -E cmake_link_script CMakeFiles/cmTC_db2c4.dir/link.txt --verbose=1
/usr/bin/cmake -E rm -f CMakeFiles/cmTC_db2c4.dir/objects.a
/usr/bin/x86_64-w64-mingw32-ar qc CMakeFiles/cmTC_db2c4.dir/objects.a @CMakeFiles/cmTC_db2c4.dir/objects1.rsp
/usr/bin/x86_64-w64-mingw32-gcc  -idirafter "/home/taiwei/code/myBeijingHell/external/SDL2/src/video/khronos"  -D_GNU_SOURCE=1 -Wl,--whole-archive CMakeFiles/cmTC_db2c4.dir/objects.a -Wl,--no-whole-archive -o cmTC_db2c4.exe -Wl,--out-implib,libcmTC_db2c4.dll.a -Wl,--major-image-version,0,--minor-image-version,0 @CMakeFiles/cmTC_db2c4.dir/linklibs.rsp
gmake[1]: Leaving directory '/home/taiwei/code/myBeijingHell/build-windows/CMakeFiles/CMakeTmp'



Determining if the include file d3d11_1.h exists passed with the following output:
Change Dir: /home/taiwei/code/myBeijingHell/build-windows/CMakeFiles/CMakeTmp

Run Build Command(s):/usr/bin/gmake -f Makefile cmTC_f465f/fast && /usr/bin/gmake  -f CMakeFiles/cmTC_f465f.dir/build.make CMakeFiles/cmTC_f465f.dir/build
gmake[1]: Entering directory '/home/taiwei/code/myBeijingHell/build-windows/CMakeFiles/CMakeTmp'
Building C object CMakeFiles/cmTC_f465f.dir/CheckIncludeFile.c.obj
/usr/bin/x86_64-w64-mingw32-gcc   -idirafter "/home/taiwei/code/myBeijingHell/external/SDL2/src/video/khronos"  -D_GNU_SOURCE=1 -o CMakeFiles/cmTC_f465f.dir/CheckIncludeFile.c.obj -c /home/taiwei/code/myBeijingHell/build-windows/CMakeFiles/CMakeTmp/CheckIncludeFile.c
Linking C executable cmTC_f465f.exe
/usr/bin/cmake -E cmake_link_script CMakeFiles/cmTC_f465f.dir/link.txt --verbose=1
/usr/bin/cmake -E rm -f CMakeFiles/cmTC_f465f.dir/objects.a
/usr/bin/x86_64-w64-mingw32-ar qc CMakeFiles/cmTC_f465f.dir/objects.a @CMakeFiles/cmTC_f465f.dir/objects1.rsp
/usr/bin/x86_64-w64-mingw32-gcc  -idirafter "/home/taiwei/code/myBeijingHell/external/SDL2/src/video/khronos"  -D_GNU_SOURCE=1 -Wl,--whole-archive CMakeFiles/cmTC_f465f.dir/objects.a -Wl,--no-whole-archive -o cmTC_f465f.exe -Wl,--out-implib,libcmTC_f465f.dll.a -Wl,--major-image-version,0,--minor-image-version,0 @CMakeFiles/cmTC_f465f.dir/linklibs.rsp
gmake[1]: Leaving directory '/home/taiwei/code/myBeijingHell/build-windows/CMakeFiles/CMakeTmp'



Determining if the include file ddraw.h exists passed with the following output:
Change Dir: /home/taiwei/code/myBeijingHell/build-windows/CMakeFiles/CMakeTmp

Run Build Command(s):/usr/bin/gmake -f Makefile cmTC_17b33/fast && /usr/bin/gmake  -f CMakeFiles/cmTC_17b33.dir/build.make CMakeFiles/cmTC_17b33.dir/build
gmake[1]: Entering directory '/home/taiwei/code/myBeijingHell/build-windows/CMakeFiles/CMakeTmp'
Building C object CMakeFiles/cmTC_17b33.dir/CheckIncludeFile.c.obj
/usr/bin/x86_64-w64-mingw32-gcc   -idirafter "/home/taiwei/code/myBeijingHell/external/SDL2/src/video/khronos"  -D_GNU_SOURCE=1 -o CMakeFiles/cmTC_17b33.dir/CheckIncludeFile.c.obj -c /home/taiwei/code/myBeijingHell/build-windows/CMakeFiles/CMakeTmp/CheckIncludeFile.c
Linking C executable cmTC_17b33.exe
/usr/bin/cmake -E cmake_link_script CMakeFiles/cmTC_17b33.dir/link.txt --verbose=1
/usr/bin/cmake -E rm -f CMakeFiles/cmTC_17b33.dir/objects.a
/usr/bin/x86_64-w64-mingw32-ar qc CMakeFiles/cmTC_17b33.dir/objects.a @CMakeFiles/cmTC_17b33.dir/objects1.rsp
/usr/bin/x86_64-w64-mingw32-gcc  -idirafter "/home/taiwei/code/myBeijingHell/external/SDL2/src/video/khronos"  -D_GNU_SOURCE=1 -Wl,--whole-archive CMakeFiles/cmTC_17b33.dir/objects.a -Wl,--no-whole-archive -o cmTC_17b33.exe -Wl,--out-implib,libcmTC_17b33.dll.a -Wl,--major-image-version,0,--minor-image-version,0 @CMakeFiles/cmTC_17b33.dir/linklibs.rsp
gmake[1]: Leaving directory '/home/taiwei/code/myBeijingHell/build-windows/CMakeFiles/CMakeTmp'



Determining if the include file dsound.h exists passed with the following output:
Change Dir: /home/taiwei/code/myBeijingHell/build-windows/CMakeFiles/CMakeTmp

Run Build Command(s):/usr/bin/gmake -f Makefile cmTC_62ae1/fast && /usr/bin/gmake  -f CMakeFiles/cmTC_62ae1.dir/build.make CMakeFiles/cmTC_62ae1.dir/build
gmake[1]: Entering directory '/home/taiwei/code/myBeijingHell/build-windows/CMakeFiles/CMakeTmp'
Building C object CMakeFiles/cmTC_62ae1.dir/CheckIncludeFile.c.obj
/usr/bin/x86_64-w64-mingw32-gcc   -idirafter "/home/taiwei/code/myBeijingHell/external/SDL2/src/video/khronos"  -D_GNU_SOURCE=1 -o CMakeFiles/cmTC_62ae1.dir/CheckIncludeFile.c.obj -c /home/taiwei/code/myBeijingHell/build-windows/CMakeFiles/CMakeTmp/CheckIncludeFile.c
Linking C executable cmTC_62ae1.exe
/usr/bin/cmake -E cmake_link_script CMakeFiles/cmTC_62ae1.dir/link.txt --verbose=1
/usr/bin/cmake -E rm -f CMakeFiles/cmTC_62ae1.dir/objects.a
/usr/bin/x86_64-w64-mingw32-ar qc CMakeFiles/cmTC_62ae1.dir/objects.a @CMakeFiles/cmTC_62ae1.dir/objects1.rsp
/usr/bin/x86_64-w64-mingw32-gcc  -idirafter "/home/taiwei/code/myBeijingHell/external/SDL2/src/video/khronos"  -D_GNU_SOURCE=1 -Wl,--whole-archive CMakeFiles/cmTC_62ae1.dir/objects.a -Wl,--no-whole-archive -o cmTC_62ae1.exe -Wl,--out-implib,libcmTC_62ae1.dll.a -Wl,--major-image-version,0,--minor-image-version,0 @CMakeFiles/cmTC_62ae1.dir/linklibs.rsp
gmake[1]: Leaving directory '/home/taiwei/code/myBeijingHell/build-windows/CMakeFiles/CMakeTmp'



Determining if the include file dinput.h exists passed with the following output:
Change Dir: /home/taiwei/code/myBeijingHell/build-windows/CMakeFiles/CMakeTmp

Run Build Command(s):/usr/bin/gmake -f Makefile cmTC_fe457/fast && /usr/bin/gmake  -f CMakeFiles/cmTC_fe457.dir/build.make CMakeFiles/cmTC_fe457.dir/build
gmake[1]: Entering directory '/home/taiwei/code/myBeijingHell/build-windows/CMakeFiles/CMakeTmp'
Building C object CMakeFiles/cmTC_fe457.dir/CheckIncludeFile.c.obj
/usr/bin/x86_64-w64-mingw32-gcc   -idirafter "/home/taiwei/code/myBeijingHell/external/SDL2/src/video/khronos"  -D_GNU_SOURCE=1 -o CMakeFiles/cmTC_fe457.dir/CheckIncludeFile.c.obj -c /home/taiwei/code/myBeijingHell/build-windows/CMakeFiles/CMakeTmp/CheckIncludeFile.c
Linking C executable cmTC_fe457.exe
/usr/bin/cmake -E cmake_link_script CMakeFiles/cmTC_fe457.dir/link.txt --verbose=1
/usr/bin/cmake -E rm -f CMakeFiles/cmTC_fe457.dir/objects.a
/usr/bin/x86_64-w64-mingw32-ar qc CMakeFiles/cmTC_fe457.dir/objects.a @CMakeFiles/cmTC_fe457.dir/objects1.rsp
/usr/bin/x86_64-w64-mingw32-gcc  -idirafter "/home/taiwei/code/myBeijingHell/external/SDL2/src/video/khronos"  -D_GNU_SOURCE=1 -Wl,--whole-archive CMakeFiles/cmTC_fe457.dir/objects.a -Wl,--no-whole-archive -o cmTC_fe457.exe -Wl,--out-implib,libcmTC_fe457.dll.a -Wl,--major-image-version,0,--minor-image-version,0 @CMakeFiles/cmTC_fe457.dir/linklibs.rsp
gmake[1]: Leaving directory '/home/taiwei/code/myBeijingHell/build-windows/CMakeFiles/CMakeTmp'



Determining if the include file dxgi.h exists passed with the following output:
Change Dir: /home/taiwei/code/myBeijingHell/build-windows/CMakeFiles/CMakeTmp

Run Build Command(s):/usr/bin/gmake -f Makefile cmTC_f89bc/fast && /usr/bin/gmake  -f CMakeFiles/cmTC_f89bc.dir/build.make CMakeFiles/cmTC_f89bc.dir/build
gmake[1]: Entering directory '/home/taiwei/code/myBeijingHell/build-windows/CMakeFiles/CMakeTmp'
Building C object CMakeFiles/cmTC_f89bc.dir/CheckIncludeFile.c.obj
/usr/bin/x86_64-w64-mingw32-gcc   -idirafter "/home/taiwei/code/myBeijingHell/external/SDL2/src/video/khronos"  -D_GNU_SOURCE=1 -o CMakeFiles/cmTC_f89bc.dir/CheckIncludeFile.c.obj -c /home/taiwei/code/myBeijingHell/build-windows/CMakeFiles/CMakeTmp/CheckIncludeFile.c
Linking C executable cmTC_f89bc.exe
/usr/bin/cmake -E cmake_link_script CMakeFiles/cmTC_f89bc.dir/link.txt --verbose=1
/usr/bin/cmake -E rm -f CMakeFiles/cmTC_f89bc.dir/objects.a
/usr/bin/x86_64-w64-mingw32-ar qc CMakeFiles/cmTC_f89bc.dir/objects.a @CMakeFiles/cmTC_f89bc.dir/objects1.rsp
/usr/bin/x86_64-w64-mingw32-gcc  -idirafter "/home/taiwei/code/myBeijingHell/external/SDL2/src/video/khronos"  -D_GNU_SOURCE=1 -Wl,--whole-archive CMakeFiles/cmTC_f89bc.dir/objects.a -Wl,--no-whole-archive -o cmTC_f89bc.exe -Wl,--out-implib,libcmTC_f89bc.dll.a -Wl,--major-image-version,0,--minor-image-version,0 @CMakeFiles/cmTC_f89bc.dir/linklibs.rsp
gmake[1]: Leaving directory '/home/taiwei/code/myBeijingHell/build-windows/CMakeFiles/CMakeTmp'



Performing C SOURCE FILE Test HAVE_XINPUT_H succeeded with the following output:
Change Dir: /home/taiwei/code/myBeijingHell/build-windows/CMakeFiles/CMakeTmp

Run Build Command(s):/usr/bin/gmake -f Makefile cmTC_8751d/fast && /usr/bin/gmake  -f CMakeFiles/cmTC_8751d.dir/build.make CMakeFiles/cmTC_8751d.dir/build
gmake[1]: Entering directory '/home/taiwei/code/myBeijingHell/build-windows/CMakeFiles/CMakeTmp'
Building C object CMakeFiles/cmTC_8751d.dir/src.c.obj
/usr/bin/x86_64-w64-mingw32-gcc -DHAVE_XINPUT_H  -idirafter "/home/taiwei/code/myBeijingHell/external/SDL2/src/video/khronos"  -D_GNU_SOURCE=1 -o CMakeFiles/cmTC_8751d.dir/src.c.obj -c /home/taiwei/code/myBeijingHell/build-windows/CMakeFiles/CMakeTmp/src.c
Linking C executable cmTC_8751d.exe
/usr/bin/cmake -E cmake_link_script CMakeFiles/cmTC_8751d.dir/link.txt --verbose=1
/usr/bin/cmake -E rm -f CMakeFiles/cmTC_8751d.dir/objects.a
/usr/bin/x86_64-w64-mingw32-ar qc CMakeFiles/cmTC_8751d.dir/objects.a @CMakeFiles/cmTC_8751d.dir/objects1.rsp
/usr/bin/x86_64-w64-mingw32-gcc  -idirafter "/home/taiwei/code/myBeijingHell/external/SDL2/src/video/khronos"  -D_GNU_SOURCE=1 -Wl,--whole-archive CMakeFiles/cmTC_8751d.dir/objects.a -Wl,--no-whole-archive -o cmTC_8751d.exe -Wl,--out-implib,libcmTC_8751d.dll.a -Wl,--major-image-version,0,--minor-image-version,0 @CMakeFiles/cmTC_8751d.dir/linklibs.rsp
gmake[1]: Leaving directory '/home/taiwei/code/myBeijingHell/build-windows/CMakeFiles/CMakeTmp'


Source file was:

      #include <windows.h>
      #include <xinput.h>
      int main(int argc, char **argv) { return 0; }
Determining if the include file tpcshrd.h exists passed with the following output:
Change Dir: /home/taiwei/code/myBeijingHell/build-windows/CMakeFiles/CMakeTmp

Run Build Command(s):/usr/bin/gmake -f Makefile cmTC_703e4/fast && /usr/bin/gmake  -f CMakeFiles/cmTC_703e4.dir/build.make CMakeFiles/cmTC_703e4.dir/build
gmake[1]: Entering directory '/home/taiwei/code/myBeijingHell/build-windows/CMakeFiles/CMakeTmp'
Building C object CMakeFiles/cmTC_703e4.dir/CheckIncludeFile.c.obj
/usr/bin/x86_64-w64-mingw32-gcc   -idirafter "/home/taiwei/code/myBeijingHell/external/SDL2/src/video/khronos"  -D_GNU_SOURCE=1 -o CMakeFiles/cmTC_703e4.dir/CheckIncludeFile.c.obj -c /home/taiwei/code/myBeijingHell/build-windows/CMakeFiles/CMakeTmp/CheckIncludeFile.c
Linking C executable cmTC_703e4.exe
/usr/bin/cmake -E cmake_link_script CMakeFiles/cmTC_703e4.dir/link.txt --verbose=1
/usr/bin/cmake -E rm -f CMakeFiles/cmTC_703e4.dir/objects.a
/usr/bin/x86_64-w64-mingw32-ar qc CMakeFiles/cmTC_703e4.dir/objects.a @CMakeFiles/cmTC_703e4.dir/objects1.rsp
/usr/bin/x86_64-w64-mingw32-gcc  -idirafter "/home/taiwei/code/myBeijingHell/external/SDL2/src/video/khronos"  -D_GNU_SOURCE=1 -Wl,--whole-archive CMakeFiles/cmTC_703e4.dir/objects.a -Wl,--no-whole-archive -o cmTC_703e4.exe -Wl,--out-implib,libcmTC_703e4.dll.a -Wl,--major-image-version,0,--minor-image-version,0 @CMakeFiles/cmTC_703e4.dir/linklibs.rsp
gmake[1]: Leaving directory '/home/taiwei/code/myBeijingHell/build-windows/CMakeFiles/CMakeTmp'



Determining if the include file roapi.h exists passed with the following output:
Change Dir: /home/taiwei/code/myBeijingHell/build-windows/CMakeFiles/CMakeTmp

Run Build Command(s):/usr/bin/gmake -f Makefile cmTC_6f155/fast && /usr/bin/gmake  -f CMakeFiles/cmTC_6f155.dir/build.make CMakeFiles/cmTC_6f155.dir/build
gmake[1]: Entering directory '/home/taiwei/code/myBeijingHell/build-windows/CMakeFiles/CMakeTmp'
Building C object CMakeFiles/cmTC_6f155.dir/CheckIncludeFile.c.obj
/usr/bin/x86_64-w64-mingw32-gcc   -idirafter "/home/taiwei/code/myBeijingHell/external/SDL2/src/video/khronos"  -D_GNU_SOURCE=1 -o CMakeFiles/cmTC_6f155.dir/CheckIncludeFile.c.obj -c /home/taiwei/code/myBeijingHell/build-windows/CMakeFiles/CMakeTmp/CheckIncludeFile.c
Linking C executable cmTC_6f155.exe
/usr/bin/cmake -E cmake_link_script CMakeFiles/cmTC_6f155.dir/link.txt --verbose=1
/usr/bin/cmake -E rm -f CMakeFiles/cmTC_6f155.dir/objects.a
/usr/bin/x86_64-w64-mingw32-ar qc CMakeFiles/cmTC_6f155.dir/objects.a @CMakeFiles/cmTC_6f155.dir/objects1.rsp
/usr/bin/x86_64-w64-mingw32-gcc  -idirafter "/home/taiwei/code/myBeijingHell/external/SDL2/src/video/khronos"  -D_GNU_SOURCE=1 -Wl,--whole-archive CMakeFiles/cmTC_6f155.dir/objects.a -Wl,--no-whole-archive -o cmTC_6f155.exe -Wl,--out-implib,libcmTC_6f155.dll.a -Wl,--major-image-version,0,--minor-image-version,0 @CMakeFiles/cmTC_6f155.dir/linklibs.rsp
gmake[1]: Leaving directory '/home/taiwei/code/myBeijingHell/build-windows/CMakeFiles/CMakeTmp'



Determining if the include file mmdeviceapi.h exists passed with the following output:
Change Dir: /home/taiwei/code/myBeijingHell/build-windows/CMakeFiles/CMakeTmp

Run Build Command(s):/usr/bin/gmake -f Makefile cmTC_a214f/fast && /usr/bin/gmake  -f CMakeFiles/cmTC_a214f.dir/build.make CMakeFiles/cmTC_a214f.dir/build
gmake[1]: Entering directory '/home/taiwei/code/myBeijingHell/build-windows/CMakeFiles/CMakeTmp'
Building C object CMakeFiles/cmTC_a214f.dir/CheckIncludeFile.c.obj
/usr/bin/x86_64-w64-mingw32-gcc   -idirafter "/home/taiwei/code/myBeijingHell/external/SDL2/src/video/khronos"  -D_GNU_SOURCE=1 -o CMakeFiles/cmTC_a214f.dir/CheckIncludeFile.c.obj -c /home/taiwei/code/myBeijingHell/build-windows/CMakeFiles/CMakeTmp/CheckIncludeFile.c
Linking C executable cmTC_a214f.exe
/usr/bin/cmake -E cmake_link_script CMakeFiles/cmTC_a214f.dir/link.txt --verbose=1
/usr/bin/cmake -E rm -f CMakeFiles/cmTC_a214f.dir/objects.a
/usr/bin/x86_64-w64-mingw32-ar qc CMakeFiles/cmTC_a214f.dir/objects.a @CMakeFiles/cmTC_a214f.dir/objects1.rsp
/usr/bin/x86_64-w64-mingw32-gcc  -idirafter "/home/taiwei/code/myBeijingHell/external/SDL2/src/video/khronos"  -D_GNU_SOURCE=1 -Wl,--whole-archive CMakeFiles/cmTC_a214f.dir/objects.a -Wl,--no-whole-archive -o cmTC_a214f.exe -Wl,--out-implib,libcmTC_a214f.dll.a -Wl,--major-image-version,0,--minor-image-version,0 @CMakeFiles/cmTC_a214f.dir/linklibs.rsp
gmake[1]: Leaving directory '/home/taiwei/code/myBeijingHell/build-windows/CMakeFiles/CMakeTmp'



Determining if the include file audioclient.h exists passed with the following output:
Change Dir: /home/taiwei/code/myBeijingHell/build-windows/CMakeFiles/CMakeTmp

Run Build Command(s):/usr/bin/gmake -f Makefile cmTC_34455/fast && /usr/bin/gmake  -f CMakeFiles/cmTC_34455.dir/build.make CMakeFiles/cmTC_34455.dir/build
gmake[1]: Entering directory '/home/taiwei/code/myBeijingHell/build-windows/CMakeFiles/CMakeTmp'
Building C object CMakeFiles/cmTC_34455.dir/CheckIncludeFile.c.obj
/usr/bin/x86_64-w64-mingw32-gcc   -idirafter "/home/taiwei/code/myBeijingHell/external/SDL2/src/video/khronos"  -D_GNU_SOURCE=1 -o CMakeFiles/cmTC_34455.dir/CheckIncludeFile.c.obj -c /home/taiwei/code/myBeijingHell/build-windows/CMakeFiles/CMakeTmp/CheckIncludeFile.c
Linking C executable cmTC_34455.exe
/usr/bin/cmake -E cmake_link_script CMakeFiles/cmTC_34455.dir/link.txt --verbose=1
/usr/bin/cmake -E rm -f CMakeFiles/cmTC_34455.dir/objects.a
/usr/bin/x86_64-w64-mingw32-ar qc CMakeFiles/cmTC_34455.dir/objects.a @CMakeFiles/cmTC_34455.dir/objects1.rsp
/usr/bin/x86_64-w64-mingw32-gcc  -idirafter "/home/taiwei/code/myBeijingHell/external/SDL2/src/video/khronos"  -D_GNU_SOURCE=1 -Wl,--whole-archive CMakeFiles/cmTC_34455.dir/objects.a -Wl,--no-whole-archive -o cmTC_34455.exe -Wl,--out-implib,libcmTC_34455.dll.a -Wl,--major-image-version,0,--minor-image-version,0 @CMakeFiles/cmTC_34455.dir/linklibs.rsp
gmake[1]: Leaving directory '/home/taiwei/code/myBeijingHell/build-windows/CMakeFiles/CMakeTmp'



Determining if the include file sensorsapi.h exists passed with the following output:
Change Dir: /home/taiwei/code/myBeijingHell/build-windows/CMakeFiles/CMakeTmp

Run Build Command(s):/usr/bin/gmake -f Makefile cmTC_345bc/fast && /usr/bin/gmake  -f CMakeFiles/cmTC_345bc.dir/build.make CMakeFiles/cmTC_345bc.dir/build
gmake[1]: Entering directory '/home/taiwei/code/myBeijingHell/build-windows/CMakeFiles/CMakeTmp'
Building C object CMakeFiles/cmTC_345bc.dir/CheckIncludeFile.c.obj
/usr/bin/x86_64-w64-mingw32-gcc   -idirafter "/home/taiwei/code/myBeijingHell/external/SDL2/src/video/khronos"  -D_GNU_SOURCE=1 -o CMakeFiles/cmTC_345bc.dir/CheckIncludeFile.c.obj -c /home/taiwei/code/myBeijingHell/build-windows/CMakeFiles/CMakeTmp/CheckIncludeFile.c
Linking C executable cmTC_345bc.exe
/usr/bin/cmake -E cmake_link_script CMakeFiles/cmTC_345bc.dir/link.txt --verbose=1
/usr/bin/cmake -E rm -f CMakeFiles/cmTC_345bc.dir/objects.a
/usr/bin/x86_64-w64-mingw32-ar qc CMakeFiles/cmTC_345bc.dir/objects.a @CMakeFiles/cmTC_345bc.dir/objects1.rsp
/usr/bin/x86_64-w64-mingw32-gcc  -idirafter "/home/taiwei/code/myBeijingHell/external/SDL2/src/video/khronos"  -D_GNU_SOURCE=1 -Wl,--whole-archive CMakeFiles/cmTC_345bc.dir/objects.a -Wl,--no-whole-archive -o cmTC_345bc.exe -Wl,--out-implib,libcmTC_345bc.dll.a -Wl,--major-image-version,0,--minor-image-version,0 @CMakeFiles/cmTC_345bc.dir/linklibs.rsp
gmake[1]: Leaving directory '/home/taiwei/code/myBeijingHell/build-windows/CMakeFiles/CMakeTmp'



Determining if the include file shellscalingapi.h exists passed with the following output:
Change Dir: /home/taiwei/code/myBeijingHell/build-windows/CMakeFiles/CMakeTmp

Run Build Command(s):/usr/bin/gmake -f Makefile cmTC_1608f/fast && /usr/bin/gmake  -f CMakeFiles/cmTC_1608f.dir/build.make CMakeFiles/cmTC_1608f.dir/build
gmake[1]: Entering directory '/home/taiwei/code/myBeijingHell/build-windows/CMakeFiles/CMakeTmp'
Building C object CMakeFiles/cmTC_1608f.dir/CheckIncludeFile.c.obj
/usr/bin/x86_64-w64-mingw32-gcc   -idirafter "/home/taiwei/code/myBeijingHell/external/SDL2/src/video/khronos"  -D_GNU_SOURCE=1 -o CMakeFiles/cmTC_1608f.dir/CheckIncludeFile.c.obj -c /home/taiwei/code/myBeijingHell/build-windows/CMakeFiles/CMakeTmp/CheckIncludeFile.c
Linking C executable cmTC_1608f.exe
/usr/bin/cmake -E cmake_link_script CMakeFiles/cmTC_1608f.dir/link.txt --verbose=1
/usr/bin/cmake -E rm -f CMakeFiles/cmTC_1608f.dir/objects.a
/usr/bin/x86_64-w64-mingw32-ar qc CMakeFiles/cmTC_1608f.dir/objects.a @CMakeFiles/cmTC_1608f.dir/objects1.rsp
/usr/bin/x86_64-w64-mingw32-gcc  -idirafter "/home/taiwei/code/myBeijingHell/external/SDL2/src/video/khronos"  -D_GNU_SOURCE=1 -Wl,--whole-archive CMakeFiles/cmTC_1608f.dir/objects.a -Wl,--no-whole-archive -o cmTC_1608f.exe -Wl,--out-implib,libcmTC_1608f.dll.a -Wl,--major-image-version,0,--minor-image-version,0 @CMakeFiles/cmTC_1608f.dir/linklibs.rsp
gmake[1]: Leaving directory '/home/taiwei/code/myBeijingHell/build-windows/CMakeFiles/CMakeTmp'



