The system is: Linux - 6.8.0-52-generic - x86_64
Compiling the C compiler identification source file "CMakeCCompilerId.c" succeeded.
Compiler: /usr/bin/cc 
Build flags: 
Id flags:  

The output was:
0


Compilation of the C compiler identification source "CMakeCCompilerId.c" produced "a.out"

The C compiler identification is GNU, found in "/home/taiwei/code/myBeijingHell/build/CMakeFiles/3.22.1/CompilerIdC/a.out"

Compiling the CXX compiler identification source file "CMakeCXXCompilerId.cpp" succeeded.
Compiler: /usr/bin/c++ 
Build flags: 
Id flags:  

The output was:
0


Compilation of the CXX compiler identification source "CMakeCXXCompilerId.cpp" produced "a.out"

The CXX compiler identification is GNU, found in "/home/taiwei/code/myBeijingHell/build/CMakeFiles/3.22.1/CompilerIdCXX/a.out"

Detecting C compiler ABI info compiled with the following output:
Change Dir: /home/taiwei/code/myBeijingHell/build/CMakeFiles/CMakeTmp

Run Build Command(s):/usr/bin/gmake -f Makefile cmTC_14f25/fast && /usr/bin/gmake  -f CMakeFiles/cmTC_14f25.dir/build.make CMakeFiles/cmTC_14f25.dir/build
gmake[1]: Entering directory '/home/taiwei/code/myBeijingHell/build/CMakeFiles/CMakeTmp'
Building C object CMakeFiles/cmTC_14f25.dir/CMakeCCompilerABI.c.o
/usr/bin/cc   -v -o CMakeFiles/cmTC_14f25.dir/CMakeCCompilerABI.c.o -c /usr/share/cmake-3.22/Modules/CMakeCCompilerABI.c
Using built-in specs.
COLLECT_GCC=/usr/bin/cc
OFFLOAD_TARGET_NAMES=nvptx-none:amdgcn-amdhsa
OFFLOAD_TARGET_DEFAULT=1
Target: x86_64-linux-gnu
Configured with: ../src/configure -v --with-pkgversion='Ubuntu 11.4.0-1ubuntu1~22.04' --with-bugurl=file:///usr/share/doc/gcc-11/README.Bugs --enable-languages=c,ada,c++,go,brig,d,fortran,objc,obj-c++,m2 --prefix=/usr --with-gcc-major-version-only --program-suffix=-11 --program-prefix=x86_64-linux-gnu- --enable-shared --enable-linker-build-id --libexecdir=/usr/lib --without-included-gettext --enable-threads=posix --libdir=/usr/lib --enable-nls --enable-bootstrap --enable-clocale=gnu --enable-libstdcxx-debug --enable-libstdcxx-time=yes --with-default-libstdcxx-abi=new --enable-gnu-unique-object --disable-vtable-verify --enable-plugin --enable-default-pie --with-system-zlib --enable-libphobos-checking=release --with-target-system-zlib=auto --enable-objc-gc=auto --enable-multiarch --disable-werror --enable-cet --with-arch-32=i686 --with-abi=m64 --with-multilib-list=m32,m64,mx32 --enable-multilib --with-tune=generic --enable-offload-targets=nvptx-none=/build/gcc-11-XeT9lY/gcc-11-11.4.0/debian/tmp-nvptx/usr,amdgcn-amdhsa=/build/gcc-11-XeT9lY/gcc-11-11.4.0/debian/tmp-gcn/usr --without-cuda-driver --enable-checking=release --build=x86_64-linux-gnu --host=x86_64-linux-gnu --target=x86_64-linux-gnu --with-build-config=bootstrap-lto-lean --enable-link-serialization=2
Thread model: posix
Supported LTO compression algorithms: zlib zstd
gcc version 11.4.0 (Ubuntu 11.4.0-1ubuntu1~22.04) 
COLLECT_GCC_OPTIONS='-v' '-o' 'CMakeFiles/cmTC_14f25.dir/CMakeCCompilerABI.c.o' '-c' '-mtune=generic' '-march=x86-64' '-dumpdir' 'CMakeFiles/cmTC_14f25.dir/'
 /usr/lib/gcc/x86_64-linux-gnu/11/cc1 -quiet -v -imultiarch x86_64-linux-gnu /usr/share/cmake-3.22/Modules/CMakeCCompilerABI.c -quiet -dumpdir CMakeFiles/cmTC_14f25.dir/ -dumpbase CMakeCCompilerABI.c.c -dumpbase-ext .c -mtune=generic -march=x86-64 -version -fasynchronous-unwind-tables -fstack-protector-strong -Wformat -Wformat-security -fstack-clash-protection -fcf-protection -o /tmp/cc8SyZUw.s
GNU C17 (Ubuntu 11.4.0-1ubuntu1~22.04) version 11.4.0 (x86_64-linux-gnu)
	compiled by GNU C version 11.4.0, GMP version 6.2.1, MPFR version 4.1.0, MPC version 1.2.1, isl version isl-0.24-GMP

GGC heuristics: --param ggc-min-expand=100 --param ggc-min-heapsize=131072
ignoring nonexistent directory "/usr/local/include/x86_64-linux-gnu"
ignoring nonexistent directory "/usr/lib/gcc/x86_64-linux-gnu/11/include-fixed"
ignoring nonexistent directory "/usr/lib/gcc/x86_64-linux-gnu/11/../../../../x86_64-linux-gnu/include"
#include "..." search starts here:
#include <...> search starts here:
 /usr/lib/gcc/x86_64-linux-gnu/11/include
 /usr/local/include
 /usr/include/x86_64-linux-gnu
 /usr/include
End of search list.
GNU C17 (Ubuntu 11.4.0-1ubuntu1~22.04) version 11.4.0 (x86_64-linux-gnu)
	compiled by GNU C version 11.4.0, GMP version 6.2.1, MPFR version 4.1.0, MPC version 1.2.1, isl version isl-0.24-GMP

GGC heuristics: --param ggc-min-expand=100 --param ggc-min-heapsize=131072
Compiler executable checksum: 50eaa2331df977b8016186198deb2d18
COLLECT_GCC_OPTIONS='-v' '-o' 'CMakeFiles/cmTC_14f25.dir/CMakeCCompilerABI.c.o' '-c' '-mtune=generic' '-march=x86-64' '-dumpdir' 'CMakeFiles/cmTC_14f25.dir/'
 as -v --64 -o CMakeFiles/cmTC_14f25.dir/CMakeCCompilerABI.c.o /tmp/cc8SyZUw.s
GNU assembler version 2.38 (x86_64-linux-gnu) using BFD version (GNU Binutils for Ubuntu) 2.38
COMPILER_PATH=/usr/lib/gcc/x86_64-linux-gnu/11/:/usr/lib/gcc/x86_64-linux-gnu/11/:/usr/lib/gcc/x86_64-linux-gnu/:/usr/lib/gcc/x86_64-linux-gnu/11/:/usr/lib/gcc/x86_64-linux-gnu/
LIBRARY_PATH=/usr/lib/gcc/x86_64-linux-gnu/11/:/usr/lib/gcc/x86_64-linux-gnu/11/../../../x86_64-linux-gnu/:/usr/lib/gcc/x86_64-linux-gnu/11/../../../../lib/:/lib/x86_64-linux-gnu/:/lib/../lib/:/usr/lib/x86_64-linux-gnu/:/usr/lib/../lib/:/usr/lib/gcc/x86_64-linux-gnu/11/../../../:/lib/:/usr/lib/
COLLECT_GCC_OPTIONS='-v' '-o' 'CMakeFiles/cmTC_14f25.dir/CMakeCCompilerABI.c.o' '-c' '-mtune=generic' '-march=x86-64' '-dumpdir' 'CMakeFiles/cmTC_14f25.dir/CMakeCCompilerABI.c.'
Linking C executable cmTC_14f25
/usr/bin/cmake -E cmake_link_script CMakeFiles/cmTC_14f25.dir/link.txt --verbose=1
/usr/bin/cc  -v CMakeFiles/cmTC_14f25.dir/CMakeCCompilerABI.c.o -o cmTC_14f25 
Using built-in specs.
COLLECT_GCC=/usr/bin/cc
COLLECT_LTO_WRAPPER=/usr/lib/gcc/x86_64-linux-gnu/11/lto-wrapper
OFFLOAD_TARGET_NAMES=nvptx-none:amdgcn-amdhsa
OFFLOAD_TARGET_DEFAULT=1
Target: x86_64-linux-gnu
Configured with: ../src/configure -v --with-pkgversion='Ubuntu 11.4.0-1ubuntu1~22.04' --with-bugurl=file:///usr/share/doc/gcc-11/README.Bugs --enable-languages=c,ada,c++,go,brig,d,fortran,objc,obj-c++,m2 --prefix=/usr --with-gcc-major-version-only --program-suffix=-11 --program-prefix=x86_64-linux-gnu- --enable-shared --enable-linker-build-id --libexecdir=/usr/lib --without-included-gettext --enable-threads=posix --libdir=/usr/lib --enable-nls --enable-bootstrap --enable-clocale=gnu --enable-libstdcxx-debug --enable-libstdcxx-time=yes --with-default-libstdcxx-abi=new --enable-gnu-unique-object --disable-vtable-verify --enable-plugin --enable-default-pie --with-system-zlib --enable-libphobos-checking=release --with-target-system-zlib=auto --enable-objc-gc=auto --enable-multiarch --disable-werror --enable-cet --with-arch-32=i686 --with-abi=m64 --with-multilib-list=m32,m64,mx32 --enable-multilib --with-tune=generic --enable-offload-targets=nvptx-none=/build/gcc-11-XeT9lY/gcc-11-11.4.0/debian/tmp-nvptx/usr,amdgcn-amdhsa=/build/gcc-11-XeT9lY/gcc-11-11.4.0/debian/tmp-gcn/usr --without-cuda-driver --enable-checking=release --build=x86_64-linux-gnu --host=x86_64-linux-gnu --target=x86_64-linux-gnu --with-build-config=bootstrap-lto-lean --enable-link-serialization=2
Thread model: posix
Supported LTO compression algorithms: zlib zstd
gcc version 11.4.0 (Ubuntu 11.4.0-1ubuntu1~22.04) 
COMPILER_PATH=/usr/lib/gcc/x86_64-linux-gnu/11/:/usr/lib/gcc/x86_64-linux-gnu/11/:/usr/lib/gcc/x86_64-linux-gnu/:/usr/lib/gcc/x86_64-linux-gnu/11/:/usr/lib/gcc/x86_64-linux-gnu/
LIBRARY_PATH=/usr/lib/gcc/x86_64-linux-gnu/11/:/usr/lib/gcc/x86_64-linux-gnu/11/../../../x86_64-linux-gnu/:/usr/lib/gcc/x86_64-linux-gnu/11/../../../../lib/:/lib/x86_64-linux-gnu/:/lib/../lib/:/usr/lib/x86_64-linux-gnu/:/usr/lib/../lib/:/usr/lib/gcc/x86_64-linux-gnu/11/../../../:/lib/:/usr/lib/
COLLECT_GCC_OPTIONS='-v' '-o' 'cmTC_14f25' '-mtune=generic' '-march=x86-64' '-dumpdir' 'cmTC_14f25.'
 /usr/lib/gcc/x86_64-linux-gnu/11/collect2 -plugin /usr/lib/gcc/x86_64-linux-gnu/11/liblto_plugin.so -plugin-opt=/usr/lib/gcc/x86_64-linux-gnu/11/lto-wrapper -plugin-opt=-fresolution=/tmp/ccvD2n8f.res -plugin-opt=-pass-through=-lgcc -plugin-opt=-pass-through=-lgcc_s -plugin-opt=-pass-through=-lc -plugin-opt=-pass-through=-lgcc -plugin-opt=-pass-through=-lgcc_s --build-id --eh-frame-hdr -m elf_x86_64 --hash-style=gnu --as-needed -dynamic-linker /lib64/ld-linux-x86-64.so.2 -pie -z now -z relro -o cmTC_14f25 /usr/lib/gcc/x86_64-linux-gnu/11/../../../x86_64-linux-gnu/Scrt1.o /usr/lib/gcc/x86_64-linux-gnu/11/../../../x86_64-linux-gnu/crti.o /usr/lib/gcc/x86_64-linux-gnu/11/crtbeginS.o -L/usr/lib/gcc/x86_64-linux-gnu/11 -L/usr/lib/gcc/x86_64-linux-gnu/11/../../../x86_64-linux-gnu -L/usr/lib/gcc/x86_64-linux-gnu/11/../../../../lib -L/lib/x86_64-linux-gnu -L/lib/../lib -L/usr/lib/x86_64-linux-gnu -L/usr/lib/../lib -L/usr/lib/gcc/x86_64-linux-gnu/11/../../.. CMakeFiles/cmTC_14f25.dir/CMakeCCompilerABI.c.o -lgcc --push-state --as-needed -lgcc_s --pop-state -lc -lgcc --push-state --as-needed -lgcc_s --pop-state /usr/lib/gcc/x86_64-linux-gnu/11/crtendS.o /usr/lib/gcc/x86_64-linux-gnu/11/../../../x86_64-linux-gnu/crtn.o
COLLECT_GCC_OPTIONS='-v' '-o' 'cmTC_14f25' '-mtune=generic' '-march=x86-64' '-dumpdir' 'cmTC_14f25.'
gmake[1]: Leaving directory '/home/taiwei/code/myBeijingHell/build/CMakeFiles/CMakeTmp'



Parsed C implicit include dir info from above output: rv=done
  found start of include info
  found start of implicit include info
    add: [/usr/lib/gcc/x86_64-linux-gnu/11/include]
    add: [/usr/local/include]
    add: [/usr/include/x86_64-linux-gnu]
    add: [/usr/include]
  end of search list found
  collapse include dir [/usr/lib/gcc/x86_64-linux-gnu/11/include] ==> [/usr/lib/gcc/x86_64-linux-gnu/11/include]
  collapse include dir [/usr/local/include] ==> [/usr/local/include]
  collapse include dir [/usr/include/x86_64-linux-gnu] ==> [/usr/include/x86_64-linux-gnu]
  collapse include dir [/usr/include] ==> [/usr/include]
  implicit include dirs: [/usr/lib/gcc/x86_64-linux-gnu/11/include;/usr/local/include;/usr/include/x86_64-linux-gnu;/usr/include]


Parsed C implicit link information from above output:
  link line regex: [^( *|.*[/\])(ld|CMAKE_LINK_STARTFILE-NOTFOUND|([^/\]+-)?ld|collect2)[^/\]*( |$)]
  ignore line: [Change Dir: /home/taiwei/code/myBeijingHell/build/CMakeFiles/CMakeTmp]
  ignore line: []
  ignore line: [Run Build Command(s):/usr/bin/gmake -f Makefile cmTC_14f25/fast && /usr/bin/gmake  -f CMakeFiles/cmTC_14f25.dir/build.make CMakeFiles/cmTC_14f25.dir/build]
  ignore line: [gmake[1]: Entering directory '/home/taiwei/code/myBeijingHell/build/CMakeFiles/CMakeTmp']
  ignore line: [Building C object CMakeFiles/cmTC_14f25.dir/CMakeCCompilerABI.c.o]
  ignore line: [/usr/bin/cc   -v -o CMakeFiles/cmTC_14f25.dir/CMakeCCompilerABI.c.o -c /usr/share/cmake-3.22/Modules/CMakeCCompilerABI.c]
  ignore line: [Using built-in specs.]
  ignore line: [COLLECT_GCC=/usr/bin/cc]
  ignore line: [OFFLOAD_TARGET_NAMES=nvptx-none:amdgcn-amdhsa]
  ignore line: [OFFLOAD_TARGET_DEFAULT=1]
  ignore line: [Target: x86_64-linux-gnu]
  ignore line: [Configured with: ../src/configure -v --with-pkgversion='Ubuntu 11.4.0-1ubuntu1~22.04' --with-bugurl=file:///usr/share/doc/gcc-11/README.Bugs --enable-languages=c ada c++ go brig d fortran objc obj-c++ m2 --prefix=/usr --with-gcc-major-version-only --program-suffix=-11 --program-prefix=x86_64-linux-gnu- --enable-shared --enable-linker-build-id --libexecdir=/usr/lib --without-included-gettext --enable-threads=posix --libdir=/usr/lib --enable-nls --enable-bootstrap --enable-clocale=gnu --enable-libstdcxx-debug --enable-libstdcxx-time=yes --with-default-libstdcxx-abi=new --enable-gnu-unique-object --disable-vtable-verify --enable-plugin --enable-default-pie --with-system-zlib --enable-libphobos-checking=release --with-target-system-zlib=auto --enable-objc-gc=auto --enable-multiarch --disable-werror --enable-cet --with-arch-32=i686 --with-abi=m64 --with-multilib-list=m32 m64 mx32 --enable-multilib --with-tune=generic --enable-offload-targets=nvptx-none=/build/gcc-11-XeT9lY/gcc-11-11.4.0/debian/tmp-nvptx/usr amdgcn-amdhsa=/build/gcc-11-XeT9lY/gcc-11-11.4.0/debian/tmp-gcn/usr --without-cuda-driver --enable-checking=release --build=x86_64-linux-gnu --host=x86_64-linux-gnu --target=x86_64-linux-gnu --with-build-config=bootstrap-lto-lean --enable-link-serialization=2]
  ignore line: [Thread model: posix]
  ignore line: [Supported LTO compression algorithms: zlib zstd]
  ignore line: [gcc version 11.4.0 (Ubuntu 11.4.0-1ubuntu1~22.04) ]
  ignore line: [COLLECT_GCC_OPTIONS='-v' '-o' 'CMakeFiles/cmTC_14f25.dir/CMakeCCompilerABI.c.o' '-c' '-mtune=generic' '-march=x86-64' '-dumpdir' 'CMakeFiles/cmTC_14f25.dir/']
  ignore line: [ /usr/lib/gcc/x86_64-linux-gnu/11/cc1 -quiet -v -imultiarch x86_64-linux-gnu /usr/share/cmake-3.22/Modules/CMakeCCompilerABI.c -quiet -dumpdir CMakeFiles/cmTC_14f25.dir/ -dumpbase CMakeCCompilerABI.c.c -dumpbase-ext .c -mtune=generic -march=x86-64 -version -fasynchronous-unwind-tables -fstack-protector-strong -Wformat -Wformat-security -fstack-clash-protection -fcf-protection -o /tmp/cc8SyZUw.s]
  ignore line: [GNU C17 (Ubuntu 11.4.0-1ubuntu1~22.04) version 11.4.0 (x86_64-linux-gnu)]
  ignore line: [	compiled by GNU C version 11.4.0  GMP version 6.2.1  MPFR version 4.1.0  MPC version 1.2.1  isl version isl-0.24-GMP]
  ignore line: []
  ignore line: [GGC heuristics: --param ggc-min-expand=100 --param ggc-min-heapsize=131072]
  ignore line: [ignoring nonexistent directory "/usr/local/include/x86_64-linux-gnu"]
  ignore line: [ignoring nonexistent directory "/usr/lib/gcc/x86_64-linux-gnu/11/include-fixed"]
  ignore line: [ignoring nonexistent directory "/usr/lib/gcc/x86_64-linux-gnu/11/../../../../x86_64-linux-gnu/include"]
  ignore line: [#include "..." search starts here:]
  ignore line: [#include <...> search starts here:]
  ignore line: [ /usr/lib/gcc/x86_64-linux-gnu/11/include]
  ignore line: [ /usr/local/include]
  ignore line: [ /usr/include/x86_64-linux-gnu]
  ignore line: [ /usr/include]
  ignore line: [End of search list.]
  ignore line: [GNU C17 (Ubuntu 11.4.0-1ubuntu1~22.04) version 11.4.0 (x86_64-linux-gnu)]
  ignore line: [	compiled by GNU C version 11.4.0  GMP version 6.2.1  MPFR version 4.1.0  MPC version 1.2.1  isl version isl-0.24-GMP]
  ignore line: []
  ignore line: [GGC heuristics: --param ggc-min-expand=100 --param ggc-min-heapsize=131072]
  ignore line: [Compiler executable checksum: 50eaa2331df977b8016186198deb2d18]
  ignore line: [COLLECT_GCC_OPTIONS='-v' '-o' 'CMakeFiles/cmTC_14f25.dir/CMakeCCompilerABI.c.o' '-c' '-mtune=generic' '-march=x86-64' '-dumpdir' 'CMakeFiles/cmTC_14f25.dir/']
  ignore line: [ as -v --64 -o CMakeFiles/cmTC_14f25.dir/CMakeCCompilerABI.c.o /tmp/cc8SyZUw.s]
  ignore line: [GNU assembler version 2.38 (x86_64-linux-gnu) using BFD version (GNU Binutils for Ubuntu) 2.38]
  ignore line: [COMPILER_PATH=/usr/lib/gcc/x86_64-linux-gnu/11/:/usr/lib/gcc/x86_64-linux-gnu/11/:/usr/lib/gcc/x86_64-linux-gnu/:/usr/lib/gcc/x86_64-linux-gnu/11/:/usr/lib/gcc/x86_64-linux-gnu/]
  ignore line: [LIBRARY_PATH=/usr/lib/gcc/x86_64-linux-gnu/11/:/usr/lib/gcc/x86_64-linux-gnu/11/../../../x86_64-linux-gnu/:/usr/lib/gcc/x86_64-linux-gnu/11/../../../../lib/:/lib/x86_64-linux-gnu/:/lib/../lib/:/usr/lib/x86_64-linux-gnu/:/usr/lib/../lib/:/usr/lib/gcc/x86_64-linux-gnu/11/../../../:/lib/:/usr/lib/]
  ignore line: [COLLECT_GCC_OPTIONS='-v' '-o' 'CMakeFiles/cmTC_14f25.dir/CMakeCCompilerABI.c.o' '-c' '-mtune=generic' '-march=x86-64' '-dumpdir' 'CMakeFiles/cmTC_14f25.dir/CMakeCCompilerABI.c.']
  ignore line: [Linking C executable cmTC_14f25]
  ignore line: [/usr/bin/cmake -E cmake_link_script CMakeFiles/cmTC_14f25.dir/link.txt --verbose=1]
  ignore line: [/usr/bin/cc  -v CMakeFiles/cmTC_14f25.dir/CMakeCCompilerABI.c.o -o cmTC_14f25 ]
  ignore line: [Using built-in specs.]
  ignore line: [COLLECT_GCC=/usr/bin/cc]
  ignore line: [COLLECT_LTO_WRAPPER=/usr/lib/gcc/x86_64-linux-gnu/11/lto-wrapper]
  ignore line: [OFFLOAD_TARGET_NAMES=nvptx-none:amdgcn-amdhsa]
  ignore line: [OFFLOAD_TARGET_DEFAULT=1]
  ignore line: [Target: x86_64-linux-gnu]
  ignore line: [Configured with: ../src/configure -v --with-pkgversion='Ubuntu 11.4.0-1ubuntu1~22.04' --with-bugurl=file:///usr/share/doc/gcc-11/README.Bugs --enable-languages=c ada c++ go brig d fortran objc obj-c++ m2 --prefix=/usr --with-gcc-major-version-only --program-suffix=-11 --program-prefix=x86_64-linux-gnu- --enable-shared --enable-linker-build-id --libexecdir=/usr/lib --without-included-gettext --enable-threads=posix --libdir=/usr/lib --enable-nls --enable-bootstrap --enable-clocale=gnu --enable-libstdcxx-debug --enable-libstdcxx-time=yes --with-default-libstdcxx-abi=new --enable-gnu-unique-object --disable-vtable-verify --enable-plugin --enable-default-pie --with-system-zlib --enable-libphobos-checking=release --with-target-system-zlib=auto --enable-objc-gc=auto --enable-multiarch --disable-werror --enable-cet --with-arch-32=i686 --with-abi=m64 --with-multilib-list=m32 m64 mx32 --enable-multilib --with-tune=generic --enable-offload-targets=nvptx-none=/build/gcc-11-XeT9lY/gcc-11-11.4.0/debian/tmp-nvptx/usr amdgcn-amdhsa=/build/gcc-11-XeT9lY/gcc-11-11.4.0/debian/tmp-gcn/usr --without-cuda-driver --enable-checking=release --build=x86_64-linux-gnu --host=x86_64-linux-gnu --target=x86_64-linux-gnu --with-build-config=bootstrap-lto-lean --enable-link-serialization=2]
  ignore line: [Thread model: posix]
  ignore line: [Supported LTO compression algorithms: zlib zstd]
  ignore line: [gcc version 11.4.0 (Ubuntu 11.4.0-1ubuntu1~22.04) ]
  ignore line: [COMPILER_PATH=/usr/lib/gcc/x86_64-linux-gnu/11/:/usr/lib/gcc/x86_64-linux-gnu/11/:/usr/lib/gcc/x86_64-linux-gnu/:/usr/lib/gcc/x86_64-linux-gnu/11/:/usr/lib/gcc/x86_64-linux-gnu/]
  ignore line: [LIBRARY_PATH=/usr/lib/gcc/x86_64-linux-gnu/11/:/usr/lib/gcc/x86_64-linux-gnu/11/../../../x86_64-linux-gnu/:/usr/lib/gcc/x86_64-linux-gnu/11/../../../../lib/:/lib/x86_64-linux-gnu/:/lib/../lib/:/usr/lib/x86_64-linux-gnu/:/usr/lib/../lib/:/usr/lib/gcc/x86_64-linux-gnu/11/../../../:/lib/:/usr/lib/]
  ignore line: [COLLECT_GCC_OPTIONS='-v' '-o' 'cmTC_14f25' '-mtune=generic' '-march=x86-64' '-dumpdir' 'cmTC_14f25.']
  link line: [ /usr/lib/gcc/x86_64-linux-gnu/11/collect2 -plugin /usr/lib/gcc/x86_64-linux-gnu/11/liblto_plugin.so -plugin-opt=/usr/lib/gcc/x86_64-linux-gnu/11/lto-wrapper -plugin-opt=-fresolution=/tmp/ccvD2n8f.res -plugin-opt=-pass-through=-lgcc -plugin-opt=-pass-through=-lgcc_s -plugin-opt=-pass-through=-lc -plugin-opt=-pass-through=-lgcc -plugin-opt=-pass-through=-lgcc_s --build-id --eh-frame-hdr -m elf_x86_64 --hash-style=gnu --as-needed -dynamic-linker /lib64/ld-linux-x86-64.so.2 -pie -z now -z relro -o cmTC_14f25 /usr/lib/gcc/x86_64-linux-gnu/11/../../../x86_64-linux-gnu/Scrt1.o /usr/lib/gcc/x86_64-linux-gnu/11/../../../x86_64-linux-gnu/crti.o /usr/lib/gcc/x86_64-linux-gnu/11/crtbeginS.o -L/usr/lib/gcc/x86_64-linux-gnu/11 -L/usr/lib/gcc/x86_64-linux-gnu/11/../../../x86_64-linux-gnu -L/usr/lib/gcc/x86_64-linux-gnu/11/../../../../lib -L/lib/x86_64-linux-gnu -L/lib/../lib -L/usr/lib/x86_64-linux-gnu -L/usr/lib/../lib -L/usr/lib/gcc/x86_64-linux-gnu/11/../../.. CMakeFiles/cmTC_14f25.dir/CMakeCCompilerABI.c.o -lgcc --push-state --as-needed -lgcc_s --pop-state -lc -lgcc --push-state --as-needed -lgcc_s --pop-state /usr/lib/gcc/x86_64-linux-gnu/11/crtendS.o /usr/lib/gcc/x86_64-linux-gnu/11/../../../x86_64-linux-gnu/crtn.o]
    arg [/usr/lib/gcc/x86_64-linux-gnu/11/collect2] ==> ignore
    arg [-plugin] ==> ignore
    arg [/usr/lib/gcc/x86_64-linux-gnu/11/liblto_plugin.so] ==> ignore
    arg [-plugin-opt=/usr/lib/gcc/x86_64-linux-gnu/11/lto-wrapper] ==> ignore
    arg [-plugin-opt=-fresolution=/tmp/ccvD2n8f.res] ==> ignore
    arg [-plugin-opt=-pass-through=-lgcc] ==> ignore
    arg [-plugin-opt=-pass-through=-lgcc_s] ==> ignore
    arg [-plugin-opt=-pass-through=-lc] ==> ignore
    arg [-plugin-opt=-pass-through=-lgcc] ==> ignore
    arg [-plugin-opt=-pass-through=-lgcc_s] ==> ignore
    arg [--build-id] ==> ignore
    arg [--eh-frame-hdr] ==> ignore
    arg [-m] ==> ignore
    arg [elf_x86_64] ==> ignore
    arg [--hash-style=gnu] ==> ignore
    arg [--as-needed] ==> ignore
    arg [-dynamic-linker] ==> ignore
    arg [/lib64/ld-linux-x86-64.so.2] ==> ignore
    arg [-pie] ==> ignore
    arg [-znow] ==> ignore
    arg [-zrelro] ==> ignore
    arg [-o] ==> ignore
    arg [cmTC_14f25] ==> ignore
    arg [/usr/lib/gcc/x86_64-linux-gnu/11/../../../x86_64-linux-gnu/Scrt1.o] ==> obj [/usr/lib/gcc/x86_64-linux-gnu/11/../../../x86_64-linux-gnu/Scrt1.o]
    arg [/usr/lib/gcc/x86_64-linux-gnu/11/../../../x86_64-linux-gnu/crti.o] ==> obj [/usr/lib/gcc/x86_64-linux-gnu/11/../../../x86_64-linux-gnu/crti.o]
    arg [/usr/lib/gcc/x86_64-linux-gnu/11/crtbeginS.o] ==> obj [/usr/lib/gcc/x86_64-linux-gnu/11/crtbeginS.o]
    arg [-L/usr/lib/gcc/x86_64-linux-gnu/11] ==> dir [/usr/lib/gcc/x86_64-linux-gnu/11]
    arg [-L/usr/lib/gcc/x86_64-linux-gnu/11/../../../x86_64-linux-gnu] ==> dir [/usr/lib/gcc/x86_64-linux-gnu/11/../../../x86_64-linux-gnu]
    arg [-L/usr/lib/gcc/x86_64-linux-gnu/11/../../../../lib] ==> dir [/usr/lib/gcc/x86_64-linux-gnu/11/../../../../lib]
    arg [-L/lib/x86_64-linux-gnu] ==> dir [/lib/x86_64-linux-gnu]
    arg [-L/lib/../lib] ==> dir [/lib/../lib]
    arg [-L/usr/lib/x86_64-linux-gnu] ==> dir [/usr/lib/x86_64-linux-gnu]
    arg [-L/usr/lib/../lib] ==> dir [/usr/lib/../lib]
    arg [-L/usr/lib/gcc/x86_64-linux-gnu/11/../../..] ==> dir [/usr/lib/gcc/x86_64-linux-gnu/11/../../..]
    arg [CMakeFiles/cmTC_14f25.dir/CMakeCCompilerABI.c.o] ==> ignore
    arg [-lgcc] ==> lib [gcc]
    arg [--push-state] ==> ignore
    arg [--as-needed] ==> ignore
    arg [-lgcc_s] ==> lib [gcc_s]
    arg [--pop-state] ==> ignore
    arg [-lc] ==> lib [c]
    arg [-lgcc] ==> lib [gcc]
    arg [--push-state] ==> ignore
    arg [--as-needed] ==> ignore
    arg [-lgcc_s] ==> lib [gcc_s]
    arg [--pop-state] ==> ignore
    arg [/usr/lib/gcc/x86_64-linux-gnu/11/crtendS.o] ==> obj [/usr/lib/gcc/x86_64-linux-gnu/11/crtendS.o]
    arg [/usr/lib/gcc/x86_64-linux-gnu/11/../../../x86_64-linux-gnu/crtn.o] ==> obj [/usr/lib/gcc/x86_64-linux-gnu/11/../../../x86_64-linux-gnu/crtn.o]
  collapse obj [/usr/lib/gcc/x86_64-linux-gnu/11/../../../x86_64-linux-gnu/Scrt1.o] ==> [/usr/lib/x86_64-linux-gnu/Scrt1.o]
  collapse obj [/usr/lib/gcc/x86_64-linux-gnu/11/../../../x86_64-linux-gnu/crti.o] ==> [/usr/lib/x86_64-linux-gnu/crti.o]
  collapse obj [/usr/lib/gcc/x86_64-linux-gnu/11/../../../x86_64-linux-gnu/crtn.o] ==> [/usr/lib/x86_64-linux-gnu/crtn.o]
  collapse library dir [/usr/lib/gcc/x86_64-linux-gnu/11] ==> [/usr/lib/gcc/x86_64-linux-gnu/11]
  collapse library dir [/usr/lib/gcc/x86_64-linux-gnu/11/../../../x86_64-linux-gnu] ==> [/usr/lib/x86_64-linux-gnu]
  collapse library dir [/usr/lib/gcc/x86_64-linux-gnu/11/../../../../lib] ==> [/usr/lib]
  collapse library dir [/lib/x86_64-linux-gnu] ==> [/lib/x86_64-linux-gnu]
  collapse library dir [/lib/../lib] ==> [/lib]
  collapse library dir [/usr/lib/x86_64-linux-gnu] ==> [/usr/lib/x86_64-linux-gnu]
  collapse library dir [/usr/lib/../lib] ==> [/usr/lib]
  collapse library dir [/usr/lib/gcc/x86_64-linux-gnu/11/../../..] ==> [/usr/lib]
  implicit libs: [gcc;gcc_s;c;gcc;gcc_s]
  implicit objs: [/usr/lib/x86_64-linux-gnu/Scrt1.o;/usr/lib/x86_64-linux-gnu/crti.o;/usr/lib/gcc/x86_64-linux-gnu/11/crtbeginS.o;/usr/lib/gcc/x86_64-linux-gnu/11/crtendS.o;/usr/lib/x86_64-linux-gnu/crtn.o]
  implicit dirs: [/usr/lib/gcc/x86_64-linux-gnu/11;/usr/lib/x86_64-linux-gnu;/usr/lib;/lib/x86_64-linux-gnu;/lib]
  implicit fwks: []


Detecting CXX compiler ABI info compiled with the following output:
Change Dir: /home/taiwei/code/myBeijingHell/build/CMakeFiles/CMakeTmp

Run Build Command(s):/usr/bin/gmake -f Makefile cmTC_b7950/fast && /usr/bin/gmake  -f CMakeFiles/cmTC_b7950.dir/build.make CMakeFiles/cmTC_b7950.dir/build
gmake[1]: Entering directory '/home/taiwei/code/myBeijingHell/build/CMakeFiles/CMakeTmp'
Building CXX object CMakeFiles/cmTC_b7950.dir/CMakeCXXCompilerABI.cpp.o
/usr/bin/c++   -v -o CMakeFiles/cmTC_b7950.dir/CMakeCXXCompilerABI.cpp.o -c /usr/share/cmake-3.22/Modules/CMakeCXXCompilerABI.cpp
Using built-in specs.
COLLECT_GCC=/usr/bin/c++
OFFLOAD_TARGET_NAMES=nvptx-none:amdgcn-amdhsa
OFFLOAD_TARGET_DEFAULT=1
Target: x86_64-linux-gnu
Configured with: ../src/configure -v --with-pkgversion='Ubuntu 11.4.0-1ubuntu1~22.04' --with-bugurl=file:///usr/share/doc/gcc-11/README.Bugs --enable-languages=c,ada,c++,go,brig,d,fortran,objc,obj-c++,m2 --prefix=/usr --with-gcc-major-version-only --program-suffix=-11 --program-prefix=x86_64-linux-gnu- --enable-shared --enable-linker-build-id --libexecdir=/usr/lib --without-included-gettext --enable-threads=posix --libdir=/usr/lib --enable-nls --enable-bootstrap --enable-clocale=gnu --enable-libstdcxx-debug --enable-libstdcxx-time=yes --with-default-libstdcxx-abi=new --enable-gnu-unique-object --disable-vtable-verify --enable-plugin --enable-default-pie --with-system-zlib --enable-libphobos-checking=release --with-target-system-zlib=auto --enable-objc-gc=auto --enable-multiarch --disable-werror --enable-cet --with-arch-32=i686 --with-abi=m64 --with-multilib-list=m32,m64,mx32 --enable-multilib --with-tune=generic --enable-offload-targets=nvptx-none=/build/gcc-11-XeT9lY/gcc-11-11.4.0/debian/tmp-nvptx/usr,amdgcn-amdhsa=/build/gcc-11-XeT9lY/gcc-11-11.4.0/debian/tmp-gcn/usr --without-cuda-driver --enable-checking=release --build=x86_64-linux-gnu --host=x86_64-linux-gnu --target=x86_64-linux-gnu --with-build-config=bootstrap-lto-lean --enable-link-serialization=2
Thread model: posix
Supported LTO compression algorithms: zlib zstd
gcc version 11.4.0 (Ubuntu 11.4.0-1ubuntu1~22.04) 
COLLECT_GCC_OPTIONS='-v' '-o' 'CMakeFiles/cmTC_b7950.dir/CMakeCXXCompilerABI.cpp.o' '-c' '-shared-libgcc' '-mtune=generic' '-march=x86-64' '-dumpdir' 'CMakeFiles/cmTC_b7950.dir/'
 /usr/lib/gcc/x86_64-linux-gnu/11/cc1plus -quiet -v -imultiarch x86_64-linux-gnu -D_GNU_SOURCE /usr/share/cmake-3.22/Modules/CMakeCXXCompilerABI.cpp -quiet -dumpdir CMakeFiles/cmTC_b7950.dir/ -dumpbase CMakeCXXCompilerABI.cpp.cpp -dumpbase-ext .cpp -mtune=generic -march=x86-64 -version -fasynchronous-unwind-tables -fstack-protector-strong -Wformat -Wformat-security -fstack-clash-protection -fcf-protection -o /tmp/ccn9vHXl.s
GNU C++17 (Ubuntu 11.4.0-1ubuntu1~22.04) version 11.4.0 (x86_64-linux-gnu)
	compiled by GNU C version 11.4.0, GMP version 6.2.1, MPFR version 4.1.0, MPC version 1.2.1, isl version isl-0.24-GMP

GGC heuristics: --param ggc-min-expand=100 --param ggc-min-heapsize=131072
ignoring duplicate directory "/usr/include/x86_64-linux-gnu/c++/11"
ignoring nonexistent directory "/usr/local/include/x86_64-linux-gnu"
ignoring nonexistent directory "/usr/lib/gcc/x86_64-linux-gnu/11/include-fixed"
ignoring nonexistent directory "/usr/lib/gcc/x86_64-linux-gnu/11/../../../../x86_64-linux-gnu/include"
#include "..." search starts here:
#include <...> search starts here:
 /usr/include/c++/11
 /usr/include/x86_64-linux-gnu/c++/11
 /usr/include/c++/11/backward
 /usr/lib/gcc/x86_64-linux-gnu/11/include
 /usr/local/include
 /usr/include/x86_64-linux-gnu
 /usr/include
End of search list.
GNU C++17 (Ubuntu 11.4.0-1ubuntu1~22.04) version 11.4.0 (x86_64-linux-gnu)
	compiled by GNU C version 11.4.0, GMP version 6.2.1, MPFR version 4.1.0, MPC version 1.2.1, isl version isl-0.24-GMP

GGC heuristics: --param ggc-min-expand=100 --param ggc-min-heapsize=131072
Compiler executable checksum: d591828bb4d392ae8b7b160e5bb0b95f
COLLECT_GCC_OPTIONS='-v' '-o' 'CMakeFiles/cmTC_b7950.dir/CMakeCXXCompilerABI.cpp.o' '-c' '-shared-libgcc' '-mtune=generic' '-march=x86-64' '-dumpdir' 'CMakeFiles/cmTC_b7950.dir/'
 as -v --64 -o CMakeFiles/cmTC_b7950.dir/CMakeCXXCompilerABI.cpp.o /tmp/ccn9vHXl.s
GNU assembler version 2.38 (x86_64-linux-gnu) using BFD version (GNU Binutils for Ubuntu) 2.38
COMPILER_PATH=/usr/lib/gcc/x86_64-linux-gnu/11/:/usr/lib/gcc/x86_64-linux-gnu/11/:/usr/lib/gcc/x86_64-linux-gnu/:/usr/lib/gcc/x86_64-linux-gnu/11/:/usr/lib/gcc/x86_64-linux-gnu/
LIBRARY_PATH=/usr/lib/gcc/x86_64-linux-gnu/11/:/usr/lib/gcc/x86_64-linux-gnu/11/../../../x86_64-linux-gnu/:/usr/lib/gcc/x86_64-linux-gnu/11/../../../../lib/:/lib/x86_64-linux-gnu/:/lib/../lib/:/usr/lib/x86_64-linux-gnu/:/usr/lib/../lib/:/usr/lib/gcc/x86_64-linux-gnu/11/../../../:/lib/:/usr/lib/
COLLECT_GCC_OPTIONS='-v' '-o' 'CMakeFiles/cmTC_b7950.dir/CMakeCXXCompilerABI.cpp.o' '-c' '-shared-libgcc' '-mtune=generic' '-march=x86-64' '-dumpdir' 'CMakeFiles/cmTC_b7950.dir/CMakeCXXCompilerABI.cpp.'
Linking CXX executable cmTC_b7950
/usr/bin/cmake -E cmake_link_script CMakeFiles/cmTC_b7950.dir/link.txt --verbose=1
/usr/bin/c++  -v CMakeFiles/cmTC_b7950.dir/CMakeCXXCompilerABI.cpp.o -o cmTC_b7950 
Using built-in specs.
COLLECT_GCC=/usr/bin/c++
COLLECT_LTO_WRAPPER=/usr/lib/gcc/x86_64-linux-gnu/11/lto-wrapper
OFFLOAD_TARGET_NAMES=nvptx-none:amdgcn-amdhsa
OFFLOAD_TARGET_DEFAULT=1
Target: x86_64-linux-gnu
Configured with: ../src/configure -v --with-pkgversion='Ubuntu 11.4.0-1ubuntu1~22.04' --with-bugurl=file:///usr/share/doc/gcc-11/README.Bugs --enable-languages=c,ada,c++,go,brig,d,fortran,objc,obj-c++,m2 --prefix=/usr --with-gcc-major-version-only --program-suffix=-11 --program-prefix=x86_64-linux-gnu- --enable-shared --enable-linker-build-id --libexecdir=/usr/lib --without-included-gettext --enable-threads=posix --libdir=/usr/lib --enable-nls --enable-bootstrap --enable-clocale=gnu --enable-libstdcxx-debug --enable-libstdcxx-time=yes --with-default-libstdcxx-abi=new --enable-gnu-unique-object --disable-vtable-verify --enable-plugin --enable-default-pie --with-system-zlib --enable-libphobos-checking=release --with-target-system-zlib=auto --enable-objc-gc=auto --enable-multiarch --disable-werror --enable-cet --with-arch-32=i686 --with-abi=m64 --with-multilib-list=m32,m64,mx32 --enable-multilib --with-tune=generic --enable-offload-targets=nvptx-none=/build/gcc-11-XeT9lY/gcc-11-11.4.0/debian/tmp-nvptx/usr,amdgcn-amdhsa=/build/gcc-11-XeT9lY/gcc-11-11.4.0/debian/tmp-gcn/usr --without-cuda-driver --enable-checking=release --build=x86_64-linux-gnu --host=x86_64-linux-gnu --target=x86_64-linux-gnu --with-build-config=bootstrap-lto-lean --enable-link-serialization=2
Thread model: posix
Supported LTO compression algorithms: zlib zstd
gcc version 11.4.0 (Ubuntu 11.4.0-1ubuntu1~22.04) 
COMPILER_PATH=/usr/lib/gcc/x86_64-linux-gnu/11/:/usr/lib/gcc/x86_64-linux-gnu/11/:/usr/lib/gcc/x86_64-linux-gnu/:/usr/lib/gcc/x86_64-linux-gnu/11/:/usr/lib/gcc/x86_64-linux-gnu/
LIBRARY_PATH=/usr/lib/gcc/x86_64-linux-gnu/11/:/usr/lib/gcc/x86_64-linux-gnu/11/../../../x86_64-linux-gnu/:/usr/lib/gcc/x86_64-linux-gnu/11/../../../../lib/:/lib/x86_64-linux-gnu/:/lib/../lib/:/usr/lib/x86_64-linux-gnu/:/usr/lib/../lib/:/usr/lib/gcc/x86_64-linux-gnu/11/../../../:/lib/:/usr/lib/
COLLECT_GCC_OPTIONS='-v' '-o' 'cmTC_b7950' '-shared-libgcc' '-mtune=generic' '-march=x86-64' '-dumpdir' 'cmTC_b7950.'
 /usr/lib/gcc/x86_64-linux-gnu/11/collect2 -plugin /usr/lib/gcc/x86_64-linux-gnu/11/liblto_plugin.so -plugin-opt=/usr/lib/gcc/x86_64-linux-gnu/11/lto-wrapper -plugin-opt=-fresolution=/tmp/ccoDJl93.res -plugin-opt=-pass-through=-lgcc_s -plugin-opt=-pass-through=-lgcc -plugin-opt=-pass-through=-lc -plugin-opt=-pass-through=-lgcc_s -plugin-opt=-pass-through=-lgcc --build-id --eh-frame-hdr -m elf_x86_64 --hash-style=gnu --as-needed -dynamic-linker /lib64/ld-linux-x86-64.so.2 -pie -z now -z relro -o cmTC_b7950 /usr/lib/gcc/x86_64-linux-gnu/11/../../../x86_64-linux-gnu/Scrt1.o /usr/lib/gcc/x86_64-linux-gnu/11/../../../x86_64-linux-gnu/crti.o /usr/lib/gcc/x86_64-linux-gnu/11/crtbeginS.o -L/usr/lib/gcc/x86_64-linux-gnu/11 -L/usr/lib/gcc/x86_64-linux-gnu/11/../../../x86_64-linux-gnu -L/usr/lib/gcc/x86_64-linux-gnu/11/../../../../lib -L/lib/x86_64-linux-gnu -L/lib/../lib -L/usr/lib/x86_64-linux-gnu -L/usr/lib/../lib -L/usr/lib/gcc/x86_64-linux-gnu/11/../../.. CMakeFiles/cmTC_b7950.dir/CMakeCXXCompilerABI.cpp.o -lstdc++ -lm -lgcc_s -lgcc -lc -lgcc_s -lgcc /usr/lib/gcc/x86_64-linux-gnu/11/crtendS.o /usr/lib/gcc/x86_64-linux-gnu/11/../../../x86_64-linux-gnu/crtn.o
COLLECT_GCC_OPTIONS='-v' '-o' 'cmTC_b7950' '-shared-libgcc' '-mtune=generic' '-march=x86-64' '-dumpdir' 'cmTC_b7950.'
gmake[1]: Leaving directory '/home/taiwei/code/myBeijingHell/build/CMakeFiles/CMakeTmp'



Parsed CXX implicit include dir info from above output: rv=done
  found start of include info
  found start of implicit include info
    add: [/usr/include/c++/11]
    add: [/usr/include/x86_64-linux-gnu/c++/11]
    add: [/usr/include/c++/11/backward]
    add: [/usr/lib/gcc/x86_64-linux-gnu/11/include]
    add: [/usr/local/include]
    add: [/usr/include/x86_64-linux-gnu]
    add: [/usr/include]
  end of search list found
  collapse include dir [/usr/include/c++/11] ==> [/usr/include/c++/11]
  collapse include dir [/usr/include/x86_64-linux-gnu/c++/11] ==> [/usr/include/x86_64-linux-gnu/c++/11]
  collapse include dir [/usr/include/c++/11/backward] ==> [/usr/include/c++/11/backward]
  collapse include dir [/usr/lib/gcc/x86_64-linux-gnu/11/include] ==> [/usr/lib/gcc/x86_64-linux-gnu/11/include]
  collapse include dir [/usr/local/include] ==> [/usr/local/include]
  collapse include dir [/usr/include/x86_64-linux-gnu] ==> [/usr/include/x86_64-linux-gnu]
  collapse include dir [/usr/include] ==> [/usr/include]
  implicit include dirs: [/usr/include/c++/11;/usr/include/x86_64-linux-gnu/c++/11;/usr/include/c++/11/backward;/usr/lib/gcc/x86_64-linux-gnu/11/include;/usr/local/include;/usr/include/x86_64-linux-gnu;/usr/include]


Parsed CXX implicit link information from above output:
  link line regex: [^( *|.*[/\])(ld|CMAKE_LINK_STARTFILE-NOTFOUND|([^/\]+-)?ld|collect2)[^/\]*( |$)]
  ignore line: [Change Dir: /home/taiwei/code/myBeijingHell/build/CMakeFiles/CMakeTmp]
  ignore line: []
  ignore line: [Run Build Command(s):/usr/bin/gmake -f Makefile cmTC_b7950/fast && /usr/bin/gmake  -f CMakeFiles/cmTC_b7950.dir/build.make CMakeFiles/cmTC_b7950.dir/build]
  ignore line: [gmake[1]: Entering directory '/home/taiwei/code/myBeijingHell/build/CMakeFiles/CMakeTmp']
  ignore line: [Building CXX object CMakeFiles/cmTC_b7950.dir/CMakeCXXCompilerABI.cpp.o]
  ignore line: [/usr/bin/c++   -v -o CMakeFiles/cmTC_b7950.dir/CMakeCXXCompilerABI.cpp.o -c /usr/share/cmake-3.22/Modules/CMakeCXXCompilerABI.cpp]
  ignore line: [Using built-in specs.]
  ignore line: [COLLECT_GCC=/usr/bin/c++]
  ignore line: [OFFLOAD_TARGET_NAMES=nvptx-none:amdgcn-amdhsa]
  ignore line: [OFFLOAD_TARGET_DEFAULT=1]
  ignore line: [Target: x86_64-linux-gnu]
  ignore line: [Configured with: ../src/configure -v --with-pkgversion='Ubuntu 11.4.0-1ubuntu1~22.04' --with-bugurl=file:///usr/share/doc/gcc-11/README.Bugs --enable-languages=c ada c++ go brig d fortran objc obj-c++ m2 --prefix=/usr --with-gcc-major-version-only --program-suffix=-11 --program-prefix=x86_64-linux-gnu- --enable-shared --enable-linker-build-id --libexecdir=/usr/lib --without-included-gettext --enable-threads=posix --libdir=/usr/lib --enable-nls --enable-bootstrap --enable-clocale=gnu --enable-libstdcxx-debug --enable-libstdcxx-time=yes --with-default-libstdcxx-abi=new --enable-gnu-unique-object --disable-vtable-verify --enable-plugin --enable-default-pie --with-system-zlib --enable-libphobos-checking=release --with-target-system-zlib=auto --enable-objc-gc=auto --enable-multiarch --disable-werror --enable-cet --with-arch-32=i686 --with-abi=m64 --with-multilib-list=m32 m64 mx32 --enable-multilib --with-tune=generic --enable-offload-targets=nvptx-none=/build/gcc-11-XeT9lY/gcc-11-11.4.0/debian/tmp-nvptx/usr amdgcn-amdhsa=/build/gcc-11-XeT9lY/gcc-11-11.4.0/debian/tmp-gcn/usr --without-cuda-driver --enable-checking=release --build=x86_64-linux-gnu --host=x86_64-linux-gnu --target=x86_64-linux-gnu --with-build-config=bootstrap-lto-lean --enable-link-serialization=2]
  ignore line: [Thread model: posix]
  ignore line: [Supported LTO compression algorithms: zlib zstd]
  ignore line: [gcc version 11.4.0 (Ubuntu 11.4.0-1ubuntu1~22.04) ]
  ignore line: [COLLECT_GCC_OPTIONS='-v' '-o' 'CMakeFiles/cmTC_b7950.dir/CMakeCXXCompilerABI.cpp.o' '-c' '-shared-libgcc' '-mtune=generic' '-march=x86-64' '-dumpdir' 'CMakeFiles/cmTC_b7950.dir/']
  ignore line: [ /usr/lib/gcc/x86_64-linux-gnu/11/cc1plus -quiet -v -imultiarch x86_64-linux-gnu -D_GNU_SOURCE /usr/share/cmake-3.22/Modules/CMakeCXXCompilerABI.cpp -quiet -dumpdir CMakeFiles/cmTC_b7950.dir/ -dumpbase CMakeCXXCompilerABI.cpp.cpp -dumpbase-ext .cpp -mtune=generic -march=x86-64 -version -fasynchronous-unwind-tables -fstack-protector-strong -Wformat -Wformat-security -fstack-clash-protection -fcf-protection -o /tmp/ccn9vHXl.s]
  ignore line: [GNU C++17 (Ubuntu 11.4.0-1ubuntu1~22.04) version 11.4.0 (x86_64-linux-gnu)]
  ignore line: [	compiled by GNU C version 11.4.0  GMP version 6.2.1  MPFR version 4.1.0  MPC version 1.2.1  isl version isl-0.24-GMP]
  ignore line: []
  ignore line: [GGC heuristics: --param ggc-min-expand=100 --param ggc-min-heapsize=131072]
  ignore line: [ignoring duplicate directory "/usr/include/x86_64-linux-gnu/c++/11"]
  ignore line: [ignoring nonexistent directory "/usr/local/include/x86_64-linux-gnu"]
  ignore line: [ignoring nonexistent directory "/usr/lib/gcc/x86_64-linux-gnu/11/include-fixed"]
  ignore line: [ignoring nonexistent directory "/usr/lib/gcc/x86_64-linux-gnu/11/../../../../x86_64-linux-gnu/include"]
  ignore line: [#include "..." search starts here:]
  ignore line: [#include <...> search starts here:]
  ignore line: [ /usr/include/c++/11]
  ignore line: [ /usr/include/x86_64-linux-gnu/c++/11]
  ignore line: [ /usr/include/c++/11/backward]
  ignore line: [ /usr/lib/gcc/x86_64-linux-gnu/11/include]
  ignore line: [ /usr/local/include]
  ignore line: [ /usr/include/x86_64-linux-gnu]
  ignore line: [ /usr/include]
  ignore line: [End of search list.]
  ignore line: [GNU C++17 (Ubuntu 11.4.0-1ubuntu1~22.04) version 11.4.0 (x86_64-linux-gnu)]
  ignore line: [	compiled by GNU C version 11.4.0  GMP version 6.2.1  MPFR version 4.1.0  MPC version 1.2.1  isl version isl-0.24-GMP]
  ignore line: []
  ignore line: [GGC heuristics: --param ggc-min-expand=100 --param ggc-min-heapsize=131072]
  ignore line: [Compiler executable checksum: d591828bb4d392ae8b7b160e5bb0b95f]
  ignore line: [COLLECT_GCC_OPTIONS='-v' '-o' 'CMakeFiles/cmTC_b7950.dir/CMakeCXXCompilerABI.cpp.o' '-c' '-shared-libgcc' '-mtune=generic' '-march=x86-64' '-dumpdir' 'CMakeFiles/cmTC_b7950.dir/']
  ignore line: [ as -v --64 -o CMakeFiles/cmTC_b7950.dir/CMakeCXXCompilerABI.cpp.o /tmp/ccn9vHXl.s]
  ignore line: [GNU assembler version 2.38 (x86_64-linux-gnu) using BFD version (GNU Binutils for Ubuntu) 2.38]
  ignore line: [COMPILER_PATH=/usr/lib/gcc/x86_64-linux-gnu/11/:/usr/lib/gcc/x86_64-linux-gnu/11/:/usr/lib/gcc/x86_64-linux-gnu/:/usr/lib/gcc/x86_64-linux-gnu/11/:/usr/lib/gcc/x86_64-linux-gnu/]
  ignore line: [LIBRARY_PATH=/usr/lib/gcc/x86_64-linux-gnu/11/:/usr/lib/gcc/x86_64-linux-gnu/11/../../../x86_64-linux-gnu/:/usr/lib/gcc/x86_64-linux-gnu/11/../../../../lib/:/lib/x86_64-linux-gnu/:/lib/../lib/:/usr/lib/x86_64-linux-gnu/:/usr/lib/../lib/:/usr/lib/gcc/x86_64-linux-gnu/11/../../../:/lib/:/usr/lib/]
  ignore line: [COLLECT_GCC_OPTIONS='-v' '-o' 'CMakeFiles/cmTC_b7950.dir/CMakeCXXCompilerABI.cpp.o' '-c' '-shared-libgcc' '-mtune=generic' '-march=x86-64' '-dumpdir' 'CMakeFiles/cmTC_b7950.dir/CMakeCXXCompilerABI.cpp.']
  ignore line: [Linking CXX executable cmTC_b7950]
  ignore line: [/usr/bin/cmake -E cmake_link_script CMakeFiles/cmTC_b7950.dir/link.txt --verbose=1]
  ignore line: [/usr/bin/c++  -v CMakeFiles/cmTC_b7950.dir/CMakeCXXCompilerABI.cpp.o -o cmTC_b7950 ]
  ignore line: [Using built-in specs.]
  ignore line: [COLLECT_GCC=/usr/bin/c++]
  ignore line: [COLLECT_LTO_WRAPPER=/usr/lib/gcc/x86_64-linux-gnu/11/lto-wrapper]
  ignore line: [OFFLOAD_TARGET_NAMES=nvptx-none:amdgcn-amdhsa]
  ignore line: [OFFLOAD_TARGET_DEFAULT=1]
  ignore line: [Target: x86_64-linux-gnu]
  ignore line: [Configured with: ../src/configure -v --with-pkgversion='Ubuntu 11.4.0-1ubuntu1~22.04' --with-bugurl=file:///usr/share/doc/gcc-11/README.Bugs --enable-languages=c ada c++ go brig d fortran objc obj-c++ m2 --prefix=/usr --with-gcc-major-version-only --program-suffix=-11 --program-prefix=x86_64-linux-gnu- --enable-shared --enable-linker-build-id --libexecdir=/usr/lib --without-included-gettext --enable-threads=posix --libdir=/usr/lib --enable-nls --enable-bootstrap --enable-clocale=gnu --enable-libstdcxx-debug --enable-libstdcxx-time=yes --with-default-libstdcxx-abi=new --enable-gnu-unique-object --disable-vtable-verify --enable-plugin --enable-default-pie --with-system-zlib --enable-libphobos-checking=release --with-target-system-zlib=auto --enable-objc-gc=auto --enable-multiarch --disable-werror --enable-cet --with-arch-32=i686 --with-abi=m64 --with-multilib-list=m32 m64 mx32 --enable-multilib --with-tune=generic --enable-offload-targets=nvptx-none=/build/gcc-11-XeT9lY/gcc-11-11.4.0/debian/tmp-nvptx/usr amdgcn-amdhsa=/build/gcc-11-XeT9lY/gcc-11-11.4.0/debian/tmp-gcn/usr --without-cuda-driver --enable-checking=release --build=x86_64-linux-gnu --host=x86_64-linux-gnu --target=x86_64-linux-gnu --with-build-config=bootstrap-lto-lean --enable-link-serialization=2]
  ignore line: [Thread model: posix]
  ignore line: [Supported LTO compression algorithms: zlib zstd]
  ignore line: [gcc version 11.4.0 (Ubuntu 11.4.0-1ubuntu1~22.04) ]
  ignore line: [COMPILER_PATH=/usr/lib/gcc/x86_64-linux-gnu/11/:/usr/lib/gcc/x86_64-linux-gnu/11/:/usr/lib/gcc/x86_64-linux-gnu/:/usr/lib/gcc/x86_64-linux-gnu/11/:/usr/lib/gcc/x86_64-linux-gnu/]
  ignore line: [LIBRARY_PATH=/usr/lib/gcc/x86_64-linux-gnu/11/:/usr/lib/gcc/x86_64-linux-gnu/11/../../../x86_64-linux-gnu/:/usr/lib/gcc/x86_64-linux-gnu/11/../../../../lib/:/lib/x86_64-linux-gnu/:/lib/../lib/:/usr/lib/x86_64-linux-gnu/:/usr/lib/../lib/:/usr/lib/gcc/x86_64-linux-gnu/11/../../../:/lib/:/usr/lib/]
  ignore line: [COLLECT_GCC_OPTIONS='-v' '-o' 'cmTC_b7950' '-shared-libgcc' '-mtune=generic' '-march=x86-64' '-dumpdir' 'cmTC_b7950.']
  link line: [ /usr/lib/gcc/x86_64-linux-gnu/11/collect2 -plugin /usr/lib/gcc/x86_64-linux-gnu/11/liblto_plugin.so -plugin-opt=/usr/lib/gcc/x86_64-linux-gnu/11/lto-wrapper -plugin-opt=-fresolution=/tmp/ccoDJl93.res -plugin-opt=-pass-through=-lgcc_s -plugin-opt=-pass-through=-lgcc -plugin-opt=-pass-through=-lc -plugin-opt=-pass-through=-lgcc_s -plugin-opt=-pass-through=-lgcc --build-id --eh-frame-hdr -m elf_x86_64 --hash-style=gnu --as-needed -dynamic-linker /lib64/ld-linux-x86-64.so.2 -pie -z now -z relro -o cmTC_b7950 /usr/lib/gcc/x86_64-linux-gnu/11/../../../x86_64-linux-gnu/Scrt1.o /usr/lib/gcc/x86_64-linux-gnu/11/../../../x86_64-linux-gnu/crti.o /usr/lib/gcc/x86_64-linux-gnu/11/crtbeginS.o -L/usr/lib/gcc/x86_64-linux-gnu/11 -L/usr/lib/gcc/x86_64-linux-gnu/11/../../../x86_64-linux-gnu -L/usr/lib/gcc/x86_64-linux-gnu/11/../../../../lib -L/lib/x86_64-linux-gnu -L/lib/../lib -L/usr/lib/x86_64-linux-gnu -L/usr/lib/../lib -L/usr/lib/gcc/x86_64-linux-gnu/11/../../.. CMakeFiles/cmTC_b7950.dir/CMakeCXXCompilerABI.cpp.o -lstdc++ -lm -lgcc_s -lgcc -lc -lgcc_s -lgcc /usr/lib/gcc/x86_64-linux-gnu/11/crtendS.o /usr/lib/gcc/x86_64-linux-gnu/11/../../../x86_64-linux-gnu/crtn.o]
    arg [/usr/lib/gcc/x86_64-linux-gnu/11/collect2] ==> ignore
    arg [-plugin] ==> ignore
    arg [/usr/lib/gcc/x86_64-linux-gnu/11/liblto_plugin.so] ==> ignore
    arg [-plugin-opt=/usr/lib/gcc/x86_64-linux-gnu/11/lto-wrapper] ==> ignore
    arg [-plugin-opt=-fresolution=/tmp/ccoDJl93.res] ==> ignore
    arg [-plugin-opt=-pass-through=-lgcc_s] ==> ignore
    arg [-plugin-opt=-pass-through=-lgcc] ==> ignore
    arg [-plugin-opt=-pass-through=-lc] ==> ignore
    arg [-plugin-opt=-pass-through=-lgcc_s] ==> ignore
    arg [-plugin-opt=-pass-through=-lgcc] ==> ignore
    arg [--build-id] ==> ignore
    arg [--eh-frame-hdr] ==> ignore
    arg [-m] ==> ignore
    arg [elf_x86_64] ==> ignore
    arg [--hash-style=gnu] ==> ignore
    arg [--as-needed] ==> ignore
    arg [-dynamic-linker] ==> ignore
    arg [/lib64/ld-linux-x86-64.so.2] ==> ignore
    arg [-pie] ==> ignore
    arg [-znow] ==> ignore
    arg [-zrelro] ==> ignore
    arg [-o] ==> ignore
    arg [cmTC_b7950] ==> ignore
    arg [/usr/lib/gcc/x86_64-linux-gnu/11/../../../x86_64-linux-gnu/Scrt1.o] ==> obj [/usr/lib/gcc/x86_64-linux-gnu/11/../../../x86_64-linux-gnu/Scrt1.o]
    arg [/usr/lib/gcc/x86_64-linux-gnu/11/../../../x86_64-linux-gnu/crti.o] ==> obj [/usr/lib/gcc/x86_64-linux-gnu/11/../../../x86_64-linux-gnu/crti.o]
    arg [/usr/lib/gcc/x86_64-linux-gnu/11/crtbeginS.o] ==> obj [/usr/lib/gcc/x86_64-linux-gnu/11/crtbeginS.o]
    arg [-L/usr/lib/gcc/x86_64-linux-gnu/11] ==> dir [/usr/lib/gcc/x86_64-linux-gnu/11]
    arg [-L/usr/lib/gcc/x86_64-linux-gnu/11/../../../x86_64-linux-gnu] ==> dir [/usr/lib/gcc/x86_64-linux-gnu/11/../../../x86_64-linux-gnu]
    arg [-L/usr/lib/gcc/x86_64-linux-gnu/11/../../../../lib] ==> dir [/usr/lib/gcc/x86_64-linux-gnu/11/../../../../lib]
    arg [-L/lib/x86_64-linux-gnu] ==> dir [/lib/x86_64-linux-gnu]
    arg [-L/lib/../lib] ==> dir [/lib/../lib]
    arg [-L/usr/lib/x86_64-linux-gnu] ==> dir [/usr/lib/x86_64-linux-gnu]
    arg [-L/usr/lib/../lib] ==> dir [/usr/lib/../lib]
    arg [-L/usr/lib/gcc/x86_64-linux-gnu/11/../../..] ==> dir [/usr/lib/gcc/x86_64-linux-gnu/11/../../..]
    arg [CMakeFiles/cmTC_b7950.dir/CMakeCXXCompilerABI.cpp.o] ==> ignore
    arg [-lstdc++] ==> lib [stdc++]
    arg [-lm] ==> lib [m]
    arg [-lgcc_s] ==> lib [gcc_s]
    arg [-lgcc] ==> lib [gcc]
    arg [-lc] ==> lib [c]
    arg [-lgcc_s] ==> lib [gcc_s]
    arg [-lgcc] ==> lib [gcc]
    arg [/usr/lib/gcc/x86_64-linux-gnu/11/crtendS.o] ==> obj [/usr/lib/gcc/x86_64-linux-gnu/11/crtendS.o]
    arg [/usr/lib/gcc/x86_64-linux-gnu/11/../../../x86_64-linux-gnu/crtn.o] ==> obj [/usr/lib/gcc/x86_64-linux-gnu/11/../../../x86_64-linux-gnu/crtn.o]
  collapse obj [/usr/lib/gcc/x86_64-linux-gnu/11/../../../x86_64-linux-gnu/Scrt1.o] ==> [/usr/lib/x86_64-linux-gnu/Scrt1.o]
  collapse obj [/usr/lib/gcc/x86_64-linux-gnu/11/../../../x86_64-linux-gnu/crti.o] ==> [/usr/lib/x86_64-linux-gnu/crti.o]
  collapse obj [/usr/lib/gcc/x86_64-linux-gnu/11/../../../x86_64-linux-gnu/crtn.o] ==> [/usr/lib/x86_64-linux-gnu/crtn.o]
  collapse library dir [/usr/lib/gcc/x86_64-linux-gnu/11] ==> [/usr/lib/gcc/x86_64-linux-gnu/11]
  collapse library dir [/usr/lib/gcc/x86_64-linux-gnu/11/../../../x86_64-linux-gnu] ==> [/usr/lib/x86_64-linux-gnu]
  collapse library dir [/usr/lib/gcc/x86_64-linux-gnu/11/../../../../lib] ==> [/usr/lib]
  collapse library dir [/lib/x86_64-linux-gnu] ==> [/lib/x86_64-linux-gnu]
  collapse library dir [/lib/../lib] ==> [/lib]
  collapse library dir [/usr/lib/x86_64-linux-gnu] ==> [/usr/lib/x86_64-linux-gnu]
  collapse library dir [/usr/lib/../lib] ==> [/usr/lib]
  collapse library dir [/usr/lib/gcc/x86_64-linux-gnu/11/../../..] ==> [/usr/lib]
  implicit libs: [stdc++;m;gcc_s;gcc;c;gcc_s;gcc]
  implicit objs: [/usr/lib/x86_64-linux-gnu/Scrt1.o;/usr/lib/x86_64-linux-gnu/crti.o;/usr/lib/gcc/x86_64-linux-gnu/11/crtbeginS.o;/usr/lib/gcc/x86_64-linux-gnu/11/crtendS.o;/usr/lib/x86_64-linux-gnu/crtn.o]
  implicit dirs: [/usr/lib/gcc/x86_64-linux-gnu/11;/usr/lib/x86_64-linux-gnu;/usr/lib;/lib/x86_64-linux-gnu;/lib]
  implicit fwks: []


Determining if the __GLIBC__ exist passed with the following output:
Change Dir: /home/taiwei/code/myBeijingHell/build/CMakeFiles/CMakeTmp

Run Build Command(s):/usr/bin/gmake -f Makefile cmTC_81e02/fast && /usr/bin/gmake  -f CMakeFiles/cmTC_81e02.dir/build.make CMakeFiles/cmTC_81e02.dir/build
gmake[1]: Entering directory '/home/taiwei/code/myBeijingHell/build/CMakeFiles/CMakeTmp'
Building C object CMakeFiles/cmTC_81e02.dir/CheckSymbolExists.c.o
/usr/bin/cc    -o CMakeFiles/cmTC_81e02.dir/CheckSymbolExists.c.o -c /home/taiwei/code/myBeijingHell/build/CMakeFiles/CMakeTmp/CheckSymbolExists.c
Linking C executable cmTC_81e02
/usr/bin/cmake -E cmake_link_script CMakeFiles/cmTC_81e02.dir/link.txt --verbose=1
/usr/bin/cc -rdynamic CMakeFiles/cmTC_81e02.dir/CheckSymbolExists.c.o -o cmTC_81e02 
gmake[1]: Leaving directory '/home/taiwei/code/myBeijingHell/build/CMakeFiles/CMakeTmp'


File /home/taiwei/code/myBeijingHell/build/CMakeFiles/CMakeTmp/CheckSymbolExists.c:
/* */
#include <stdlib.h>

int main(int argc, char** argv)
{
  (void)argv;
#ifndef __GLIBC__
  return ((int*)(&__GLIBC__))[argc];
#else
  (void)argc;
  return 0;
#endif
}
Performing C SOURCE FILE Test HAVE_GCC_WALL succeeded with the following output:
Change Dir: /home/taiwei/code/myBeijingHell/build/CMakeFiles/CMakeTmp

Run Build Command(s):/usr/bin/gmake -f Makefile cmTC_ed28a/fast && /usr/bin/gmake  -f CMakeFiles/cmTC_ed28a.dir/build.make CMakeFiles/cmTC_ed28a.dir/build
gmake[1]: Entering directory '/home/taiwei/code/myBeijingHell/build/CMakeFiles/CMakeTmp'
Building C object CMakeFiles/cmTC_ed28a.dir/src.c.o
/usr/bin/cc -DHAVE_GCC_WALL  -idirafter "/home/taiwei/code/myBeijingHell/external/SDL2/src/video/khronos"  -D_GNU_SOURCE=1   -Wall -o CMakeFiles/cmTC_ed28a.dir/src.c.o -c /home/taiwei/code/myBeijingHell/build/CMakeFiles/CMakeTmp/src.c
Linking C executable cmTC_ed28a
/usr/bin/cmake -E cmake_link_script CMakeFiles/cmTC_ed28a.dir/link.txt --verbose=1
/usr/bin/cc  -idirafter "/home/taiwei/code/myBeijingHell/external/SDL2/src/video/khronos"  -D_GNU_SOURCE=1 -rdynamic CMakeFiles/cmTC_ed28a.dir/src.c.o -o cmTC_ed28a 
gmake[1]: Leaving directory '/home/taiwei/code/myBeijingHell/build/CMakeFiles/CMakeTmp'


Source file was:
int main(void) { return 0; }
Performing C SOURCE FILE Test HAVE_GCC_NO_STRICT_ALIASING succeeded with the following output:
Change Dir: /home/taiwei/code/myBeijingHell/build/CMakeFiles/CMakeTmp

Run Build Command(s):/usr/bin/gmake -f Makefile cmTC_9b204/fast && /usr/bin/gmake  -f CMakeFiles/cmTC_9b204.dir/build.make CMakeFiles/cmTC_9b204.dir/build
gmake[1]: Entering directory '/home/taiwei/code/myBeijingHell/build/CMakeFiles/CMakeTmp'
Building C object CMakeFiles/cmTC_9b204.dir/src.c.o
/usr/bin/cc -DHAVE_GCC_NO_STRICT_ALIASING  -idirafter "/home/taiwei/code/myBeijingHell/external/SDL2/src/video/khronos"  -D_GNU_SOURCE=1   -fno-strict-aliasing -o CMakeFiles/cmTC_9b204.dir/src.c.o -c /home/taiwei/code/myBeijingHell/build/CMakeFiles/CMakeTmp/src.c
Linking C executable cmTC_9b204
/usr/bin/cmake -E cmake_link_script CMakeFiles/cmTC_9b204.dir/link.txt --verbose=1
/usr/bin/cc  -idirafter "/home/taiwei/code/myBeijingHell/external/SDL2/src/video/khronos"  -D_GNU_SOURCE=1 -rdynamic CMakeFiles/cmTC_9b204.dir/src.c.o -o cmTC_9b204 
gmake[1]: Leaving directory '/home/taiwei/code/myBeijingHell/build/CMakeFiles/CMakeTmp'


Source file was:
int main(void) { return 0; }
Performing C SOURCE FILE Test HAVE_GCC_WDECLARATION_AFTER_STATEMENT succeeded with the following output:
Change Dir: /home/taiwei/code/myBeijingHell/build/CMakeFiles/CMakeTmp

Run Build Command(s):/usr/bin/gmake -f Makefile cmTC_0659f/fast && /usr/bin/gmake  -f CMakeFiles/cmTC_0659f.dir/build.make CMakeFiles/cmTC_0659f.dir/build
gmake[1]: Entering directory '/home/taiwei/code/myBeijingHell/build/CMakeFiles/CMakeTmp'
Building C object CMakeFiles/cmTC_0659f.dir/src.c.o
/usr/bin/cc -DHAVE_GCC_WDECLARATION_AFTER_STATEMENT  -idirafter "/home/taiwei/code/myBeijingHell/external/SDL2/src/video/khronos"  -D_GNU_SOURCE=1   -Wdeclaration-after-statement -o CMakeFiles/cmTC_0659f.dir/src.c.o -c /home/taiwei/code/myBeijingHell/build/CMakeFiles/CMakeTmp/src.c
Linking C executable cmTC_0659f
/usr/bin/cmake -E cmake_link_script CMakeFiles/cmTC_0659f.dir/link.txt --verbose=1
/usr/bin/cc  -idirafter "/home/taiwei/code/myBeijingHell/external/SDL2/src/video/khronos"  -D_GNU_SOURCE=1 -rdynamic CMakeFiles/cmTC_0659f.dir/src.c.o -o cmTC_0659f 
gmake[1]: Leaving directory '/home/taiwei/code/myBeijingHell/build/CMakeFiles/CMakeTmp'


Source file was:
int main(void) { return 0; }
Performing C SOURCE FILE Test HAVE_GCC_ATOMICS succeeded with the following output:
Change Dir: /home/taiwei/code/myBeijingHell/build/CMakeFiles/CMakeTmp

Run Build Command(s):/usr/bin/gmake -f Makefile cmTC_ca022/fast && /usr/bin/gmake  -f CMakeFiles/cmTC_ca022.dir/build.make CMakeFiles/cmTC_ca022.dir/build
gmake[1]: Entering directory '/home/taiwei/code/myBeijingHell/build/CMakeFiles/CMakeTmp'
Building C object CMakeFiles/cmTC_ca022.dir/src.c.o
/usr/bin/cc -DHAVE_GCC_ATOMICS  -idirafter "/home/taiwei/code/myBeijingHell/external/SDL2/src/video/khronos"  -D_GNU_SOURCE=1 -o CMakeFiles/cmTC_ca022.dir/src.c.o -c /home/taiwei/code/myBeijingHell/build/CMakeFiles/CMakeTmp/src.c
Linking C executable cmTC_ca022
/usr/bin/cmake -E cmake_link_script CMakeFiles/cmTC_ca022.dir/link.txt --verbose=1
/usr/bin/cc  -idirafter "/home/taiwei/code/myBeijingHell/external/SDL2/src/video/khronos"  -D_GNU_SOURCE=1 -rdynamic CMakeFiles/cmTC_ca022.dir/src.c.o -o cmTC_ca022 
gmake[1]: Leaving directory '/home/taiwei/code/myBeijingHell/build/CMakeFiles/CMakeTmp'


Source file was:
int main(int argc, char **argv) {
        int a;
        void *x, *y, *z;
        __sync_lock_test_and_set(&a, 4);
        __sync_lock_test_and_set(&x, y);
        __sync_fetch_and_add(&a, 1);
        __sync_bool_compare_and_swap(&a, 5, 10);
        __sync_bool_compare_and_swap(&x, y, z);
        return 0; }
Performing C SOURCE FILE Test HAVE_GCC_FVISIBILITY succeeded with the following output:
Change Dir: /home/taiwei/code/myBeijingHell/build/CMakeFiles/CMakeTmp

Run Build Command(s):/usr/bin/gmake -f Makefile cmTC_b9441/fast && /usr/bin/gmake  -f CMakeFiles/cmTC_b9441.dir/build.make CMakeFiles/cmTC_b9441.dir/build
gmake[1]: Entering directory '/home/taiwei/code/myBeijingHell/build/CMakeFiles/CMakeTmp'
Building C object CMakeFiles/cmTC_b9441.dir/src.c.o
/usr/bin/cc -DHAVE_GCC_FVISIBILITY  -idirafter "/home/taiwei/code/myBeijingHell/external/SDL2/src/video/khronos" -fvisibility=hidden -Werror -o CMakeFiles/cmTC_b9441.dir/src.c.o -c /home/taiwei/code/myBeijingHell/build/CMakeFiles/CMakeTmp/src.c
Linking C executable cmTC_b9441
/usr/bin/cmake -E cmake_link_script CMakeFiles/cmTC_b9441.dir/link.txt --verbose=1
/usr/bin/cc  -idirafter "/home/taiwei/code/myBeijingHell/external/SDL2/src/video/khronos" -fvisibility=hidden -Werror -rdynamic CMakeFiles/cmTC_b9441.dir/src.c.o -o cmTC_b9441 
gmake[1]: Leaving directory '/home/taiwei/code/myBeijingHell/build/CMakeFiles/CMakeTmp'


Source file was:

      #if !defined(__GNUC__) || __GNUC__ < 4
      #error SDL only uses visibility attributes in GCC 4 or newer
      #endif
      int main(int argc, char **argv) { return 0; }
Performing C SOURCE FILE Test HAVE_GCC_WSHADOW succeeded with the following output:
Change Dir: /home/taiwei/code/myBeijingHell/build/CMakeFiles/CMakeTmp

Run Build Command(s):/usr/bin/gmake -f Makefile cmTC_ee8f7/fast && /usr/bin/gmake  -f CMakeFiles/cmTC_ee8f7.dir/build.make CMakeFiles/cmTC_ee8f7.dir/build
gmake[1]: Entering directory '/home/taiwei/code/myBeijingHell/build/CMakeFiles/CMakeTmp'
Building C object CMakeFiles/cmTC_ee8f7.dir/src.c.o
/usr/bin/cc -DHAVE_GCC_WSHADOW  -idirafter "/home/taiwei/code/myBeijingHell/external/SDL2/src/video/khronos"  -D_GNU_SOURCE=1   -Wshadow -o CMakeFiles/cmTC_ee8f7.dir/src.c.o -c /home/taiwei/code/myBeijingHell/build/CMakeFiles/CMakeTmp/src.c
Linking C executable cmTC_ee8f7
/usr/bin/cmake -E cmake_link_script CMakeFiles/cmTC_ee8f7.dir/link.txt --verbose=1
/usr/bin/cc  -idirafter "/home/taiwei/code/myBeijingHell/external/SDL2/src/video/khronos"  -D_GNU_SOURCE=1 -rdynamic CMakeFiles/cmTC_ee8f7.dir/src.c.o -o cmTC_ee8f7 
gmake[1]: Leaving directory '/home/taiwei/code/myBeijingHell/build/CMakeFiles/CMakeTmp'


Source file was:
int main(void) { return 0; }
Performing C SOURCE FILE Test HAVE_NO_UNDEFINED succeeded with the following output:
Change Dir: /home/taiwei/code/myBeijingHell/build/CMakeFiles/CMakeTmp

Run Build Command(s):/usr/bin/gmake -f Makefile cmTC_d5714/fast && /usr/bin/gmake  -f CMakeFiles/cmTC_d5714.dir/build.make CMakeFiles/cmTC_d5714.dir/build
gmake[1]: Entering directory '/home/taiwei/code/myBeijingHell/build/CMakeFiles/CMakeTmp'
Building C object CMakeFiles/cmTC_d5714.dir/src.c.o
/usr/bin/cc -DHAVE_NO_UNDEFINED  -idirafter "/home/taiwei/code/myBeijingHell/external/SDL2/src/video/khronos" -Wl,--no-undefined -o CMakeFiles/cmTC_d5714.dir/src.c.o -c /home/taiwei/code/myBeijingHell/build/CMakeFiles/CMakeTmp/src.c
Linking C executable cmTC_d5714
/usr/bin/cmake -E cmake_link_script CMakeFiles/cmTC_d5714.dir/link.txt --verbose=1
/usr/bin/cc  -idirafter "/home/taiwei/code/myBeijingHell/external/SDL2/src/video/khronos" -Wl,--no-undefined -rdynamic CMakeFiles/cmTC_d5714.dir/src.c.o -o cmTC_d5714 
gmake[1]: Leaving directory '/home/taiwei/code/myBeijingHell/build/CMakeFiles/CMakeTmp'


Source file was:
int main(void) { return 0; }
Performing C SOURCE FILE Test HAVE_MMX succeeded with the following output:
Change Dir: /home/taiwei/code/myBeijingHell/build/CMakeFiles/CMakeTmp

Run Build Command(s):/usr/bin/gmake -f Makefile cmTC_02ced/fast && /usr/bin/gmake  -f CMakeFiles/cmTC_02ced.dir/build.make CMakeFiles/cmTC_02ced.dir/build
gmake[1]: Entering directory '/home/taiwei/code/myBeijingHell/build/CMakeFiles/CMakeTmp'
Building C object CMakeFiles/cmTC_02ced.dir/src.c.o
/usr/bin/cc -DHAVE_MMX  -idirafter "/home/taiwei/code/myBeijingHell/external/SDL2/src/video/khronos" -mmmx -o CMakeFiles/cmTC_02ced.dir/src.c.o -c /home/taiwei/code/myBeijingHell/build/CMakeFiles/CMakeTmp/src.c
Linking C executable cmTC_02ced
/usr/bin/cmake -E cmake_link_script CMakeFiles/cmTC_02ced.dir/link.txt --verbose=1
/usr/bin/cc  -idirafter "/home/taiwei/code/myBeijingHell/external/SDL2/src/video/khronos" -mmmx -rdynamic CMakeFiles/cmTC_02ced.dir/src.c.o -o cmTC_02ced 
gmake[1]: Leaving directory '/home/taiwei/code/myBeijingHell/build/CMakeFiles/CMakeTmp'


Source file was:

          #ifdef __MINGW32__
          #include <_mingw.h>
          #ifdef __MINGW64_VERSION_MAJOR
          #include <intrin.h>
          #else
          #include <mmintrin.h>
          #endif
          #else
          #include <mmintrin.h>
          #endif
          #ifndef __MMX__
          #error Assembler CPP flag not enabled
          #endif
          int main(int argc, char **argv) { return 0; }
Performing C SOURCE FILE Test HAVE_3DNOW succeeded with the following output:
Change Dir: /home/taiwei/code/myBeijingHell/build/CMakeFiles/CMakeTmp

Run Build Command(s):/usr/bin/gmake -f Makefile cmTC_c32f9/fast && /usr/bin/gmake  -f CMakeFiles/cmTC_c32f9.dir/build.make CMakeFiles/cmTC_c32f9.dir/build
gmake[1]: Entering directory '/home/taiwei/code/myBeijingHell/build/CMakeFiles/CMakeTmp'
Building C object CMakeFiles/cmTC_c32f9.dir/src.c.o
/usr/bin/cc -DHAVE_3DNOW  -idirafter "/home/taiwei/code/myBeijingHell/external/SDL2/src/video/khronos" -m3dnow -o CMakeFiles/cmTC_c32f9.dir/src.c.o -c /home/taiwei/code/myBeijingHell/build/CMakeFiles/CMakeTmp/src.c
Linking C executable cmTC_c32f9
/usr/bin/cmake -E cmake_link_script CMakeFiles/cmTC_c32f9.dir/link.txt --verbose=1
/usr/bin/cc  -idirafter "/home/taiwei/code/myBeijingHell/external/SDL2/src/video/khronos" -m3dnow -rdynamic CMakeFiles/cmTC_c32f9.dir/src.c.o -o cmTC_c32f9 
gmake[1]: Leaving directory '/home/taiwei/code/myBeijingHell/build/CMakeFiles/CMakeTmp'


Source file was:

          #include <mm3dnow.h>
          #ifndef __3dNOW__
          #error Assembler CPP flag not enabled
          #endif
          int main(int argc, char **argv) {
            void *p = 0;
            _m_prefetch(p);
            return 0;
          }
Performing C SOURCE FILE Test HAVE_SSE succeeded with the following output:
Change Dir: /home/taiwei/code/myBeijingHell/build/CMakeFiles/CMakeTmp

Run Build Command(s):/usr/bin/gmake -f Makefile cmTC_1d1f2/fast && /usr/bin/gmake  -f CMakeFiles/cmTC_1d1f2.dir/build.make CMakeFiles/cmTC_1d1f2.dir/build
gmake[1]: Entering directory '/home/taiwei/code/myBeijingHell/build/CMakeFiles/CMakeTmp'
Building C object CMakeFiles/cmTC_1d1f2.dir/src.c.o
/usr/bin/cc -DHAVE_SSE  -idirafter "/home/taiwei/code/myBeijingHell/external/SDL2/src/video/khronos" -msse -o CMakeFiles/cmTC_1d1f2.dir/src.c.o -c /home/taiwei/code/myBeijingHell/build/CMakeFiles/CMakeTmp/src.c
Linking C executable cmTC_1d1f2
/usr/bin/cmake -E cmake_link_script CMakeFiles/cmTC_1d1f2.dir/link.txt --verbose=1
/usr/bin/cc  -idirafter "/home/taiwei/code/myBeijingHell/external/SDL2/src/video/khronos" -msse -rdynamic CMakeFiles/cmTC_1d1f2.dir/src.c.o -o cmTC_1d1f2 
gmake[1]: Leaving directory '/home/taiwei/code/myBeijingHell/build/CMakeFiles/CMakeTmp'


Source file was:

          #ifdef __MINGW32__
          #include <_mingw.h>
          #ifdef __MINGW64_VERSION_MAJOR
          #include <intrin.h>
          #else
          #include <xmmintrin.h>
          #endif
          #else
          #include <xmmintrin.h>
          #endif
          #ifndef __SSE__
          #error Assembler CPP flag not enabled
          #endif
          int main(int argc, char **argv) { return 0; }
Performing C SOURCE FILE Test HAVE_SSE2 succeeded with the following output:
Change Dir: /home/taiwei/code/myBeijingHell/build/CMakeFiles/CMakeTmp

Run Build Command(s):/usr/bin/gmake -f Makefile cmTC_eb419/fast && /usr/bin/gmake  -f CMakeFiles/cmTC_eb419.dir/build.make CMakeFiles/cmTC_eb419.dir/build
gmake[1]: Entering directory '/home/taiwei/code/myBeijingHell/build/CMakeFiles/CMakeTmp'
Building C object CMakeFiles/cmTC_eb419.dir/src.c.o
/usr/bin/cc -DHAVE_SSE2  -idirafter "/home/taiwei/code/myBeijingHell/external/SDL2/src/video/khronos" -msse2 -o CMakeFiles/cmTC_eb419.dir/src.c.o -c /home/taiwei/code/myBeijingHell/build/CMakeFiles/CMakeTmp/src.c
Linking C executable cmTC_eb419
/usr/bin/cmake -E cmake_link_script CMakeFiles/cmTC_eb419.dir/link.txt --verbose=1
/usr/bin/cc  -idirafter "/home/taiwei/code/myBeijingHell/external/SDL2/src/video/khronos" -msse2 -rdynamic CMakeFiles/cmTC_eb419.dir/src.c.o -o cmTC_eb419 
gmake[1]: Leaving directory '/home/taiwei/code/myBeijingHell/build/CMakeFiles/CMakeTmp'


Source file was:

          #ifdef __MINGW32__
          #include <_mingw.h>
          #ifdef __MINGW64_VERSION_MAJOR
          #include <intrin.h>
          #else
          #include <emmintrin.h>
          #endif
          #else
          #include <emmintrin.h>
          #endif
          #ifndef __SSE2__
          #error Assembler CPP flag not enabled
          #endif
          int main(int argc, char **argv) { return 0; }
Performing C SOURCE FILE Test HAVE_SSE3 succeeded with the following output:
Change Dir: /home/taiwei/code/myBeijingHell/build/CMakeFiles/CMakeTmp

Run Build Command(s):/usr/bin/gmake -f Makefile cmTC_27eae/fast && /usr/bin/gmake  -f CMakeFiles/cmTC_27eae.dir/build.make CMakeFiles/cmTC_27eae.dir/build
gmake[1]: Entering directory '/home/taiwei/code/myBeijingHell/build/CMakeFiles/CMakeTmp'
Building C object CMakeFiles/cmTC_27eae.dir/src.c.o
/usr/bin/cc -DHAVE_SSE3  -idirafter "/home/taiwei/code/myBeijingHell/external/SDL2/src/video/khronos" -msse3 -o CMakeFiles/cmTC_27eae.dir/src.c.o -c /home/taiwei/code/myBeijingHell/build/CMakeFiles/CMakeTmp/src.c
Linking C executable cmTC_27eae
/usr/bin/cmake -E cmake_link_script CMakeFiles/cmTC_27eae.dir/link.txt --verbose=1
/usr/bin/cc  -idirafter "/home/taiwei/code/myBeijingHell/external/SDL2/src/video/khronos" -msse3 -rdynamic CMakeFiles/cmTC_27eae.dir/src.c.o -o cmTC_27eae 
gmake[1]: Leaving directory '/home/taiwei/code/myBeijingHell/build/CMakeFiles/CMakeTmp'


Source file was:

          #ifdef __MINGW32__
          #include <_mingw.h>
          #ifdef __MINGW64_VERSION_MAJOR
          #include <intrin.h>
          #else
          #include <pmmintrin.h>
          #endif
          #else
          #include <pmmintrin.h>
          #endif
          #ifndef __SSE3__
          #error Assembler CPP flag not enabled
          #endif
          int main(int argc, char **argv) { return 0; }
Determining if the include file immintrin.h exists passed with the following output:
Change Dir: /home/taiwei/code/myBeijingHell/build/CMakeFiles/CMakeTmp

Run Build Command(s):/usr/bin/gmake -f Makefile cmTC_54315/fast && /usr/bin/gmake  -f CMakeFiles/cmTC_54315.dir/build.make CMakeFiles/cmTC_54315.dir/build
gmake[1]: Entering directory '/home/taiwei/code/myBeijingHell/build/CMakeFiles/CMakeTmp'
Building C object CMakeFiles/cmTC_54315.dir/CheckIncludeFile.c.o
/usr/bin/cc   -idirafter "/home/taiwei/code/myBeijingHell/external/SDL2/src/video/khronos"  -D_GNU_SOURCE=1 -o CMakeFiles/cmTC_54315.dir/CheckIncludeFile.c.o -c /home/taiwei/code/myBeijingHell/build/CMakeFiles/CMakeTmp/CheckIncludeFile.c
Linking C executable cmTC_54315
/usr/bin/cmake -E cmake_link_script CMakeFiles/cmTC_54315.dir/link.txt --verbose=1
/usr/bin/cc  -idirafter "/home/taiwei/code/myBeijingHell/external/SDL2/src/video/khronos"  -D_GNU_SOURCE=1 -rdynamic CMakeFiles/cmTC_54315.dir/CheckIncludeFile.c.o -o cmTC_54315 
gmake[1]: Leaving directory '/home/taiwei/code/myBeijingHell/build/CMakeFiles/CMakeTmp'



Determining if the include file ctype.h exists passed with the following output:
Change Dir: /home/taiwei/code/myBeijingHell/build/CMakeFiles/CMakeTmp

Run Build Command(s):/usr/bin/gmake -f Makefile cmTC_8ac95/fast && /usr/bin/gmake  -f CMakeFiles/cmTC_8ac95.dir/build.make CMakeFiles/cmTC_8ac95.dir/build
gmake[1]: Entering directory '/home/taiwei/code/myBeijingHell/build/CMakeFiles/CMakeTmp'
Building C object CMakeFiles/cmTC_8ac95.dir/CheckIncludeFile.c.o
/usr/bin/cc   -idirafter "/home/taiwei/code/myBeijingHell/external/SDL2/src/video/khronos"  -D_GNU_SOURCE=1 -o CMakeFiles/cmTC_8ac95.dir/CheckIncludeFile.c.o -c /home/taiwei/code/myBeijingHell/build/CMakeFiles/CMakeTmp/CheckIncludeFile.c
Linking C executable cmTC_8ac95
/usr/bin/cmake -E cmake_link_script CMakeFiles/cmTC_8ac95.dir/link.txt --verbose=1
/usr/bin/cc  -idirafter "/home/taiwei/code/myBeijingHell/external/SDL2/src/video/khronos"  -D_GNU_SOURCE=1 -rdynamic CMakeFiles/cmTC_8ac95.dir/CheckIncludeFile.c.o -o cmTC_8ac95 
gmake[1]: Leaving directory '/home/taiwei/code/myBeijingHell/build/CMakeFiles/CMakeTmp'



Determining if the include file float.h exists passed with the following output:
Change Dir: /home/taiwei/code/myBeijingHell/build/CMakeFiles/CMakeTmp

Run Build Command(s):/usr/bin/gmake -f Makefile cmTC_e43a6/fast && /usr/bin/gmake  -f CMakeFiles/cmTC_e43a6.dir/build.make CMakeFiles/cmTC_e43a6.dir/build
gmake[1]: Entering directory '/home/taiwei/code/myBeijingHell/build/CMakeFiles/CMakeTmp'
Building C object CMakeFiles/cmTC_e43a6.dir/CheckIncludeFile.c.o
/usr/bin/cc   -idirafter "/home/taiwei/code/myBeijingHell/external/SDL2/src/video/khronos"  -D_GNU_SOURCE=1 -o CMakeFiles/cmTC_e43a6.dir/CheckIncludeFile.c.o -c /home/taiwei/code/myBeijingHell/build/CMakeFiles/CMakeTmp/CheckIncludeFile.c
Linking C executable cmTC_e43a6
/usr/bin/cmake -E cmake_link_script CMakeFiles/cmTC_e43a6.dir/link.txt --verbose=1
/usr/bin/cc  -idirafter "/home/taiwei/code/myBeijingHell/external/SDL2/src/video/khronos"  -D_GNU_SOURCE=1 -rdynamic CMakeFiles/cmTC_e43a6.dir/CheckIncludeFile.c.o -o cmTC_e43a6 
gmake[1]: Leaving directory '/home/taiwei/code/myBeijingHell/build/CMakeFiles/CMakeTmp'



Determining if the include file iconv.h exists passed with the following output:
Change Dir: /home/taiwei/code/myBeijingHell/build/CMakeFiles/CMakeTmp

Run Build Command(s):/usr/bin/gmake -f Makefile cmTC_b80b9/fast && /usr/bin/gmake  -f CMakeFiles/cmTC_b80b9.dir/build.make CMakeFiles/cmTC_b80b9.dir/build
gmake[1]: Entering directory '/home/taiwei/code/myBeijingHell/build/CMakeFiles/CMakeTmp'
Building C object CMakeFiles/cmTC_b80b9.dir/CheckIncludeFile.c.o
/usr/bin/cc   -idirafter "/home/taiwei/code/myBeijingHell/external/SDL2/src/video/khronos"  -D_GNU_SOURCE=1 -o CMakeFiles/cmTC_b80b9.dir/CheckIncludeFile.c.o -c /home/taiwei/code/myBeijingHell/build/CMakeFiles/CMakeTmp/CheckIncludeFile.c
Linking C executable cmTC_b80b9
/usr/bin/cmake -E cmake_link_script CMakeFiles/cmTC_b80b9.dir/link.txt --verbose=1
/usr/bin/cc  -idirafter "/home/taiwei/code/myBeijingHell/external/SDL2/src/video/khronos"  -D_GNU_SOURCE=1 -rdynamic CMakeFiles/cmTC_b80b9.dir/CheckIncludeFile.c.o -o cmTC_b80b9 
gmake[1]: Leaving directory '/home/taiwei/code/myBeijingHell/build/CMakeFiles/CMakeTmp'



Determining if the include file inttypes.h exists passed with the following output:
Change Dir: /home/taiwei/code/myBeijingHell/build/CMakeFiles/CMakeTmp

Run Build Command(s):/usr/bin/gmake -f Makefile cmTC_70e9b/fast && /usr/bin/gmake  -f CMakeFiles/cmTC_70e9b.dir/build.make CMakeFiles/cmTC_70e9b.dir/build
gmake[1]: Entering directory '/home/taiwei/code/myBeijingHell/build/CMakeFiles/CMakeTmp'
Building C object CMakeFiles/cmTC_70e9b.dir/CheckIncludeFile.c.o
/usr/bin/cc   -idirafter "/home/taiwei/code/myBeijingHell/external/SDL2/src/video/khronos"  -D_GNU_SOURCE=1 -o CMakeFiles/cmTC_70e9b.dir/CheckIncludeFile.c.o -c /home/taiwei/code/myBeijingHell/build/CMakeFiles/CMakeTmp/CheckIncludeFile.c
Linking C executable cmTC_70e9b
/usr/bin/cmake -E cmake_link_script CMakeFiles/cmTC_70e9b.dir/link.txt --verbose=1
/usr/bin/cc  -idirafter "/home/taiwei/code/myBeijingHell/external/SDL2/src/video/khronos"  -D_GNU_SOURCE=1 -rdynamic CMakeFiles/cmTC_70e9b.dir/CheckIncludeFile.c.o -o cmTC_70e9b 
gmake[1]: Leaving directory '/home/taiwei/code/myBeijingHell/build/CMakeFiles/CMakeTmp'



Determining if the include file limits.h exists passed with the following output:
Change Dir: /home/taiwei/code/myBeijingHell/build/CMakeFiles/CMakeTmp

Run Build Command(s):/usr/bin/gmake -f Makefile cmTC_cbefe/fast && /usr/bin/gmake  -f CMakeFiles/cmTC_cbefe.dir/build.make CMakeFiles/cmTC_cbefe.dir/build
gmake[1]: Entering directory '/home/taiwei/code/myBeijingHell/build/CMakeFiles/CMakeTmp'
Building C object CMakeFiles/cmTC_cbefe.dir/CheckIncludeFile.c.o
/usr/bin/cc   -idirafter "/home/taiwei/code/myBeijingHell/external/SDL2/src/video/khronos"  -D_GNU_SOURCE=1 -o CMakeFiles/cmTC_cbefe.dir/CheckIncludeFile.c.o -c /home/taiwei/code/myBeijingHell/build/CMakeFiles/CMakeTmp/CheckIncludeFile.c
Linking C executable cmTC_cbefe
/usr/bin/cmake -E cmake_link_script CMakeFiles/cmTC_cbefe.dir/link.txt --verbose=1
/usr/bin/cc  -idirafter "/home/taiwei/code/myBeijingHell/external/SDL2/src/video/khronos"  -D_GNU_SOURCE=1 -rdynamic CMakeFiles/cmTC_cbefe.dir/CheckIncludeFile.c.o -o cmTC_cbefe 
gmake[1]: Leaving directory '/home/taiwei/code/myBeijingHell/build/CMakeFiles/CMakeTmp'



Determining if the include file malloc.h exists passed with the following output:
Change Dir: /home/taiwei/code/myBeijingHell/build/CMakeFiles/CMakeTmp

Run Build Command(s):/usr/bin/gmake -f Makefile cmTC_5e4d9/fast && /usr/bin/gmake  -f CMakeFiles/cmTC_5e4d9.dir/build.make CMakeFiles/cmTC_5e4d9.dir/build
gmake[1]: Entering directory '/home/taiwei/code/myBeijingHell/build/CMakeFiles/CMakeTmp'
Building C object CMakeFiles/cmTC_5e4d9.dir/CheckIncludeFile.c.o
/usr/bin/cc   -idirafter "/home/taiwei/code/myBeijingHell/external/SDL2/src/video/khronos"  -D_GNU_SOURCE=1 -o CMakeFiles/cmTC_5e4d9.dir/CheckIncludeFile.c.o -c /home/taiwei/code/myBeijingHell/build/CMakeFiles/CMakeTmp/CheckIncludeFile.c
Linking C executable cmTC_5e4d9
/usr/bin/cmake -E cmake_link_script CMakeFiles/cmTC_5e4d9.dir/link.txt --verbose=1
/usr/bin/cc  -idirafter "/home/taiwei/code/myBeijingHell/external/SDL2/src/video/khronos"  -D_GNU_SOURCE=1 -rdynamic CMakeFiles/cmTC_5e4d9.dir/CheckIncludeFile.c.o -o cmTC_5e4d9 
gmake[1]: Leaving directory '/home/taiwei/code/myBeijingHell/build/CMakeFiles/CMakeTmp'



Determining if the include file math.h exists passed with the following output:
Change Dir: /home/taiwei/code/myBeijingHell/build/CMakeFiles/CMakeTmp

Run Build Command(s):/usr/bin/gmake -f Makefile cmTC_bbe3f/fast && /usr/bin/gmake  -f CMakeFiles/cmTC_bbe3f.dir/build.make CMakeFiles/cmTC_bbe3f.dir/build
gmake[1]: Entering directory '/home/taiwei/code/myBeijingHell/build/CMakeFiles/CMakeTmp'
Building C object CMakeFiles/cmTC_bbe3f.dir/CheckIncludeFile.c.o
/usr/bin/cc   -idirafter "/home/taiwei/code/myBeijingHell/external/SDL2/src/video/khronos"  -D_GNU_SOURCE=1 -o CMakeFiles/cmTC_bbe3f.dir/CheckIncludeFile.c.o -c /home/taiwei/code/myBeijingHell/build/CMakeFiles/CMakeTmp/CheckIncludeFile.c
Linking C executable cmTC_bbe3f
/usr/bin/cmake -E cmake_link_script CMakeFiles/cmTC_bbe3f.dir/link.txt --verbose=1
/usr/bin/cc  -idirafter "/home/taiwei/code/myBeijingHell/external/SDL2/src/video/khronos"  -D_GNU_SOURCE=1 -rdynamic CMakeFiles/cmTC_bbe3f.dir/CheckIncludeFile.c.o -o cmTC_bbe3f 
gmake[1]: Leaving directory '/home/taiwei/code/myBeijingHell/build/CMakeFiles/CMakeTmp'



Determining if the include file memory.h exists passed with the following output:
Change Dir: /home/taiwei/code/myBeijingHell/build/CMakeFiles/CMakeTmp

Run Build Command(s):/usr/bin/gmake -f Makefile cmTC_a94d9/fast && /usr/bin/gmake  -f CMakeFiles/cmTC_a94d9.dir/build.make CMakeFiles/cmTC_a94d9.dir/build
gmake[1]: Entering directory '/home/taiwei/code/myBeijingHell/build/CMakeFiles/CMakeTmp'
Building C object CMakeFiles/cmTC_a94d9.dir/CheckIncludeFile.c.o
/usr/bin/cc   -idirafter "/home/taiwei/code/myBeijingHell/external/SDL2/src/video/khronos"  -D_GNU_SOURCE=1 -o CMakeFiles/cmTC_a94d9.dir/CheckIncludeFile.c.o -c /home/taiwei/code/myBeijingHell/build/CMakeFiles/CMakeTmp/CheckIncludeFile.c
Linking C executable cmTC_a94d9
/usr/bin/cmake -E cmake_link_script CMakeFiles/cmTC_a94d9.dir/link.txt --verbose=1
/usr/bin/cc  -idirafter "/home/taiwei/code/myBeijingHell/external/SDL2/src/video/khronos"  -D_GNU_SOURCE=1 -rdynamic CMakeFiles/cmTC_a94d9.dir/CheckIncludeFile.c.o -o cmTC_a94d9 
gmake[1]: Leaving directory '/home/taiwei/code/myBeijingHell/build/CMakeFiles/CMakeTmp'



Determining if the include file signal.h exists passed with the following output:
Change Dir: /home/taiwei/code/myBeijingHell/build/CMakeFiles/CMakeTmp

Run Build Command(s):/usr/bin/gmake -f Makefile cmTC_d2715/fast && /usr/bin/gmake  -f CMakeFiles/cmTC_d2715.dir/build.make CMakeFiles/cmTC_d2715.dir/build
gmake[1]: Entering directory '/home/taiwei/code/myBeijingHell/build/CMakeFiles/CMakeTmp'
Building C object CMakeFiles/cmTC_d2715.dir/CheckIncludeFile.c.o
/usr/bin/cc   -idirafter "/home/taiwei/code/myBeijingHell/external/SDL2/src/video/khronos"  -D_GNU_SOURCE=1 -o CMakeFiles/cmTC_d2715.dir/CheckIncludeFile.c.o -c /home/taiwei/code/myBeijingHell/build/CMakeFiles/CMakeTmp/CheckIncludeFile.c
Linking C executable cmTC_d2715
/usr/bin/cmake -E cmake_link_script CMakeFiles/cmTC_d2715.dir/link.txt --verbose=1
/usr/bin/cc  -idirafter "/home/taiwei/code/myBeijingHell/external/SDL2/src/video/khronos"  -D_GNU_SOURCE=1 -rdynamic CMakeFiles/cmTC_d2715.dir/CheckIncludeFile.c.o -o cmTC_d2715 
gmake[1]: Leaving directory '/home/taiwei/code/myBeijingHell/build/CMakeFiles/CMakeTmp'



Determining if the include file stdarg.h exists passed with the following output:
Change Dir: /home/taiwei/code/myBeijingHell/build/CMakeFiles/CMakeTmp

Run Build Command(s):/usr/bin/gmake -f Makefile cmTC_3ee22/fast && /usr/bin/gmake  -f CMakeFiles/cmTC_3ee22.dir/build.make CMakeFiles/cmTC_3ee22.dir/build
gmake[1]: Entering directory '/home/taiwei/code/myBeijingHell/build/CMakeFiles/CMakeTmp'
Building C object CMakeFiles/cmTC_3ee22.dir/CheckIncludeFile.c.o
/usr/bin/cc   -idirafter "/home/taiwei/code/myBeijingHell/external/SDL2/src/video/khronos"  -D_GNU_SOURCE=1 -o CMakeFiles/cmTC_3ee22.dir/CheckIncludeFile.c.o -c /home/taiwei/code/myBeijingHell/build/CMakeFiles/CMakeTmp/CheckIncludeFile.c
Linking C executable cmTC_3ee22
/usr/bin/cmake -E cmake_link_script CMakeFiles/cmTC_3ee22.dir/link.txt --verbose=1
/usr/bin/cc  -idirafter "/home/taiwei/code/myBeijingHell/external/SDL2/src/video/khronos"  -D_GNU_SOURCE=1 -rdynamic CMakeFiles/cmTC_3ee22.dir/CheckIncludeFile.c.o -o cmTC_3ee22 
gmake[1]: Leaving directory '/home/taiwei/code/myBeijingHell/build/CMakeFiles/CMakeTmp'



Determining if the include file stddef.h exists passed with the following output:
Change Dir: /home/taiwei/code/myBeijingHell/build/CMakeFiles/CMakeTmp

Run Build Command(s):/usr/bin/gmake -f Makefile cmTC_7d834/fast && /usr/bin/gmake  -f CMakeFiles/cmTC_7d834.dir/build.make CMakeFiles/cmTC_7d834.dir/build
gmake[1]: Entering directory '/home/taiwei/code/myBeijingHell/build/CMakeFiles/CMakeTmp'
Building C object CMakeFiles/cmTC_7d834.dir/CheckIncludeFile.c.o
/usr/bin/cc   -idirafter "/home/taiwei/code/myBeijingHell/external/SDL2/src/video/khronos"  -D_GNU_SOURCE=1 -o CMakeFiles/cmTC_7d834.dir/CheckIncludeFile.c.o -c /home/taiwei/code/myBeijingHell/build/CMakeFiles/CMakeTmp/CheckIncludeFile.c
Linking C executable cmTC_7d834
/usr/bin/cmake -E cmake_link_script CMakeFiles/cmTC_7d834.dir/link.txt --verbose=1
/usr/bin/cc  -idirafter "/home/taiwei/code/myBeijingHell/external/SDL2/src/video/khronos"  -D_GNU_SOURCE=1 -rdynamic CMakeFiles/cmTC_7d834.dir/CheckIncludeFile.c.o -o cmTC_7d834 
gmake[1]: Leaving directory '/home/taiwei/code/myBeijingHell/build/CMakeFiles/CMakeTmp'



Determining if the include file stdint.h exists passed with the following output:
Change Dir: /home/taiwei/code/myBeijingHell/build/CMakeFiles/CMakeTmp

Run Build Command(s):/usr/bin/gmake -f Makefile cmTC_c8409/fast && /usr/bin/gmake  -f CMakeFiles/cmTC_c8409.dir/build.make CMakeFiles/cmTC_c8409.dir/build
gmake[1]: Entering directory '/home/taiwei/code/myBeijingHell/build/CMakeFiles/CMakeTmp'
Building C object CMakeFiles/cmTC_c8409.dir/CheckIncludeFile.c.o
/usr/bin/cc   -idirafter "/home/taiwei/code/myBeijingHell/external/SDL2/src/video/khronos"  -D_GNU_SOURCE=1 -o CMakeFiles/cmTC_c8409.dir/CheckIncludeFile.c.o -c /home/taiwei/code/myBeijingHell/build/CMakeFiles/CMakeTmp/CheckIncludeFile.c
Linking C executable cmTC_c8409
/usr/bin/cmake -E cmake_link_script CMakeFiles/cmTC_c8409.dir/link.txt --verbose=1
/usr/bin/cc  -idirafter "/home/taiwei/code/myBeijingHell/external/SDL2/src/video/khronos"  -D_GNU_SOURCE=1 -rdynamic CMakeFiles/cmTC_c8409.dir/CheckIncludeFile.c.o -o cmTC_c8409 
gmake[1]: Leaving directory '/home/taiwei/code/myBeijingHell/build/CMakeFiles/CMakeTmp'



Determining if the include file stdio.h exists passed with the following output:
Change Dir: /home/taiwei/code/myBeijingHell/build/CMakeFiles/CMakeTmp

Run Build Command(s):/usr/bin/gmake -f Makefile cmTC_ae991/fast && /usr/bin/gmake  -f CMakeFiles/cmTC_ae991.dir/build.make CMakeFiles/cmTC_ae991.dir/build
gmake[1]: Entering directory '/home/taiwei/code/myBeijingHell/build/CMakeFiles/CMakeTmp'
Building C object CMakeFiles/cmTC_ae991.dir/CheckIncludeFile.c.o
/usr/bin/cc   -idirafter "/home/taiwei/code/myBeijingHell/external/SDL2/src/video/khronos"  -D_GNU_SOURCE=1 -o CMakeFiles/cmTC_ae991.dir/CheckIncludeFile.c.o -c /home/taiwei/code/myBeijingHell/build/CMakeFiles/CMakeTmp/CheckIncludeFile.c
Linking C executable cmTC_ae991
/usr/bin/cmake -E cmake_link_script CMakeFiles/cmTC_ae991.dir/link.txt --verbose=1
/usr/bin/cc  -idirafter "/home/taiwei/code/myBeijingHell/external/SDL2/src/video/khronos"  -D_GNU_SOURCE=1 -rdynamic CMakeFiles/cmTC_ae991.dir/CheckIncludeFile.c.o -o cmTC_ae991 
gmake[1]: Leaving directory '/home/taiwei/code/myBeijingHell/build/CMakeFiles/CMakeTmp'



Determining if the include file stdlib.h exists passed with the following output:
Change Dir: /home/taiwei/code/myBeijingHell/build/CMakeFiles/CMakeTmp

Run Build Command(s):/usr/bin/gmake -f Makefile cmTC_fce1c/fast && /usr/bin/gmake  -f CMakeFiles/cmTC_fce1c.dir/build.make CMakeFiles/cmTC_fce1c.dir/build
gmake[1]: Entering directory '/home/taiwei/code/myBeijingHell/build/CMakeFiles/CMakeTmp'
Building C object CMakeFiles/cmTC_fce1c.dir/CheckIncludeFile.c.o
/usr/bin/cc   -idirafter "/home/taiwei/code/myBeijingHell/external/SDL2/src/video/khronos"  -D_GNU_SOURCE=1 -o CMakeFiles/cmTC_fce1c.dir/CheckIncludeFile.c.o -c /home/taiwei/code/myBeijingHell/build/CMakeFiles/CMakeTmp/CheckIncludeFile.c
Linking C executable cmTC_fce1c
/usr/bin/cmake -E cmake_link_script CMakeFiles/cmTC_fce1c.dir/link.txt --verbose=1
/usr/bin/cc  -idirafter "/home/taiwei/code/myBeijingHell/external/SDL2/src/video/khronos"  -D_GNU_SOURCE=1 -rdynamic CMakeFiles/cmTC_fce1c.dir/CheckIncludeFile.c.o -o cmTC_fce1c 
gmake[1]: Leaving directory '/home/taiwei/code/myBeijingHell/build/CMakeFiles/CMakeTmp'



Determining if the include file string.h exists passed with the following output:
Change Dir: /home/taiwei/code/myBeijingHell/build/CMakeFiles/CMakeTmp

Run Build Command(s):/usr/bin/gmake -f Makefile cmTC_764a3/fast && /usr/bin/gmake  -f CMakeFiles/cmTC_764a3.dir/build.make CMakeFiles/cmTC_764a3.dir/build
gmake[1]: Entering directory '/home/taiwei/code/myBeijingHell/build/CMakeFiles/CMakeTmp'
Building C object CMakeFiles/cmTC_764a3.dir/CheckIncludeFile.c.o
/usr/bin/cc   -idirafter "/home/taiwei/code/myBeijingHell/external/SDL2/src/video/khronos"  -D_GNU_SOURCE=1 -o CMakeFiles/cmTC_764a3.dir/CheckIncludeFile.c.o -c /home/taiwei/code/myBeijingHell/build/CMakeFiles/CMakeTmp/CheckIncludeFile.c
Linking C executable cmTC_764a3
/usr/bin/cmake -E cmake_link_script CMakeFiles/cmTC_764a3.dir/link.txt --verbose=1
/usr/bin/cc  -idirafter "/home/taiwei/code/myBeijingHell/external/SDL2/src/video/khronos"  -D_GNU_SOURCE=1 -rdynamic CMakeFiles/cmTC_764a3.dir/CheckIncludeFile.c.o -o cmTC_764a3 
gmake[1]: Leaving directory '/home/taiwei/code/myBeijingHell/build/CMakeFiles/CMakeTmp'



Determining if the include file strings.h exists passed with the following output:
Change Dir: /home/taiwei/code/myBeijingHell/build/CMakeFiles/CMakeTmp

Run Build Command(s):/usr/bin/gmake -f Makefile cmTC_31ba9/fast && /usr/bin/gmake  -f CMakeFiles/cmTC_31ba9.dir/build.make CMakeFiles/cmTC_31ba9.dir/build
gmake[1]: Entering directory '/home/taiwei/code/myBeijingHell/build/CMakeFiles/CMakeTmp'
Building C object CMakeFiles/cmTC_31ba9.dir/CheckIncludeFile.c.o
/usr/bin/cc   -idirafter "/home/taiwei/code/myBeijingHell/external/SDL2/src/video/khronos"  -D_GNU_SOURCE=1 -o CMakeFiles/cmTC_31ba9.dir/CheckIncludeFile.c.o -c /home/taiwei/code/myBeijingHell/build/CMakeFiles/CMakeTmp/CheckIncludeFile.c
Linking C executable cmTC_31ba9
/usr/bin/cmake -E cmake_link_script CMakeFiles/cmTC_31ba9.dir/link.txt --verbose=1
/usr/bin/cc  -idirafter "/home/taiwei/code/myBeijingHell/external/SDL2/src/video/khronos"  -D_GNU_SOURCE=1 -rdynamic CMakeFiles/cmTC_31ba9.dir/CheckIncludeFile.c.o -o cmTC_31ba9 
gmake[1]: Leaving directory '/home/taiwei/code/myBeijingHell/build/CMakeFiles/CMakeTmp'



Determining if the include file sys/types.h exists passed with the following output:
Change Dir: /home/taiwei/code/myBeijingHell/build/CMakeFiles/CMakeTmp

Run Build Command(s):/usr/bin/gmake -f Makefile cmTC_d47f3/fast && /usr/bin/gmake  -f CMakeFiles/cmTC_d47f3.dir/build.make CMakeFiles/cmTC_d47f3.dir/build
gmake[1]: Entering directory '/home/taiwei/code/myBeijingHell/build/CMakeFiles/CMakeTmp'
Building C object CMakeFiles/cmTC_d47f3.dir/CheckIncludeFile.c.o
/usr/bin/cc   -idirafter "/home/taiwei/code/myBeijingHell/external/SDL2/src/video/khronos"  -D_GNU_SOURCE=1 -o CMakeFiles/cmTC_d47f3.dir/CheckIncludeFile.c.o -c /home/taiwei/code/myBeijingHell/build/CMakeFiles/CMakeTmp/CheckIncludeFile.c
Linking C executable cmTC_d47f3
/usr/bin/cmake -E cmake_link_script CMakeFiles/cmTC_d47f3.dir/link.txt --verbose=1
/usr/bin/cc  -idirafter "/home/taiwei/code/myBeijingHell/external/SDL2/src/video/khronos"  -D_GNU_SOURCE=1 -rdynamic CMakeFiles/cmTC_d47f3.dir/CheckIncludeFile.c.o -o cmTC_d47f3 
gmake[1]: Leaving directory '/home/taiwei/code/myBeijingHell/build/CMakeFiles/CMakeTmp'



Determining if the include file wchar.h exists passed with the following output:
Change Dir: /home/taiwei/code/myBeijingHell/build/CMakeFiles/CMakeTmp

Run Build Command(s):/usr/bin/gmake -f Makefile cmTC_9d3ee/fast && /usr/bin/gmake  -f CMakeFiles/cmTC_9d3ee.dir/build.make CMakeFiles/cmTC_9d3ee.dir/build
gmake[1]: Entering directory '/home/taiwei/code/myBeijingHell/build/CMakeFiles/CMakeTmp'
Building C object CMakeFiles/cmTC_9d3ee.dir/CheckIncludeFile.c.o
/usr/bin/cc   -idirafter "/home/taiwei/code/myBeijingHell/external/SDL2/src/video/khronos"  -D_GNU_SOURCE=1 -o CMakeFiles/cmTC_9d3ee.dir/CheckIncludeFile.c.o -c /home/taiwei/code/myBeijingHell/build/CMakeFiles/CMakeTmp/CheckIncludeFile.c
Linking C executable cmTC_9d3ee
/usr/bin/cmake -E cmake_link_script CMakeFiles/cmTC_9d3ee.dir/link.txt --verbose=1
/usr/bin/cc  -idirafter "/home/taiwei/code/myBeijingHell/external/SDL2/src/video/khronos"  -D_GNU_SOURCE=1 -rdynamic CMakeFiles/cmTC_9d3ee.dir/CheckIncludeFile.c.o -o cmTC_9d3ee 
gmake[1]: Leaving directory '/home/taiwei/code/myBeijingHell/build/CMakeFiles/CMakeTmp'



Determining if the include file linux/input.h exists passed with the following output:
Change Dir: /home/taiwei/code/myBeijingHell/build/CMakeFiles/CMakeTmp

Run Build Command(s):/usr/bin/gmake -f Makefile cmTC_b7096/fast && /usr/bin/gmake  -f CMakeFiles/cmTC_b7096.dir/build.make CMakeFiles/cmTC_b7096.dir/build
gmake[1]: Entering directory '/home/taiwei/code/myBeijingHell/build/CMakeFiles/CMakeTmp'
Building C object CMakeFiles/cmTC_b7096.dir/CheckIncludeFile.c.o
/usr/bin/cc   -idirafter "/home/taiwei/code/myBeijingHell/external/SDL2/src/video/khronos"  -D_GNU_SOURCE=1 -o CMakeFiles/cmTC_b7096.dir/CheckIncludeFile.c.o -c /home/taiwei/code/myBeijingHell/build/CMakeFiles/CMakeTmp/CheckIncludeFile.c
Linking C executable cmTC_b7096
/usr/bin/cmake -E cmake_link_script CMakeFiles/cmTC_b7096.dir/link.txt --verbose=1
/usr/bin/cc  -idirafter "/home/taiwei/code/myBeijingHell/external/SDL2/src/video/khronos"  -D_GNU_SOURCE=1 -rdynamic CMakeFiles/cmTC_b7096.dir/CheckIncludeFile.c.o -o cmTC_b7096 
gmake[1]: Leaving directory '/home/taiwei/code/myBeijingHell/build/CMakeFiles/CMakeTmp'



Determining if files stddef.h;stdarg.h;stdlib.h;string.h;stdio.h;wchar.h;float.h exist passed with the following output:
Change Dir: /home/taiwei/code/myBeijingHell/build/CMakeFiles/CMakeTmp

Run Build Command(s):/usr/bin/gmake -f Makefile cmTC_90ebe/fast && /usr/bin/gmake  -f CMakeFiles/cmTC_90ebe.dir/build.make CMakeFiles/cmTC_90ebe.dir/build
gmake[1]: Entering directory '/home/taiwei/code/myBeijingHell/build/CMakeFiles/CMakeTmp'
Building C object CMakeFiles/cmTC_90ebe.dir/STDC_HEADERS.c.o
/usr/bin/cc   -idirafter "/home/taiwei/code/myBeijingHell/external/SDL2/src/video/khronos"  -D_GNU_SOURCE=1 -o CMakeFiles/cmTC_90ebe.dir/STDC_HEADERS.c.o -c /home/taiwei/code/myBeijingHell/build/CMakeFiles/CheckIncludeFiles/STDC_HEADERS.c
Linking C executable cmTC_90ebe
/usr/bin/cmake -E cmake_link_script CMakeFiles/cmTC_90ebe.dir/link.txt --verbose=1
/usr/bin/cc  -idirafter "/home/taiwei/code/myBeijingHell/external/SDL2/src/video/khronos"  -D_GNU_SOURCE=1 -rdynamic CMakeFiles/cmTC_90ebe.dir/STDC_HEADERS.c.o -o cmTC_90ebe 
gmake[1]: Leaving directory '/home/taiwei/code/myBeijingHell/build/CMakeFiles/CMakeTmp'



Determining if the M_PI exist passed with the following output:
Change Dir: /home/taiwei/code/myBeijingHell/build/CMakeFiles/CMakeTmp

Run Build Command(s):/usr/bin/gmake -f Makefile cmTC_fc136/fast && /usr/bin/gmake  -f CMakeFiles/cmTC_fc136.dir/build.make CMakeFiles/cmTC_fc136.dir/build
gmake[1]: Entering directory '/home/taiwei/code/myBeijingHell/build/CMakeFiles/CMakeTmp'
Building C object CMakeFiles/cmTC_fc136.dir/CheckSymbolExists.c.o
/usr/bin/cc   -idirafter "/home/taiwei/code/myBeijingHell/external/SDL2/src/video/khronos"  -D_GNU_SOURCE=1 -o CMakeFiles/cmTC_fc136.dir/CheckSymbolExists.c.o -c /home/taiwei/code/myBeijingHell/build/CMakeFiles/CMakeTmp/CheckSymbolExists.c
Linking C executable cmTC_fc136
/usr/bin/cmake -E cmake_link_script CMakeFiles/cmTC_fc136.dir/link.txt --verbose=1
/usr/bin/cc  -idirafter "/home/taiwei/code/myBeijingHell/external/SDL2/src/video/khronos"  -D_GNU_SOURCE=1 -rdynamic CMakeFiles/cmTC_fc136.dir/CheckSymbolExists.c.o -o cmTC_fc136 
gmake[1]: Leaving directory '/home/taiwei/code/myBeijingHell/build/CMakeFiles/CMakeTmp'


File /home/taiwei/code/myBeijingHell/build/CMakeFiles/CMakeTmp/CheckSymbolExists.c:
/* */
#include <math.h>

int main(int argc, char** argv)
{
  (void)argv;
#ifndef M_PI
  return ((int*)(&M_PI))[argc];
#else
  (void)argc;
  return 0;
#endif
}
Performing C SOURCE FILE Test HAVE_MPROTECT succeeded with the following output:
Change Dir: /home/taiwei/code/myBeijingHell/build/CMakeFiles/CMakeTmp

Run Build Command(s):/usr/bin/gmake -f Makefile cmTC_7353d/fast && /usr/bin/gmake  -f CMakeFiles/cmTC_7353d.dir/build.make CMakeFiles/cmTC_7353d.dir/build
gmake[1]: Entering directory '/home/taiwei/code/myBeijingHell/build/CMakeFiles/CMakeTmp'
Building C object CMakeFiles/cmTC_7353d.dir/src.c.o
/usr/bin/cc -DHAVE_MPROTECT  -idirafter "/home/taiwei/code/myBeijingHell/external/SDL2/src/video/khronos"  -D_GNU_SOURCE=1 -o CMakeFiles/cmTC_7353d.dir/src.c.o -c /home/taiwei/code/myBeijingHell/build/CMakeFiles/CMakeTmp/src.c
Linking C executable cmTC_7353d
/usr/bin/cmake -E cmake_link_script CMakeFiles/cmTC_7353d.dir/link.txt --verbose=1
/usr/bin/cc  -idirafter "/home/taiwei/code/myBeijingHell/external/SDL2/src/video/khronos"  -D_GNU_SOURCE=1 -rdynamic CMakeFiles/cmTC_7353d.dir/src.c.o -o cmTC_7353d 
gmake[1]: Leaving directory '/home/taiwei/code/myBeijingHell/build/CMakeFiles/CMakeTmp'


Source file was:
#include <sys/types.h>
                             #include <sys/mman.h>
                             int main(void) { return 0; }
Determining if the strtod exist passed with the following output:
Change Dir: /home/taiwei/code/myBeijingHell/build/CMakeFiles/CMakeTmp

Run Build Command(s):/usr/bin/gmake -f Makefile cmTC_33c4c/fast && /usr/bin/gmake  -f CMakeFiles/cmTC_33c4c.dir/build.make CMakeFiles/cmTC_33c4c.dir/build
gmake[1]: Entering directory '/home/taiwei/code/myBeijingHell/build/CMakeFiles/CMakeTmp'
Building C object CMakeFiles/cmTC_33c4c.dir/CheckSymbolExists.c.o
/usr/bin/cc   -idirafter "/home/taiwei/code/myBeijingHell/external/SDL2/src/video/khronos"  -D_GNU_SOURCE=1 -o CMakeFiles/cmTC_33c4c.dir/CheckSymbolExists.c.o -c /home/taiwei/code/myBeijingHell/build/CMakeFiles/CMakeTmp/CheckSymbolExists.c
Linking C executable cmTC_33c4c
/usr/bin/cmake -E cmake_link_script CMakeFiles/cmTC_33c4c.dir/link.txt --verbose=1
/usr/bin/cc  -idirafter "/home/taiwei/code/myBeijingHell/external/SDL2/src/video/khronos"  -D_GNU_SOURCE=1 -rdynamic CMakeFiles/cmTC_33c4c.dir/CheckSymbolExists.c.o -o cmTC_33c4c 
gmake[1]: Leaving directory '/home/taiwei/code/myBeijingHell/build/CMakeFiles/CMakeTmp'


File /home/taiwei/code/myBeijingHell/build/CMakeFiles/CMakeTmp/CheckSymbolExists.c:
/* */
#include <stddef.h>
#include <stdarg.h>
#include <stdlib.h>
#include <string.h>
#include <stdio.h>
#include <wchar.h>
#include <float.h>

int main(int argc, char** argv)
{
  (void)argv;
#ifndef strtod
  return ((int*)(&strtod))[argc];
#else
  (void)argc;
  return 0;
#endif
}
Determining if the malloc exist passed with the following output:
Change Dir: /home/taiwei/code/myBeijingHell/build/CMakeFiles/CMakeTmp

Run Build Command(s):/usr/bin/gmake -f Makefile cmTC_ef792/fast && /usr/bin/gmake  -f CMakeFiles/cmTC_ef792.dir/build.make CMakeFiles/cmTC_ef792.dir/build
gmake[1]: Entering directory '/home/taiwei/code/myBeijingHell/build/CMakeFiles/CMakeTmp'
Building C object CMakeFiles/cmTC_ef792.dir/CheckSymbolExists.c.o
/usr/bin/cc   -idirafter "/home/taiwei/code/myBeijingHell/external/SDL2/src/video/khronos"  -D_GNU_SOURCE=1 -o CMakeFiles/cmTC_ef792.dir/CheckSymbolExists.c.o -c /home/taiwei/code/myBeijingHell/build/CMakeFiles/CMakeTmp/CheckSymbolExists.c
Linking C executable cmTC_ef792
/usr/bin/cmake -E cmake_link_script CMakeFiles/cmTC_ef792.dir/link.txt --verbose=1
/usr/bin/cc  -idirafter "/home/taiwei/code/myBeijingHell/external/SDL2/src/video/khronos"  -D_GNU_SOURCE=1 -rdynamic CMakeFiles/cmTC_ef792.dir/CheckSymbolExists.c.o -o cmTC_ef792 
gmake[1]: Leaving directory '/home/taiwei/code/myBeijingHell/build/CMakeFiles/CMakeTmp'


File /home/taiwei/code/myBeijingHell/build/CMakeFiles/CMakeTmp/CheckSymbolExists.c:
/* */
#include <stddef.h>
#include <stdarg.h>
#include <stdlib.h>
#include <string.h>
#include <stdio.h>
#include <wchar.h>
#include <float.h>

int main(int argc, char** argv)
{
  (void)argv;
#ifndef malloc
  return ((int*)(&malloc))[argc];
#else
  (void)argc;
  return 0;
#endif
}
Determining if the calloc exist passed with the following output:
Change Dir: /home/taiwei/code/myBeijingHell/build/CMakeFiles/CMakeTmp

Run Build Command(s):/usr/bin/gmake -f Makefile cmTC_fcb8c/fast && /usr/bin/gmake  -f CMakeFiles/cmTC_fcb8c.dir/build.make CMakeFiles/cmTC_fcb8c.dir/build
gmake[1]: Entering directory '/home/taiwei/code/myBeijingHell/build/CMakeFiles/CMakeTmp'
Building C object CMakeFiles/cmTC_fcb8c.dir/CheckSymbolExists.c.o
/usr/bin/cc   -idirafter "/home/taiwei/code/myBeijingHell/external/SDL2/src/video/khronos"  -D_GNU_SOURCE=1 -o CMakeFiles/cmTC_fcb8c.dir/CheckSymbolExists.c.o -c /home/taiwei/code/myBeijingHell/build/CMakeFiles/CMakeTmp/CheckSymbolExists.c
Linking C executable cmTC_fcb8c
/usr/bin/cmake -E cmake_link_script CMakeFiles/cmTC_fcb8c.dir/link.txt --verbose=1
/usr/bin/cc  -idirafter "/home/taiwei/code/myBeijingHell/external/SDL2/src/video/khronos"  -D_GNU_SOURCE=1 -rdynamic CMakeFiles/cmTC_fcb8c.dir/CheckSymbolExists.c.o -o cmTC_fcb8c 
gmake[1]: Leaving directory '/home/taiwei/code/myBeijingHell/build/CMakeFiles/CMakeTmp'


File /home/taiwei/code/myBeijingHell/build/CMakeFiles/CMakeTmp/CheckSymbolExists.c:
/* */
#include <stddef.h>
#include <stdarg.h>
#include <stdlib.h>
#include <string.h>
#include <stdio.h>
#include <wchar.h>
#include <float.h>

int main(int argc, char** argv)
{
  (void)argv;
#ifndef calloc
  return ((int*)(&calloc))[argc];
#else
  (void)argc;
  return 0;
#endif
}
Determining if the realloc exist passed with the following output:
Change Dir: /home/taiwei/code/myBeijingHell/build/CMakeFiles/CMakeTmp

Run Build Command(s):/usr/bin/gmake -f Makefile cmTC_c0b03/fast && /usr/bin/gmake  -f CMakeFiles/cmTC_c0b03.dir/build.make CMakeFiles/cmTC_c0b03.dir/build
gmake[1]: Entering directory '/home/taiwei/code/myBeijingHell/build/CMakeFiles/CMakeTmp'
Building C object CMakeFiles/cmTC_c0b03.dir/CheckSymbolExists.c.o
/usr/bin/cc   -idirafter "/home/taiwei/code/myBeijingHell/external/SDL2/src/video/khronos"  -D_GNU_SOURCE=1 -o CMakeFiles/cmTC_c0b03.dir/CheckSymbolExists.c.o -c /home/taiwei/code/myBeijingHell/build/CMakeFiles/CMakeTmp/CheckSymbolExists.c
Linking C executable cmTC_c0b03
/usr/bin/cmake -E cmake_link_script CMakeFiles/cmTC_c0b03.dir/link.txt --verbose=1
/usr/bin/cc  -idirafter "/home/taiwei/code/myBeijingHell/external/SDL2/src/video/khronos"  -D_GNU_SOURCE=1 -rdynamic CMakeFiles/cmTC_c0b03.dir/CheckSymbolExists.c.o -o cmTC_c0b03 
gmake[1]: Leaving directory '/home/taiwei/code/myBeijingHell/build/CMakeFiles/CMakeTmp'


File /home/taiwei/code/myBeijingHell/build/CMakeFiles/CMakeTmp/CheckSymbolExists.c:
/* */
#include <stddef.h>
#include <stdarg.h>
#include <stdlib.h>
#include <string.h>
#include <stdio.h>
#include <wchar.h>
#include <float.h>

int main(int argc, char** argv)
{
  (void)argv;
#ifndef realloc
  return ((int*)(&realloc))[argc];
#else
  (void)argc;
  return 0;
#endif
}
Determining if the free exist passed with the following output:
Change Dir: /home/taiwei/code/myBeijingHell/build/CMakeFiles/CMakeTmp

Run Build Command(s):/usr/bin/gmake -f Makefile cmTC_6a92a/fast && /usr/bin/gmake  -f CMakeFiles/cmTC_6a92a.dir/build.make CMakeFiles/cmTC_6a92a.dir/build
gmake[1]: Entering directory '/home/taiwei/code/myBeijingHell/build/CMakeFiles/CMakeTmp'
Building C object CMakeFiles/cmTC_6a92a.dir/CheckSymbolExists.c.o
/usr/bin/cc   -idirafter "/home/taiwei/code/myBeijingHell/external/SDL2/src/video/khronos"  -D_GNU_SOURCE=1 -o CMakeFiles/cmTC_6a92a.dir/CheckSymbolExists.c.o -c /home/taiwei/code/myBeijingHell/build/CMakeFiles/CMakeTmp/CheckSymbolExists.c
Linking C executable cmTC_6a92a
/usr/bin/cmake -E cmake_link_script CMakeFiles/cmTC_6a92a.dir/link.txt --verbose=1
/usr/bin/cc  -idirafter "/home/taiwei/code/myBeijingHell/external/SDL2/src/video/khronos"  -D_GNU_SOURCE=1 -rdynamic CMakeFiles/cmTC_6a92a.dir/CheckSymbolExists.c.o -o cmTC_6a92a 
gmake[1]: Leaving directory '/home/taiwei/code/myBeijingHell/build/CMakeFiles/CMakeTmp'


File /home/taiwei/code/myBeijingHell/build/CMakeFiles/CMakeTmp/CheckSymbolExists.c:
/* */
#include <stddef.h>
#include <stdarg.h>
#include <stdlib.h>
#include <string.h>
#include <stdio.h>
#include <wchar.h>
#include <float.h>

int main(int argc, char** argv)
{
  (void)argv;
#ifndef free
  return ((int*)(&free))[argc];
#else
  (void)argc;
  return 0;
#endif
}
Determining if the getenv exist passed with the following output:
Change Dir: /home/taiwei/code/myBeijingHell/build/CMakeFiles/CMakeTmp

Run Build Command(s):/usr/bin/gmake -f Makefile cmTC_93207/fast && /usr/bin/gmake  -f CMakeFiles/cmTC_93207.dir/build.make CMakeFiles/cmTC_93207.dir/build
gmake[1]: Entering directory '/home/taiwei/code/myBeijingHell/build/CMakeFiles/CMakeTmp'
Building C object CMakeFiles/cmTC_93207.dir/CheckSymbolExists.c.o
/usr/bin/cc   -idirafter "/home/taiwei/code/myBeijingHell/external/SDL2/src/video/khronos"  -D_GNU_SOURCE=1 -o CMakeFiles/cmTC_93207.dir/CheckSymbolExists.c.o -c /home/taiwei/code/myBeijingHell/build/CMakeFiles/CMakeTmp/CheckSymbolExists.c
Linking C executable cmTC_93207
/usr/bin/cmake -E cmake_link_script CMakeFiles/cmTC_93207.dir/link.txt --verbose=1
/usr/bin/cc  -idirafter "/home/taiwei/code/myBeijingHell/external/SDL2/src/video/khronos"  -D_GNU_SOURCE=1 -rdynamic CMakeFiles/cmTC_93207.dir/CheckSymbolExists.c.o -o cmTC_93207 
gmake[1]: Leaving directory '/home/taiwei/code/myBeijingHell/build/CMakeFiles/CMakeTmp'


File /home/taiwei/code/myBeijingHell/build/CMakeFiles/CMakeTmp/CheckSymbolExists.c:
/* */
#include <stddef.h>
#include <stdarg.h>
#include <stdlib.h>
#include <string.h>
#include <stdio.h>
#include <wchar.h>
#include <float.h>

int main(int argc, char** argv)
{
  (void)argv;
#ifndef getenv
  return ((int*)(&getenv))[argc];
#else
  (void)argc;
  return 0;
#endif
}
Determining if the setenv exist passed with the following output:
Change Dir: /home/taiwei/code/myBeijingHell/build/CMakeFiles/CMakeTmp

Run Build Command(s):/usr/bin/gmake -f Makefile cmTC_0919b/fast && /usr/bin/gmake  -f CMakeFiles/cmTC_0919b.dir/build.make CMakeFiles/cmTC_0919b.dir/build
gmake[1]: Entering directory '/home/taiwei/code/myBeijingHell/build/CMakeFiles/CMakeTmp'
Building C object CMakeFiles/cmTC_0919b.dir/CheckSymbolExists.c.o
/usr/bin/cc   -idirafter "/home/taiwei/code/myBeijingHell/external/SDL2/src/video/khronos"  -D_GNU_SOURCE=1 -o CMakeFiles/cmTC_0919b.dir/CheckSymbolExists.c.o -c /home/taiwei/code/myBeijingHell/build/CMakeFiles/CMakeTmp/CheckSymbolExists.c
Linking C executable cmTC_0919b
/usr/bin/cmake -E cmake_link_script CMakeFiles/cmTC_0919b.dir/link.txt --verbose=1
/usr/bin/cc  -idirafter "/home/taiwei/code/myBeijingHell/external/SDL2/src/video/khronos"  -D_GNU_SOURCE=1 -rdynamic CMakeFiles/cmTC_0919b.dir/CheckSymbolExists.c.o -o cmTC_0919b 
gmake[1]: Leaving directory '/home/taiwei/code/myBeijingHell/build/CMakeFiles/CMakeTmp'


File /home/taiwei/code/myBeijingHell/build/CMakeFiles/CMakeTmp/CheckSymbolExists.c:
/* */
#include <stddef.h>
#include <stdarg.h>
#include <stdlib.h>
#include <string.h>
#include <stdio.h>
#include <wchar.h>
#include <float.h>

int main(int argc, char** argv)
{
  (void)argv;
#ifndef setenv
  return ((int*)(&setenv))[argc];
#else
  (void)argc;
  return 0;
#endif
}
Determining if the putenv exist passed with the following output:
Change Dir: /home/taiwei/code/myBeijingHell/build/CMakeFiles/CMakeTmp

Run Build Command(s):/usr/bin/gmake -f Makefile cmTC_5052d/fast && /usr/bin/gmake  -f CMakeFiles/cmTC_5052d.dir/build.make CMakeFiles/cmTC_5052d.dir/build
gmake[1]: Entering directory '/home/taiwei/code/myBeijingHell/build/CMakeFiles/CMakeTmp'
Building C object CMakeFiles/cmTC_5052d.dir/CheckSymbolExists.c.o
/usr/bin/cc   -idirafter "/home/taiwei/code/myBeijingHell/external/SDL2/src/video/khronos"  -D_GNU_SOURCE=1 -o CMakeFiles/cmTC_5052d.dir/CheckSymbolExists.c.o -c /home/taiwei/code/myBeijingHell/build/CMakeFiles/CMakeTmp/CheckSymbolExists.c
Linking C executable cmTC_5052d
/usr/bin/cmake -E cmake_link_script CMakeFiles/cmTC_5052d.dir/link.txt --verbose=1
/usr/bin/cc  -idirafter "/home/taiwei/code/myBeijingHell/external/SDL2/src/video/khronos"  -D_GNU_SOURCE=1 -rdynamic CMakeFiles/cmTC_5052d.dir/CheckSymbolExists.c.o -o cmTC_5052d 
gmake[1]: Leaving directory '/home/taiwei/code/myBeijingHell/build/CMakeFiles/CMakeTmp'


File /home/taiwei/code/myBeijingHell/build/CMakeFiles/CMakeTmp/CheckSymbolExists.c:
/* */
#include <stddef.h>
#include <stdarg.h>
#include <stdlib.h>
#include <string.h>
#include <stdio.h>
#include <wchar.h>
#include <float.h>

int main(int argc, char** argv)
{
  (void)argv;
#ifndef putenv
  return ((int*)(&putenv))[argc];
#else
  (void)argc;
  return 0;
#endif
}
Determining if the unsetenv exist passed with the following output:
Change Dir: /home/taiwei/code/myBeijingHell/build/CMakeFiles/CMakeTmp

Run Build Command(s):/usr/bin/gmake -f Makefile cmTC_90d39/fast && /usr/bin/gmake  -f CMakeFiles/cmTC_90d39.dir/build.make CMakeFiles/cmTC_90d39.dir/build
gmake[1]: Entering directory '/home/taiwei/code/myBeijingHell/build/CMakeFiles/CMakeTmp'
Building C object CMakeFiles/cmTC_90d39.dir/CheckSymbolExists.c.o
/usr/bin/cc   -idirafter "/home/taiwei/code/myBeijingHell/external/SDL2/src/video/khronos"  -D_GNU_SOURCE=1 -o CMakeFiles/cmTC_90d39.dir/CheckSymbolExists.c.o -c /home/taiwei/code/myBeijingHell/build/CMakeFiles/CMakeTmp/CheckSymbolExists.c
Linking C executable cmTC_90d39
/usr/bin/cmake -E cmake_link_script CMakeFiles/cmTC_90d39.dir/link.txt --verbose=1
/usr/bin/cc  -idirafter "/home/taiwei/code/myBeijingHell/external/SDL2/src/video/khronos"  -D_GNU_SOURCE=1 -rdynamic CMakeFiles/cmTC_90d39.dir/CheckSymbolExists.c.o -o cmTC_90d39 
gmake[1]: Leaving directory '/home/taiwei/code/myBeijingHell/build/CMakeFiles/CMakeTmp'


File /home/taiwei/code/myBeijingHell/build/CMakeFiles/CMakeTmp/CheckSymbolExists.c:
/* */
#include <stddef.h>
#include <stdarg.h>
#include <stdlib.h>
#include <string.h>
#include <stdio.h>
#include <wchar.h>
#include <float.h>

int main(int argc, char** argv)
{
  (void)argv;
#ifndef unsetenv
  return ((int*)(&unsetenv))[argc];
#else
  (void)argc;
  return 0;
#endif
}
Determining if the bsearch exist passed with the following output:
Change Dir: /home/taiwei/code/myBeijingHell/build/CMakeFiles/CMakeTmp

Run Build Command(s):/usr/bin/gmake -f Makefile cmTC_457d2/fast && /usr/bin/gmake  -f CMakeFiles/cmTC_457d2.dir/build.make CMakeFiles/cmTC_457d2.dir/build
gmake[1]: Entering directory '/home/taiwei/code/myBeijingHell/build/CMakeFiles/CMakeTmp'
Building C object CMakeFiles/cmTC_457d2.dir/CheckSymbolExists.c.o
/usr/bin/cc   -idirafter "/home/taiwei/code/myBeijingHell/external/SDL2/src/video/khronos"  -D_GNU_SOURCE=1 -o CMakeFiles/cmTC_457d2.dir/CheckSymbolExists.c.o -c /home/taiwei/code/myBeijingHell/build/CMakeFiles/CMakeTmp/CheckSymbolExists.c
Linking C executable cmTC_457d2
/usr/bin/cmake -E cmake_link_script CMakeFiles/cmTC_457d2.dir/link.txt --verbose=1
/usr/bin/cc  -idirafter "/home/taiwei/code/myBeijingHell/external/SDL2/src/video/khronos"  -D_GNU_SOURCE=1 -rdynamic CMakeFiles/cmTC_457d2.dir/CheckSymbolExists.c.o -o cmTC_457d2 
gmake[1]: Leaving directory '/home/taiwei/code/myBeijingHell/build/CMakeFiles/CMakeTmp'


File /home/taiwei/code/myBeijingHell/build/CMakeFiles/CMakeTmp/CheckSymbolExists.c:
/* */
#include <stddef.h>
#include <stdarg.h>
#include <stdlib.h>
#include <string.h>
#include <stdio.h>
#include <wchar.h>
#include <float.h>

int main(int argc, char** argv)
{
  (void)argv;
#ifndef bsearch
  return ((int*)(&bsearch))[argc];
#else
  (void)argc;
  return 0;
#endif
}
Determining if the qsort exist passed with the following output:
Change Dir: /home/taiwei/code/myBeijingHell/build/CMakeFiles/CMakeTmp

Run Build Command(s):/usr/bin/gmake -f Makefile cmTC_12c7e/fast && /usr/bin/gmake  -f CMakeFiles/cmTC_12c7e.dir/build.make CMakeFiles/cmTC_12c7e.dir/build
gmake[1]: Entering directory '/home/taiwei/code/myBeijingHell/build/CMakeFiles/CMakeTmp'
Building C object CMakeFiles/cmTC_12c7e.dir/CheckSymbolExists.c.o
/usr/bin/cc   -idirafter "/home/taiwei/code/myBeijingHell/external/SDL2/src/video/khronos"  -D_GNU_SOURCE=1 -o CMakeFiles/cmTC_12c7e.dir/CheckSymbolExists.c.o -c /home/taiwei/code/myBeijingHell/build/CMakeFiles/CMakeTmp/CheckSymbolExists.c
Linking C executable cmTC_12c7e
/usr/bin/cmake -E cmake_link_script CMakeFiles/cmTC_12c7e.dir/link.txt --verbose=1
/usr/bin/cc  -idirafter "/home/taiwei/code/myBeijingHell/external/SDL2/src/video/khronos"  -D_GNU_SOURCE=1 -rdynamic CMakeFiles/cmTC_12c7e.dir/CheckSymbolExists.c.o -o cmTC_12c7e 
gmake[1]: Leaving directory '/home/taiwei/code/myBeijingHell/build/CMakeFiles/CMakeTmp'


File /home/taiwei/code/myBeijingHell/build/CMakeFiles/CMakeTmp/CheckSymbolExists.c:
/* */
#include <stddef.h>
#include <stdarg.h>
#include <stdlib.h>
#include <string.h>
#include <stdio.h>
#include <wchar.h>
#include <float.h>

int main(int argc, char** argv)
{
  (void)argv;
#ifndef qsort
  return ((int*)(&qsort))[argc];
#else
  (void)argc;
  return 0;
#endif
}
Determining if the abs exist passed with the following output:
Change Dir: /home/taiwei/code/myBeijingHell/build/CMakeFiles/CMakeTmp

Run Build Command(s):/usr/bin/gmake -f Makefile cmTC_6ddb6/fast && /usr/bin/gmake  -f CMakeFiles/cmTC_6ddb6.dir/build.make CMakeFiles/cmTC_6ddb6.dir/build
gmake[1]: Entering directory '/home/taiwei/code/myBeijingHell/build/CMakeFiles/CMakeTmp'
Building C object CMakeFiles/cmTC_6ddb6.dir/CheckSymbolExists.c.o
/usr/bin/cc   -idirafter "/home/taiwei/code/myBeijingHell/external/SDL2/src/video/khronos"  -D_GNU_SOURCE=1 -o CMakeFiles/cmTC_6ddb6.dir/CheckSymbolExists.c.o -c /home/taiwei/code/myBeijingHell/build/CMakeFiles/CMakeTmp/CheckSymbolExists.c
Linking C executable cmTC_6ddb6
/usr/bin/cmake -E cmake_link_script CMakeFiles/cmTC_6ddb6.dir/link.txt --verbose=1
/usr/bin/cc  -idirafter "/home/taiwei/code/myBeijingHell/external/SDL2/src/video/khronos"  -D_GNU_SOURCE=1 -rdynamic CMakeFiles/cmTC_6ddb6.dir/CheckSymbolExists.c.o -o cmTC_6ddb6 
gmake[1]: Leaving directory '/home/taiwei/code/myBeijingHell/build/CMakeFiles/CMakeTmp'


File /home/taiwei/code/myBeijingHell/build/CMakeFiles/CMakeTmp/CheckSymbolExists.c:
/* */
#include <stddef.h>
#include <stdarg.h>
#include <stdlib.h>
#include <string.h>
#include <stdio.h>
#include <wchar.h>
#include <float.h>

int main(int argc, char** argv)
{
  (void)argv;
#ifndef abs
  return ((int*)(&abs))[argc];
#else
  (void)argc;
  return 0;
#endif
}
Determining if the bcopy exist passed with the following output:
Change Dir: /home/taiwei/code/myBeijingHell/build/CMakeFiles/CMakeTmp

Run Build Command(s):/usr/bin/gmake -f Makefile cmTC_d39bf/fast && /usr/bin/gmake  -f CMakeFiles/cmTC_d39bf.dir/build.make CMakeFiles/cmTC_d39bf.dir/build
gmake[1]: Entering directory '/home/taiwei/code/myBeijingHell/build/CMakeFiles/CMakeTmp'
Building C object CMakeFiles/cmTC_d39bf.dir/CheckSymbolExists.c.o
/usr/bin/cc   -idirafter "/home/taiwei/code/myBeijingHell/external/SDL2/src/video/khronos"  -D_GNU_SOURCE=1 -o CMakeFiles/cmTC_d39bf.dir/CheckSymbolExists.c.o -c /home/taiwei/code/myBeijingHell/build/CMakeFiles/CMakeTmp/CheckSymbolExists.c
Linking C executable cmTC_d39bf
/usr/bin/cmake -E cmake_link_script CMakeFiles/cmTC_d39bf.dir/link.txt --verbose=1
/usr/bin/cc  -idirafter "/home/taiwei/code/myBeijingHell/external/SDL2/src/video/khronos"  -D_GNU_SOURCE=1 -rdynamic CMakeFiles/cmTC_d39bf.dir/CheckSymbolExists.c.o -o cmTC_d39bf 
gmake[1]: Leaving directory '/home/taiwei/code/myBeijingHell/build/CMakeFiles/CMakeTmp'


File /home/taiwei/code/myBeijingHell/build/CMakeFiles/CMakeTmp/CheckSymbolExists.c:
/* */
#include <stddef.h>
#include <stdarg.h>
#include <stdlib.h>
#include <string.h>
#include <stdio.h>
#include <wchar.h>
#include <float.h>

int main(int argc, char** argv)
{
  (void)argv;
#ifndef bcopy
  return ((int*)(&bcopy))[argc];
#else
  (void)argc;
  return 0;
#endif
}
Determining if the memset exist passed with the following output:
Change Dir: /home/taiwei/code/myBeijingHell/build/CMakeFiles/CMakeTmp

Run Build Command(s):/usr/bin/gmake -f Makefile cmTC_71b7b/fast && /usr/bin/gmake  -f CMakeFiles/cmTC_71b7b.dir/build.make CMakeFiles/cmTC_71b7b.dir/build
gmake[1]: Entering directory '/home/taiwei/code/myBeijingHell/build/CMakeFiles/CMakeTmp'
Building C object CMakeFiles/cmTC_71b7b.dir/CheckSymbolExists.c.o
/usr/bin/cc   -idirafter "/home/taiwei/code/myBeijingHell/external/SDL2/src/video/khronos"  -D_GNU_SOURCE=1 -o CMakeFiles/cmTC_71b7b.dir/CheckSymbolExists.c.o -c /home/taiwei/code/myBeijingHell/build/CMakeFiles/CMakeTmp/CheckSymbolExists.c
Linking C executable cmTC_71b7b
/usr/bin/cmake -E cmake_link_script CMakeFiles/cmTC_71b7b.dir/link.txt --verbose=1
/usr/bin/cc  -idirafter "/home/taiwei/code/myBeijingHell/external/SDL2/src/video/khronos"  -D_GNU_SOURCE=1 -rdynamic CMakeFiles/cmTC_71b7b.dir/CheckSymbolExists.c.o -o cmTC_71b7b 
gmake[1]: Leaving directory '/home/taiwei/code/myBeijingHell/build/CMakeFiles/CMakeTmp'


File /home/taiwei/code/myBeijingHell/build/CMakeFiles/CMakeTmp/CheckSymbolExists.c:
/* */
#include <stddef.h>
#include <stdarg.h>
#include <stdlib.h>
#include <string.h>
#include <stdio.h>
#include <wchar.h>
#include <float.h>

int main(int argc, char** argv)
{
  (void)argv;
#ifndef memset
  return ((int*)(&memset))[argc];
#else
  (void)argc;
  return 0;
#endif
}
Determining if the memcpy exist passed with the following output:
Change Dir: /home/taiwei/code/myBeijingHell/build/CMakeFiles/CMakeTmp

Run Build Command(s):/usr/bin/gmake -f Makefile cmTC_a7d98/fast && /usr/bin/gmake  -f CMakeFiles/cmTC_a7d98.dir/build.make CMakeFiles/cmTC_a7d98.dir/build
gmake[1]: Entering directory '/home/taiwei/code/myBeijingHell/build/CMakeFiles/CMakeTmp'
Building C object CMakeFiles/cmTC_a7d98.dir/CheckSymbolExists.c.o
/usr/bin/cc   -idirafter "/home/taiwei/code/myBeijingHell/external/SDL2/src/video/khronos"  -D_GNU_SOURCE=1 -o CMakeFiles/cmTC_a7d98.dir/CheckSymbolExists.c.o -c /home/taiwei/code/myBeijingHell/build/CMakeFiles/CMakeTmp/CheckSymbolExists.c
Linking C executable cmTC_a7d98
/usr/bin/cmake -E cmake_link_script CMakeFiles/cmTC_a7d98.dir/link.txt --verbose=1
/usr/bin/cc  -idirafter "/home/taiwei/code/myBeijingHell/external/SDL2/src/video/khronos"  -D_GNU_SOURCE=1 -rdynamic CMakeFiles/cmTC_a7d98.dir/CheckSymbolExists.c.o -o cmTC_a7d98 
gmake[1]: Leaving directory '/home/taiwei/code/myBeijingHell/build/CMakeFiles/CMakeTmp'


File /home/taiwei/code/myBeijingHell/build/CMakeFiles/CMakeTmp/CheckSymbolExists.c:
/* */
#include <stddef.h>
#include <stdarg.h>
#include <stdlib.h>
#include <string.h>
#include <stdio.h>
#include <wchar.h>
#include <float.h>

int main(int argc, char** argv)
{
  (void)argv;
#ifndef memcpy
  return ((int*)(&memcpy))[argc];
#else
  (void)argc;
  return 0;
#endif
}
Determining if the memmove exist passed with the following output:
Change Dir: /home/taiwei/code/myBeijingHell/build/CMakeFiles/CMakeTmp

Run Build Command(s):/usr/bin/gmake -f Makefile cmTC_e2899/fast && /usr/bin/gmake  -f CMakeFiles/cmTC_e2899.dir/build.make CMakeFiles/cmTC_e2899.dir/build
gmake[1]: Entering directory '/home/taiwei/code/myBeijingHell/build/CMakeFiles/CMakeTmp'
Building C object CMakeFiles/cmTC_e2899.dir/CheckSymbolExists.c.o
/usr/bin/cc   -idirafter "/home/taiwei/code/myBeijingHell/external/SDL2/src/video/khronos"  -D_GNU_SOURCE=1 -o CMakeFiles/cmTC_e2899.dir/CheckSymbolExists.c.o -c /home/taiwei/code/myBeijingHell/build/CMakeFiles/CMakeTmp/CheckSymbolExists.c
Linking C executable cmTC_e2899
/usr/bin/cmake -E cmake_link_script CMakeFiles/cmTC_e2899.dir/link.txt --verbose=1
/usr/bin/cc  -idirafter "/home/taiwei/code/myBeijingHell/external/SDL2/src/video/khronos"  -D_GNU_SOURCE=1 -rdynamic CMakeFiles/cmTC_e2899.dir/CheckSymbolExists.c.o -o cmTC_e2899 
gmake[1]: Leaving directory '/home/taiwei/code/myBeijingHell/build/CMakeFiles/CMakeTmp'


File /home/taiwei/code/myBeijingHell/build/CMakeFiles/CMakeTmp/CheckSymbolExists.c:
/* */
#include <stddef.h>
#include <stdarg.h>
#include <stdlib.h>
#include <string.h>
#include <stdio.h>
#include <wchar.h>
#include <float.h>

int main(int argc, char** argv)
{
  (void)argv;
#ifndef memmove
  return ((int*)(&memmove))[argc];
#else
  (void)argc;
  return 0;
#endif
}
Determining if the memcmp exist passed with the following output:
Change Dir: /home/taiwei/code/myBeijingHell/build/CMakeFiles/CMakeTmp

Run Build Command(s):/usr/bin/gmake -f Makefile cmTC_cc988/fast && /usr/bin/gmake  -f CMakeFiles/cmTC_cc988.dir/build.make CMakeFiles/cmTC_cc988.dir/build
gmake[1]: Entering directory '/home/taiwei/code/myBeijingHell/build/CMakeFiles/CMakeTmp'
Building C object CMakeFiles/cmTC_cc988.dir/CheckSymbolExists.c.o
/usr/bin/cc   -idirafter "/home/taiwei/code/myBeijingHell/external/SDL2/src/video/khronos"  -D_GNU_SOURCE=1 -o CMakeFiles/cmTC_cc988.dir/CheckSymbolExists.c.o -c /home/taiwei/code/myBeijingHell/build/CMakeFiles/CMakeTmp/CheckSymbolExists.c
Linking C executable cmTC_cc988
/usr/bin/cmake -E cmake_link_script CMakeFiles/cmTC_cc988.dir/link.txt --verbose=1
/usr/bin/cc  -idirafter "/home/taiwei/code/myBeijingHell/external/SDL2/src/video/khronos"  -D_GNU_SOURCE=1 -rdynamic CMakeFiles/cmTC_cc988.dir/CheckSymbolExists.c.o -o cmTC_cc988 
gmake[1]: Leaving directory '/home/taiwei/code/myBeijingHell/build/CMakeFiles/CMakeTmp'


File /home/taiwei/code/myBeijingHell/build/CMakeFiles/CMakeTmp/CheckSymbolExists.c:
/* */
#include <stddef.h>
#include <stdarg.h>
#include <stdlib.h>
#include <string.h>
#include <stdio.h>
#include <wchar.h>
#include <float.h>

int main(int argc, char** argv)
{
  (void)argv;
#ifndef memcmp
  return ((int*)(&memcmp))[argc];
#else
  (void)argc;
  return 0;
#endif
}
Determining if the strlen exist passed with the following output:
Change Dir: /home/taiwei/code/myBeijingHell/build/CMakeFiles/CMakeTmp

Run Build Command(s):/usr/bin/gmake -f Makefile cmTC_99bb9/fast && /usr/bin/gmake  -f CMakeFiles/cmTC_99bb9.dir/build.make CMakeFiles/cmTC_99bb9.dir/build
gmake[1]: Entering directory '/home/taiwei/code/myBeijingHell/build/CMakeFiles/CMakeTmp'
Building C object CMakeFiles/cmTC_99bb9.dir/CheckSymbolExists.c.o
/usr/bin/cc   -idirafter "/home/taiwei/code/myBeijingHell/external/SDL2/src/video/khronos"  -D_GNU_SOURCE=1 -o CMakeFiles/cmTC_99bb9.dir/CheckSymbolExists.c.o -c /home/taiwei/code/myBeijingHell/build/CMakeFiles/CMakeTmp/CheckSymbolExists.c
Linking C executable cmTC_99bb9
/usr/bin/cmake -E cmake_link_script CMakeFiles/cmTC_99bb9.dir/link.txt --verbose=1
/usr/bin/cc  -idirafter "/home/taiwei/code/myBeijingHell/external/SDL2/src/video/khronos"  -D_GNU_SOURCE=1 -rdynamic CMakeFiles/cmTC_99bb9.dir/CheckSymbolExists.c.o -o cmTC_99bb9 
gmake[1]: Leaving directory '/home/taiwei/code/myBeijingHell/build/CMakeFiles/CMakeTmp'


File /home/taiwei/code/myBeijingHell/build/CMakeFiles/CMakeTmp/CheckSymbolExists.c:
/* */
#include <stddef.h>
#include <stdarg.h>
#include <stdlib.h>
#include <string.h>
#include <stdio.h>
#include <wchar.h>
#include <float.h>

int main(int argc, char** argv)
{
  (void)argv;
#ifndef strlen
  return ((int*)(&strlen))[argc];
#else
  (void)argc;
  return 0;
#endif
}
Determining if the index exist passed with the following output:
Change Dir: /home/taiwei/code/myBeijingHell/build/CMakeFiles/CMakeTmp

Run Build Command(s):/usr/bin/gmake -f Makefile cmTC_7c143/fast && /usr/bin/gmake  -f CMakeFiles/cmTC_7c143.dir/build.make CMakeFiles/cmTC_7c143.dir/build
gmake[1]: Entering directory '/home/taiwei/code/myBeijingHell/build/CMakeFiles/CMakeTmp'
Building C object CMakeFiles/cmTC_7c143.dir/CheckSymbolExists.c.o
/usr/bin/cc   -idirafter "/home/taiwei/code/myBeijingHell/external/SDL2/src/video/khronos"  -D_GNU_SOURCE=1 -o CMakeFiles/cmTC_7c143.dir/CheckSymbolExists.c.o -c /home/taiwei/code/myBeijingHell/build/CMakeFiles/CMakeTmp/CheckSymbolExists.c
Linking C executable cmTC_7c143
/usr/bin/cmake -E cmake_link_script CMakeFiles/cmTC_7c143.dir/link.txt --verbose=1
/usr/bin/cc  -idirafter "/home/taiwei/code/myBeijingHell/external/SDL2/src/video/khronos"  -D_GNU_SOURCE=1 -rdynamic CMakeFiles/cmTC_7c143.dir/CheckSymbolExists.c.o -o cmTC_7c143 
gmake[1]: Leaving directory '/home/taiwei/code/myBeijingHell/build/CMakeFiles/CMakeTmp'


File /home/taiwei/code/myBeijingHell/build/CMakeFiles/CMakeTmp/CheckSymbolExists.c:
/* */
#include <stddef.h>
#include <stdarg.h>
#include <stdlib.h>
#include <string.h>
#include <stdio.h>
#include <wchar.h>
#include <float.h>

int main(int argc, char** argv)
{
  (void)argv;
#ifndef index
  return ((int*)(&index))[argc];
#else
  (void)argc;
  return 0;
#endif
}
Determining if the rindex exist passed with the following output:
Change Dir: /home/taiwei/code/myBeijingHell/build/CMakeFiles/CMakeTmp

Run Build Command(s):/usr/bin/gmake -f Makefile cmTC_c6784/fast && /usr/bin/gmake  -f CMakeFiles/cmTC_c6784.dir/build.make CMakeFiles/cmTC_c6784.dir/build
gmake[1]: Entering directory '/home/taiwei/code/myBeijingHell/build/CMakeFiles/CMakeTmp'
Building C object CMakeFiles/cmTC_c6784.dir/CheckSymbolExists.c.o
/usr/bin/cc   -idirafter "/home/taiwei/code/myBeijingHell/external/SDL2/src/video/khronos"  -D_GNU_SOURCE=1 -o CMakeFiles/cmTC_c6784.dir/CheckSymbolExists.c.o -c /home/taiwei/code/myBeijingHell/build/CMakeFiles/CMakeTmp/CheckSymbolExists.c
Linking C executable cmTC_c6784
/usr/bin/cmake -E cmake_link_script CMakeFiles/cmTC_c6784.dir/link.txt --verbose=1
/usr/bin/cc  -idirafter "/home/taiwei/code/myBeijingHell/external/SDL2/src/video/khronos"  -D_GNU_SOURCE=1 -rdynamic CMakeFiles/cmTC_c6784.dir/CheckSymbolExists.c.o -o cmTC_c6784 
gmake[1]: Leaving directory '/home/taiwei/code/myBeijingHell/build/CMakeFiles/CMakeTmp'


File /home/taiwei/code/myBeijingHell/build/CMakeFiles/CMakeTmp/CheckSymbolExists.c:
/* */
#include <stddef.h>
#include <stdarg.h>
#include <stdlib.h>
#include <string.h>
#include <stdio.h>
#include <wchar.h>
#include <float.h>

int main(int argc, char** argv)
{
  (void)argv;
#ifndef rindex
  return ((int*)(&rindex))[argc];
#else
  (void)argc;
  return 0;
#endif
}
Determining if the strchr exist passed with the following output:
Change Dir: /home/taiwei/code/myBeijingHell/build/CMakeFiles/CMakeTmp

Run Build Command(s):/usr/bin/gmake -f Makefile cmTC_775cb/fast && /usr/bin/gmake  -f CMakeFiles/cmTC_775cb.dir/build.make CMakeFiles/cmTC_775cb.dir/build
gmake[1]: Entering directory '/home/taiwei/code/myBeijingHell/build/CMakeFiles/CMakeTmp'
Building C object CMakeFiles/cmTC_775cb.dir/CheckSymbolExists.c.o
/usr/bin/cc   -idirafter "/home/taiwei/code/myBeijingHell/external/SDL2/src/video/khronos"  -D_GNU_SOURCE=1 -o CMakeFiles/cmTC_775cb.dir/CheckSymbolExists.c.o -c /home/taiwei/code/myBeijingHell/build/CMakeFiles/CMakeTmp/CheckSymbolExists.c
Linking C executable cmTC_775cb
/usr/bin/cmake -E cmake_link_script CMakeFiles/cmTC_775cb.dir/link.txt --verbose=1
/usr/bin/cc  -idirafter "/home/taiwei/code/myBeijingHell/external/SDL2/src/video/khronos"  -D_GNU_SOURCE=1 -rdynamic CMakeFiles/cmTC_775cb.dir/CheckSymbolExists.c.o -o cmTC_775cb 
gmake[1]: Leaving directory '/home/taiwei/code/myBeijingHell/build/CMakeFiles/CMakeTmp'


File /home/taiwei/code/myBeijingHell/build/CMakeFiles/CMakeTmp/CheckSymbolExists.c:
/* */
#include <stddef.h>
#include <stdarg.h>
#include <stdlib.h>
#include <string.h>
#include <stdio.h>
#include <wchar.h>
#include <float.h>

int main(int argc, char** argv)
{
  (void)argv;
#ifndef strchr
  return ((int*)(&strchr))[argc];
#else
  (void)argc;
  return 0;
#endif
}
Determining if the strrchr exist passed with the following output:
Change Dir: /home/taiwei/code/myBeijingHell/build/CMakeFiles/CMakeTmp

Run Build Command(s):/usr/bin/gmake -f Makefile cmTC_9cc48/fast && /usr/bin/gmake  -f CMakeFiles/cmTC_9cc48.dir/build.make CMakeFiles/cmTC_9cc48.dir/build
gmake[1]: Entering directory '/home/taiwei/code/myBeijingHell/build/CMakeFiles/CMakeTmp'
Building C object CMakeFiles/cmTC_9cc48.dir/CheckSymbolExists.c.o
/usr/bin/cc   -idirafter "/home/taiwei/code/myBeijingHell/external/SDL2/src/video/khronos"  -D_GNU_SOURCE=1 -o CMakeFiles/cmTC_9cc48.dir/CheckSymbolExists.c.o -c /home/taiwei/code/myBeijingHell/build/CMakeFiles/CMakeTmp/CheckSymbolExists.c
Linking C executable cmTC_9cc48
/usr/bin/cmake -E cmake_link_script CMakeFiles/cmTC_9cc48.dir/link.txt --verbose=1
/usr/bin/cc  -idirafter "/home/taiwei/code/myBeijingHell/external/SDL2/src/video/khronos"  -D_GNU_SOURCE=1 -rdynamic CMakeFiles/cmTC_9cc48.dir/CheckSymbolExists.c.o -o cmTC_9cc48 
gmake[1]: Leaving directory '/home/taiwei/code/myBeijingHell/build/CMakeFiles/CMakeTmp'


File /home/taiwei/code/myBeijingHell/build/CMakeFiles/CMakeTmp/CheckSymbolExists.c:
/* */
#include <stddef.h>
#include <stdarg.h>
#include <stdlib.h>
#include <string.h>
#include <stdio.h>
#include <wchar.h>
#include <float.h>

int main(int argc, char** argv)
{
  (void)argv;
#ifndef strrchr
  return ((int*)(&strrchr))[argc];
#else
  (void)argc;
  return 0;
#endif
}
Determining if the strstr exist passed with the following output:
Change Dir: /home/taiwei/code/myBeijingHell/build/CMakeFiles/CMakeTmp

Run Build Command(s):/usr/bin/gmake -f Makefile cmTC_a20e9/fast && /usr/bin/gmake  -f CMakeFiles/cmTC_a20e9.dir/build.make CMakeFiles/cmTC_a20e9.dir/build
gmake[1]: Entering directory '/home/taiwei/code/myBeijingHell/build/CMakeFiles/CMakeTmp'
Building C object CMakeFiles/cmTC_a20e9.dir/CheckSymbolExists.c.o
/usr/bin/cc   -idirafter "/home/taiwei/code/myBeijingHell/external/SDL2/src/video/khronos"  -D_GNU_SOURCE=1 -o CMakeFiles/cmTC_a20e9.dir/CheckSymbolExists.c.o -c /home/taiwei/code/myBeijingHell/build/CMakeFiles/CMakeTmp/CheckSymbolExists.c
Linking C executable cmTC_a20e9
/usr/bin/cmake -E cmake_link_script CMakeFiles/cmTC_a20e9.dir/link.txt --verbose=1
/usr/bin/cc  -idirafter "/home/taiwei/code/myBeijingHell/external/SDL2/src/video/khronos"  -D_GNU_SOURCE=1 -rdynamic CMakeFiles/cmTC_a20e9.dir/CheckSymbolExists.c.o -o cmTC_a20e9 
gmake[1]: Leaving directory '/home/taiwei/code/myBeijingHell/build/CMakeFiles/CMakeTmp'


File /home/taiwei/code/myBeijingHell/build/CMakeFiles/CMakeTmp/CheckSymbolExists.c:
/* */
#include <stddef.h>
#include <stdarg.h>
#include <stdlib.h>
#include <string.h>
#include <stdio.h>
#include <wchar.h>
#include <float.h>

int main(int argc, char** argv)
{
  (void)argv;
#ifndef strstr
  return ((int*)(&strstr))[argc];
#else
  (void)argc;
  return 0;
#endif
}
Determining if the strtok_r exist passed with the following output:
Change Dir: /home/taiwei/code/myBeijingHell/build/CMakeFiles/CMakeTmp

Run Build Command(s):/usr/bin/gmake -f Makefile cmTC_de810/fast && /usr/bin/gmake  -f CMakeFiles/cmTC_de810.dir/build.make CMakeFiles/cmTC_de810.dir/build
gmake[1]: Entering directory '/home/taiwei/code/myBeijingHell/build/CMakeFiles/CMakeTmp'
Building C object CMakeFiles/cmTC_de810.dir/CheckSymbolExists.c.o
/usr/bin/cc   -idirafter "/home/taiwei/code/myBeijingHell/external/SDL2/src/video/khronos"  -D_GNU_SOURCE=1 -o CMakeFiles/cmTC_de810.dir/CheckSymbolExists.c.o -c /home/taiwei/code/myBeijingHell/build/CMakeFiles/CMakeTmp/CheckSymbolExists.c
Linking C executable cmTC_de810
/usr/bin/cmake -E cmake_link_script CMakeFiles/cmTC_de810.dir/link.txt --verbose=1
/usr/bin/cc  -idirafter "/home/taiwei/code/myBeijingHell/external/SDL2/src/video/khronos"  -D_GNU_SOURCE=1 -rdynamic CMakeFiles/cmTC_de810.dir/CheckSymbolExists.c.o -o cmTC_de810 
gmake[1]: Leaving directory '/home/taiwei/code/myBeijingHell/build/CMakeFiles/CMakeTmp'


File /home/taiwei/code/myBeijingHell/build/CMakeFiles/CMakeTmp/CheckSymbolExists.c:
/* */
#include <stddef.h>
#include <stdarg.h>
#include <stdlib.h>
#include <string.h>
#include <stdio.h>
#include <wchar.h>
#include <float.h>

int main(int argc, char** argv)
{
  (void)argv;
#ifndef strtok_r
  return ((int*)(&strtok_r))[argc];
#else
  (void)argc;
  return 0;
#endif
}
Determining if the strtol exist passed with the following output:
Change Dir: /home/taiwei/code/myBeijingHell/build/CMakeFiles/CMakeTmp

Run Build Command(s):/usr/bin/gmake -f Makefile cmTC_42984/fast && /usr/bin/gmake  -f CMakeFiles/cmTC_42984.dir/build.make CMakeFiles/cmTC_42984.dir/build
gmake[1]: Entering directory '/home/taiwei/code/myBeijingHell/build/CMakeFiles/CMakeTmp'
Building C object CMakeFiles/cmTC_42984.dir/CheckSymbolExists.c.o
/usr/bin/cc   -idirafter "/home/taiwei/code/myBeijingHell/external/SDL2/src/video/khronos"  -D_GNU_SOURCE=1 -o CMakeFiles/cmTC_42984.dir/CheckSymbolExists.c.o -c /home/taiwei/code/myBeijingHell/build/CMakeFiles/CMakeTmp/CheckSymbolExists.c
Linking C executable cmTC_42984
/usr/bin/cmake -E cmake_link_script CMakeFiles/cmTC_42984.dir/link.txt --verbose=1
/usr/bin/cc  -idirafter "/home/taiwei/code/myBeijingHell/external/SDL2/src/video/khronos"  -D_GNU_SOURCE=1 -rdynamic CMakeFiles/cmTC_42984.dir/CheckSymbolExists.c.o -o cmTC_42984 
gmake[1]: Leaving directory '/home/taiwei/code/myBeijingHell/build/CMakeFiles/CMakeTmp'


File /home/taiwei/code/myBeijingHell/build/CMakeFiles/CMakeTmp/CheckSymbolExists.c:
/* */
#include <stddef.h>
#include <stdarg.h>
#include <stdlib.h>
#include <string.h>
#include <stdio.h>
#include <wchar.h>
#include <float.h>

int main(int argc, char** argv)
{
  (void)argv;
#ifndef strtol
  return ((int*)(&strtol))[argc];
#else
  (void)argc;
  return 0;
#endif
}
Determining if the strtoul exist passed with the following output:
Change Dir: /home/taiwei/code/myBeijingHell/build/CMakeFiles/CMakeTmp

Run Build Command(s):/usr/bin/gmake -f Makefile cmTC_d12c2/fast && /usr/bin/gmake  -f CMakeFiles/cmTC_d12c2.dir/build.make CMakeFiles/cmTC_d12c2.dir/build
gmake[1]: Entering directory '/home/taiwei/code/myBeijingHell/build/CMakeFiles/CMakeTmp'
Building C object CMakeFiles/cmTC_d12c2.dir/CheckSymbolExists.c.o
/usr/bin/cc   -idirafter "/home/taiwei/code/myBeijingHell/external/SDL2/src/video/khronos"  -D_GNU_SOURCE=1 -o CMakeFiles/cmTC_d12c2.dir/CheckSymbolExists.c.o -c /home/taiwei/code/myBeijingHell/build/CMakeFiles/CMakeTmp/CheckSymbolExists.c
Linking C executable cmTC_d12c2
/usr/bin/cmake -E cmake_link_script CMakeFiles/cmTC_d12c2.dir/link.txt --verbose=1
/usr/bin/cc  -idirafter "/home/taiwei/code/myBeijingHell/external/SDL2/src/video/khronos"  -D_GNU_SOURCE=1 -rdynamic CMakeFiles/cmTC_d12c2.dir/CheckSymbolExists.c.o -o cmTC_d12c2 
gmake[1]: Leaving directory '/home/taiwei/code/myBeijingHell/build/CMakeFiles/CMakeTmp'


File /home/taiwei/code/myBeijingHell/build/CMakeFiles/CMakeTmp/CheckSymbolExists.c:
/* */
#include <stddef.h>
#include <stdarg.h>
#include <stdlib.h>
#include <string.h>
#include <stdio.h>
#include <wchar.h>
#include <float.h>

int main(int argc, char** argv)
{
  (void)argv;
#ifndef strtoul
  return ((int*)(&strtoul))[argc];
#else
  (void)argc;
  return 0;
#endif
}
Determining if the strtoll exist passed with the following output:
Change Dir: /home/taiwei/code/myBeijingHell/build/CMakeFiles/CMakeTmp

Run Build Command(s):/usr/bin/gmake -f Makefile cmTC_ad3d4/fast && /usr/bin/gmake  -f CMakeFiles/cmTC_ad3d4.dir/build.make CMakeFiles/cmTC_ad3d4.dir/build
gmake[1]: Entering directory '/home/taiwei/code/myBeijingHell/build/CMakeFiles/CMakeTmp'
Building C object CMakeFiles/cmTC_ad3d4.dir/CheckSymbolExists.c.o
/usr/bin/cc   -idirafter "/home/taiwei/code/myBeijingHell/external/SDL2/src/video/khronos"  -D_GNU_SOURCE=1 -o CMakeFiles/cmTC_ad3d4.dir/CheckSymbolExists.c.o -c /home/taiwei/code/myBeijingHell/build/CMakeFiles/CMakeTmp/CheckSymbolExists.c
Linking C executable cmTC_ad3d4
/usr/bin/cmake -E cmake_link_script CMakeFiles/cmTC_ad3d4.dir/link.txt --verbose=1
/usr/bin/cc  -idirafter "/home/taiwei/code/myBeijingHell/external/SDL2/src/video/khronos"  -D_GNU_SOURCE=1 -rdynamic CMakeFiles/cmTC_ad3d4.dir/CheckSymbolExists.c.o -o cmTC_ad3d4 
gmake[1]: Leaving directory '/home/taiwei/code/myBeijingHell/build/CMakeFiles/CMakeTmp'


File /home/taiwei/code/myBeijingHell/build/CMakeFiles/CMakeTmp/CheckSymbolExists.c:
/* */
#include <stddef.h>
#include <stdarg.h>
#include <stdlib.h>
#include <string.h>
#include <stdio.h>
#include <wchar.h>
#include <float.h>

int main(int argc, char** argv)
{
  (void)argv;
#ifndef strtoll
  return ((int*)(&strtoll))[argc];
#else
  (void)argc;
  return 0;
#endif
}
Determining if the strtoull exist passed with the following output:
Change Dir: /home/taiwei/code/myBeijingHell/build/CMakeFiles/CMakeTmp

Run Build Command(s):/usr/bin/gmake -f Makefile cmTC_0388e/fast && /usr/bin/gmake  -f CMakeFiles/cmTC_0388e.dir/build.make CMakeFiles/cmTC_0388e.dir/build
gmake[1]: Entering directory '/home/taiwei/code/myBeijingHell/build/CMakeFiles/CMakeTmp'
Building C object CMakeFiles/cmTC_0388e.dir/CheckSymbolExists.c.o
/usr/bin/cc   -idirafter "/home/taiwei/code/myBeijingHell/external/SDL2/src/video/khronos"  -D_GNU_SOURCE=1 -o CMakeFiles/cmTC_0388e.dir/CheckSymbolExists.c.o -c /home/taiwei/code/myBeijingHell/build/CMakeFiles/CMakeTmp/CheckSymbolExists.c
Linking C executable cmTC_0388e
/usr/bin/cmake -E cmake_link_script CMakeFiles/cmTC_0388e.dir/link.txt --verbose=1
/usr/bin/cc  -idirafter "/home/taiwei/code/myBeijingHell/external/SDL2/src/video/khronos"  -D_GNU_SOURCE=1 -rdynamic CMakeFiles/cmTC_0388e.dir/CheckSymbolExists.c.o -o cmTC_0388e 
gmake[1]: Leaving directory '/home/taiwei/code/myBeijingHell/build/CMakeFiles/CMakeTmp'


File /home/taiwei/code/myBeijingHell/build/CMakeFiles/CMakeTmp/CheckSymbolExists.c:
/* */
#include <stddef.h>
#include <stdarg.h>
#include <stdlib.h>
#include <string.h>
#include <stdio.h>
#include <wchar.h>
#include <float.h>

int main(int argc, char** argv)
{
  (void)argv;
#ifndef strtoull
  return ((int*)(&strtoull))[argc];
#else
  (void)argc;
  return 0;
#endif
}
Determining if the atoi exist passed with the following output:
Change Dir: /home/taiwei/code/myBeijingHell/build/CMakeFiles/CMakeTmp

Run Build Command(s):/usr/bin/gmake -f Makefile cmTC_a1cbc/fast && /usr/bin/gmake  -f CMakeFiles/cmTC_a1cbc.dir/build.make CMakeFiles/cmTC_a1cbc.dir/build
gmake[1]: Entering directory '/home/taiwei/code/myBeijingHell/build/CMakeFiles/CMakeTmp'
Building C object CMakeFiles/cmTC_a1cbc.dir/CheckSymbolExists.c.o
/usr/bin/cc   -idirafter "/home/taiwei/code/myBeijingHell/external/SDL2/src/video/khronos"  -D_GNU_SOURCE=1 -o CMakeFiles/cmTC_a1cbc.dir/CheckSymbolExists.c.o -c /home/taiwei/code/myBeijingHell/build/CMakeFiles/CMakeTmp/CheckSymbolExists.c
Linking C executable cmTC_a1cbc
/usr/bin/cmake -E cmake_link_script CMakeFiles/cmTC_a1cbc.dir/link.txt --verbose=1
/usr/bin/cc  -idirafter "/home/taiwei/code/myBeijingHell/external/SDL2/src/video/khronos"  -D_GNU_SOURCE=1 -rdynamic CMakeFiles/cmTC_a1cbc.dir/CheckSymbolExists.c.o -o cmTC_a1cbc 
gmake[1]: Leaving directory '/home/taiwei/code/myBeijingHell/build/CMakeFiles/CMakeTmp'


File /home/taiwei/code/myBeijingHell/build/CMakeFiles/CMakeTmp/CheckSymbolExists.c:
/* */
#include <stddef.h>
#include <stdarg.h>
#include <stdlib.h>
#include <string.h>
#include <stdio.h>
#include <wchar.h>
#include <float.h>

int main(int argc, char** argv)
{
  (void)argv;
#ifndef atoi
  return ((int*)(&atoi))[argc];
#else
  (void)argc;
  return 0;
#endif
}
Determining if the atof exist passed with the following output:
Change Dir: /home/taiwei/code/myBeijingHell/build/CMakeFiles/CMakeTmp

Run Build Command(s):/usr/bin/gmake -f Makefile cmTC_521a8/fast && /usr/bin/gmake  -f CMakeFiles/cmTC_521a8.dir/build.make CMakeFiles/cmTC_521a8.dir/build
gmake[1]: Entering directory '/home/taiwei/code/myBeijingHell/build/CMakeFiles/CMakeTmp'
Building C object CMakeFiles/cmTC_521a8.dir/CheckSymbolExists.c.o
/usr/bin/cc   -idirafter "/home/taiwei/code/myBeijingHell/external/SDL2/src/video/khronos"  -D_GNU_SOURCE=1 -o CMakeFiles/cmTC_521a8.dir/CheckSymbolExists.c.o -c /home/taiwei/code/myBeijingHell/build/CMakeFiles/CMakeTmp/CheckSymbolExists.c
Linking C executable cmTC_521a8
/usr/bin/cmake -E cmake_link_script CMakeFiles/cmTC_521a8.dir/link.txt --verbose=1
/usr/bin/cc  -idirafter "/home/taiwei/code/myBeijingHell/external/SDL2/src/video/khronos"  -D_GNU_SOURCE=1 -rdynamic CMakeFiles/cmTC_521a8.dir/CheckSymbolExists.c.o -o cmTC_521a8 
gmake[1]: Leaving directory '/home/taiwei/code/myBeijingHell/build/CMakeFiles/CMakeTmp'


File /home/taiwei/code/myBeijingHell/build/CMakeFiles/CMakeTmp/CheckSymbolExists.c:
/* */
#include <stddef.h>
#include <stdarg.h>
#include <stdlib.h>
#include <string.h>
#include <stdio.h>
#include <wchar.h>
#include <float.h>

int main(int argc, char** argv)
{
  (void)argv;
#ifndef atof
  return ((int*)(&atof))[argc];
#else
  (void)argc;
  return 0;
#endif
}
Determining if the strcmp exist passed with the following output:
Change Dir: /home/taiwei/code/myBeijingHell/build/CMakeFiles/CMakeTmp

Run Build Command(s):/usr/bin/gmake -f Makefile cmTC_db72a/fast && /usr/bin/gmake  -f CMakeFiles/cmTC_db72a.dir/build.make CMakeFiles/cmTC_db72a.dir/build
gmake[1]: Entering directory '/home/taiwei/code/myBeijingHell/build/CMakeFiles/CMakeTmp'
Building C object CMakeFiles/cmTC_db72a.dir/CheckSymbolExists.c.o
/usr/bin/cc   -idirafter "/home/taiwei/code/myBeijingHell/external/SDL2/src/video/khronos"  -D_GNU_SOURCE=1 -o CMakeFiles/cmTC_db72a.dir/CheckSymbolExists.c.o -c /home/taiwei/code/myBeijingHell/build/CMakeFiles/CMakeTmp/CheckSymbolExists.c
Linking C executable cmTC_db72a
/usr/bin/cmake -E cmake_link_script CMakeFiles/cmTC_db72a.dir/link.txt --verbose=1
/usr/bin/cc  -idirafter "/home/taiwei/code/myBeijingHell/external/SDL2/src/video/khronos"  -D_GNU_SOURCE=1 -rdynamic CMakeFiles/cmTC_db72a.dir/CheckSymbolExists.c.o -o cmTC_db72a 
gmake[1]: Leaving directory '/home/taiwei/code/myBeijingHell/build/CMakeFiles/CMakeTmp'


File /home/taiwei/code/myBeijingHell/build/CMakeFiles/CMakeTmp/CheckSymbolExists.c:
/* */
#include <stddef.h>
#include <stdarg.h>
#include <stdlib.h>
#include <string.h>
#include <stdio.h>
#include <wchar.h>
#include <float.h>

int main(int argc, char** argv)
{
  (void)argv;
#ifndef strcmp
  return ((int*)(&strcmp))[argc];
#else
  (void)argc;
  return 0;
#endif
}
Determining if the strncmp exist passed with the following output:
Change Dir: /home/taiwei/code/myBeijingHell/build/CMakeFiles/CMakeTmp

Run Build Command(s):/usr/bin/gmake -f Makefile cmTC_5823a/fast && /usr/bin/gmake  -f CMakeFiles/cmTC_5823a.dir/build.make CMakeFiles/cmTC_5823a.dir/build
gmake[1]: Entering directory '/home/taiwei/code/myBeijingHell/build/CMakeFiles/CMakeTmp'
Building C object CMakeFiles/cmTC_5823a.dir/CheckSymbolExists.c.o
/usr/bin/cc   -idirafter "/home/taiwei/code/myBeijingHell/external/SDL2/src/video/khronos"  -D_GNU_SOURCE=1 -o CMakeFiles/cmTC_5823a.dir/CheckSymbolExists.c.o -c /home/taiwei/code/myBeijingHell/build/CMakeFiles/CMakeTmp/CheckSymbolExists.c
Linking C executable cmTC_5823a
/usr/bin/cmake -E cmake_link_script CMakeFiles/cmTC_5823a.dir/link.txt --verbose=1
/usr/bin/cc  -idirafter "/home/taiwei/code/myBeijingHell/external/SDL2/src/video/khronos"  -D_GNU_SOURCE=1 -rdynamic CMakeFiles/cmTC_5823a.dir/CheckSymbolExists.c.o -o cmTC_5823a 
gmake[1]: Leaving directory '/home/taiwei/code/myBeijingHell/build/CMakeFiles/CMakeTmp'


File /home/taiwei/code/myBeijingHell/build/CMakeFiles/CMakeTmp/CheckSymbolExists.c:
/* */
#include <stddef.h>
#include <stdarg.h>
#include <stdlib.h>
#include <string.h>
#include <stdio.h>
#include <wchar.h>
#include <float.h>

int main(int argc, char** argv)
{
  (void)argv;
#ifndef strncmp
  return ((int*)(&strncmp))[argc];
#else
  (void)argc;
  return 0;
#endif
}
Determining if the strcasecmp exist passed with the following output:
Change Dir: /home/taiwei/code/myBeijingHell/build/CMakeFiles/CMakeTmp

Run Build Command(s):/usr/bin/gmake -f Makefile cmTC_9c53c/fast && /usr/bin/gmake  -f CMakeFiles/cmTC_9c53c.dir/build.make CMakeFiles/cmTC_9c53c.dir/build
gmake[1]: Entering directory '/home/taiwei/code/myBeijingHell/build/CMakeFiles/CMakeTmp'
Building C object CMakeFiles/cmTC_9c53c.dir/CheckSymbolExists.c.o
/usr/bin/cc   -idirafter "/home/taiwei/code/myBeijingHell/external/SDL2/src/video/khronos"  -D_GNU_SOURCE=1 -o CMakeFiles/cmTC_9c53c.dir/CheckSymbolExists.c.o -c /home/taiwei/code/myBeijingHell/build/CMakeFiles/CMakeTmp/CheckSymbolExists.c
Linking C executable cmTC_9c53c
/usr/bin/cmake -E cmake_link_script CMakeFiles/cmTC_9c53c.dir/link.txt --verbose=1
/usr/bin/cc  -idirafter "/home/taiwei/code/myBeijingHell/external/SDL2/src/video/khronos"  -D_GNU_SOURCE=1 -rdynamic CMakeFiles/cmTC_9c53c.dir/CheckSymbolExists.c.o -o cmTC_9c53c 
gmake[1]: Leaving directory '/home/taiwei/code/myBeijingHell/build/CMakeFiles/CMakeTmp'


File /home/taiwei/code/myBeijingHell/build/CMakeFiles/CMakeTmp/CheckSymbolExists.c:
/* */
#include <stddef.h>
#include <stdarg.h>
#include <stdlib.h>
#include <string.h>
#include <stdio.h>
#include <wchar.h>
#include <float.h>

int main(int argc, char** argv)
{
  (void)argv;
#ifndef strcasecmp
  return ((int*)(&strcasecmp))[argc];
#else
  (void)argc;
  return 0;
#endif
}
Determining if the strncasecmp exist passed with the following output:
Change Dir: /home/taiwei/code/myBeijingHell/build/CMakeFiles/CMakeTmp

Run Build Command(s):/usr/bin/gmake -f Makefile cmTC_b2bcc/fast && /usr/bin/gmake  -f CMakeFiles/cmTC_b2bcc.dir/build.make CMakeFiles/cmTC_b2bcc.dir/build
gmake[1]: Entering directory '/home/taiwei/code/myBeijingHell/build/CMakeFiles/CMakeTmp'
Building C object CMakeFiles/cmTC_b2bcc.dir/CheckSymbolExists.c.o
/usr/bin/cc   -idirafter "/home/taiwei/code/myBeijingHell/external/SDL2/src/video/khronos"  -D_GNU_SOURCE=1 -o CMakeFiles/cmTC_b2bcc.dir/CheckSymbolExists.c.o -c /home/taiwei/code/myBeijingHell/build/CMakeFiles/CMakeTmp/CheckSymbolExists.c
Linking C executable cmTC_b2bcc
/usr/bin/cmake -E cmake_link_script CMakeFiles/cmTC_b2bcc.dir/link.txt --verbose=1
/usr/bin/cc  -idirafter "/home/taiwei/code/myBeijingHell/external/SDL2/src/video/khronos"  -D_GNU_SOURCE=1 -rdynamic CMakeFiles/cmTC_b2bcc.dir/CheckSymbolExists.c.o -o cmTC_b2bcc 
gmake[1]: Leaving directory '/home/taiwei/code/myBeijingHell/build/CMakeFiles/CMakeTmp'


File /home/taiwei/code/myBeijingHell/build/CMakeFiles/CMakeTmp/CheckSymbolExists.c:
/* */
#include <stddef.h>
#include <stdarg.h>
#include <stdlib.h>
#include <string.h>
#include <stdio.h>
#include <wchar.h>
#include <float.h>

int main(int argc, char** argv)
{
  (void)argv;
#ifndef strncasecmp
  return ((int*)(&strncasecmp))[argc];
#else
  (void)argc;
  return 0;
#endif
}
Determining if the strcasestr exist passed with the following output:
Change Dir: /home/taiwei/code/myBeijingHell/build/CMakeFiles/CMakeTmp

Run Build Command(s):/usr/bin/gmake -f Makefile cmTC_88a75/fast && /usr/bin/gmake  -f CMakeFiles/cmTC_88a75.dir/build.make CMakeFiles/cmTC_88a75.dir/build
gmake[1]: Entering directory '/home/taiwei/code/myBeijingHell/build/CMakeFiles/CMakeTmp'
Building C object CMakeFiles/cmTC_88a75.dir/CheckSymbolExists.c.o
/usr/bin/cc   -idirafter "/home/taiwei/code/myBeijingHell/external/SDL2/src/video/khronos"  -D_GNU_SOURCE=1 -o CMakeFiles/cmTC_88a75.dir/CheckSymbolExists.c.o -c /home/taiwei/code/myBeijingHell/build/CMakeFiles/CMakeTmp/CheckSymbolExists.c
Linking C executable cmTC_88a75
/usr/bin/cmake -E cmake_link_script CMakeFiles/cmTC_88a75.dir/link.txt --verbose=1
/usr/bin/cc  -idirafter "/home/taiwei/code/myBeijingHell/external/SDL2/src/video/khronos"  -D_GNU_SOURCE=1 -rdynamic CMakeFiles/cmTC_88a75.dir/CheckSymbolExists.c.o -o cmTC_88a75 
gmake[1]: Leaving directory '/home/taiwei/code/myBeijingHell/build/CMakeFiles/CMakeTmp'


File /home/taiwei/code/myBeijingHell/build/CMakeFiles/CMakeTmp/CheckSymbolExists.c:
/* */
#include <stddef.h>
#include <stdarg.h>
#include <stdlib.h>
#include <string.h>
#include <stdio.h>
#include <wchar.h>
#include <float.h>

int main(int argc, char** argv)
{
  (void)argv;
#ifndef strcasestr
  return ((int*)(&strcasestr))[argc];
#else
  (void)argc;
  return 0;
#endif
}
Determining if the wcscmp exist passed with the following output:
Change Dir: /home/taiwei/code/myBeijingHell/build/CMakeFiles/CMakeTmp

Run Build Command(s):/usr/bin/gmake -f Makefile cmTC_f5e3c/fast && /usr/bin/gmake  -f CMakeFiles/cmTC_f5e3c.dir/build.make CMakeFiles/cmTC_f5e3c.dir/build
gmake[1]: Entering directory '/home/taiwei/code/myBeijingHell/build/CMakeFiles/CMakeTmp'
Building C object CMakeFiles/cmTC_f5e3c.dir/CheckSymbolExists.c.o
/usr/bin/cc   -idirafter "/home/taiwei/code/myBeijingHell/external/SDL2/src/video/khronos"  -D_GNU_SOURCE=1 -o CMakeFiles/cmTC_f5e3c.dir/CheckSymbolExists.c.o -c /home/taiwei/code/myBeijingHell/build/CMakeFiles/CMakeTmp/CheckSymbolExists.c
Linking C executable cmTC_f5e3c
/usr/bin/cmake -E cmake_link_script CMakeFiles/cmTC_f5e3c.dir/link.txt --verbose=1
/usr/bin/cc  -idirafter "/home/taiwei/code/myBeijingHell/external/SDL2/src/video/khronos"  -D_GNU_SOURCE=1 -rdynamic CMakeFiles/cmTC_f5e3c.dir/CheckSymbolExists.c.o -o cmTC_f5e3c 
gmake[1]: Leaving directory '/home/taiwei/code/myBeijingHell/build/CMakeFiles/CMakeTmp'


File /home/taiwei/code/myBeijingHell/build/CMakeFiles/CMakeTmp/CheckSymbolExists.c:
/* */
#include <stddef.h>
#include <stdarg.h>
#include <stdlib.h>
#include <string.h>
#include <stdio.h>
#include <wchar.h>
#include <float.h>

int main(int argc, char** argv)
{
  (void)argv;
#ifndef wcscmp
  return ((int*)(&wcscmp))[argc];
#else
  (void)argc;
  return 0;
#endif
}
Determining if the wcsdup exist passed with the following output:
Change Dir: /home/taiwei/code/myBeijingHell/build/CMakeFiles/CMakeTmp

Run Build Command(s):/usr/bin/gmake -f Makefile cmTC_f452f/fast && /usr/bin/gmake  -f CMakeFiles/cmTC_f452f.dir/build.make CMakeFiles/cmTC_f452f.dir/build
gmake[1]: Entering directory '/home/taiwei/code/myBeijingHell/build/CMakeFiles/CMakeTmp'
Building C object CMakeFiles/cmTC_f452f.dir/CheckSymbolExists.c.o
/usr/bin/cc   -idirafter "/home/taiwei/code/myBeijingHell/external/SDL2/src/video/khronos"  -D_GNU_SOURCE=1 -o CMakeFiles/cmTC_f452f.dir/CheckSymbolExists.c.o -c /home/taiwei/code/myBeijingHell/build/CMakeFiles/CMakeTmp/CheckSymbolExists.c
Linking C executable cmTC_f452f
/usr/bin/cmake -E cmake_link_script CMakeFiles/cmTC_f452f.dir/link.txt --verbose=1
/usr/bin/cc  -idirafter "/home/taiwei/code/myBeijingHell/external/SDL2/src/video/khronos"  -D_GNU_SOURCE=1 -rdynamic CMakeFiles/cmTC_f452f.dir/CheckSymbolExists.c.o -o cmTC_f452f 
gmake[1]: Leaving directory '/home/taiwei/code/myBeijingHell/build/CMakeFiles/CMakeTmp'


File /home/taiwei/code/myBeijingHell/build/CMakeFiles/CMakeTmp/CheckSymbolExists.c:
/* */
#include <stddef.h>
#include <stdarg.h>
#include <stdlib.h>
#include <string.h>
#include <stdio.h>
#include <wchar.h>
#include <float.h>

int main(int argc, char** argv)
{
  (void)argv;
#ifndef wcsdup
  return ((int*)(&wcsdup))[argc];
#else
  (void)argc;
  return 0;
#endif
}
Determining if the wcslen exist passed with the following output:
Change Dir: /home/taiwei/code/myBeijingHell/build/CMakeFiles/CMakeTmp

Run Build Command(s):/usr/bin/gmake -f Makefile cmTC_a1b78/fast && /usr/bin/gmake  -f CMakeFiles/cmTC_a1b78.dir/build.make CMakeFiles/cmTC_a1b78.dir/build
gmake[1]: Entering directory '/home/taiwei/code/myBeijingHell/build/CMakeFiles/CMakeTmp'
Building C object CMakeFiles/cmTC_a1b78.dir/CheckSymbolExists.c.o
/usr/bin/cc   -idirafter "/home/taiwei/code/myBeijingHell/external/SDL2/src/video/khronos"  -D_GNU_SOURCE=1 -o CMakeFiles/cmTC_a1b78.dir/CheckSymbolExists.c.o -c /home/taiwei/code/myBeijingHell/build/CMakeFiles/CMakeTmp/CheckSymbolExists.c
Linking C executable cmTC_a1b78
/usr/bin/cmake -E cmake_link_script CMakeFiles/cmTC_a1b78.dir/link.txt --verbose=1
/usr/bin/cc  -idirafter "/home/taiwei/code/myBeijingHell/external/SDL2/src/video/khronos"  -D_GNU_SOURCE=1 -rdynamic CMakeFiles/cmTC_a1b78.dir/CheckSymbolExists.c.o -o cmTC_a1b78 
gmake[1]: Leaving directory '/home/taiwei/code/myBeijingHell/build/CMakeFiles/CMakeTmp'


File /home/taiwei/code/myBeijingHell/build/CMakeFiles/CMakeTmp/CheckSymbolExists.c:
/* */
#include <stddef.h>
#include <stdarg.h>
#include <stdlib.h>
#include <string.h>
#include <stdio.h>
#include <wchar.h>
#include <float.h>

int main(int argc, char** argv)
{
  (void)argv;
#ifndef wcslen
  return ((int*)(&wcslen))[argc];
#else
  (void)argc;
  return 0;
#endif
}
Determining if the wcsncmp exist passed with the following output:
Change Dir: /home/taiwei/code/myBeijingHell/build/CMakeFiles/CMakeTmp

Run Build Command(s):/usr/bin/gmake -f Makefile cmTC_52c98/fast && /usr/bin/gmake  -f CMakeFiles/cmTC_52c98.dir/build.make CMakeFiles/cmTC_52c98.dir/build
gmake[1]: Entering directory '/home/taiwei/code/myBeijingHell/build/CMakeFiles/CMakeTmp'
Building C object CMakeFiles/cmTC_52c98.dir/CheckSymbolExists.c.o
/usr/bin/cc   -idirafter "/home/taiwei/code/myBeijingHell/external/SDL2/src/video/khronos"  -D_GNU_SOURCE=1 -o CMakeFiles/cmTC_52c98.dir/CheckSymbolExists.c.o -c /home/taiwei/code/myBeijingHell/build/CMakeFiles/CMakeTmp/CheckSymbolExists.c
Linking C executable cmTC_52c98
/usr/bin/cmake -E cmake_link_script CMakeFiles/cmTC_52c98.dir/link.txt --verbose=1
/usr/bin/cc  -idirafter "/home/taiwei/code/myBeijingHell/external/SDL2/src/video/khronos"  -D_GNU_SOURCE=1 -rdynamic CMakeFiles/cmTC_52c98.dir/CheckSymbolExists.c.o -o cmTC_52c98 
gmake[1]: Leaving directory '/home/taiwei/code/myBeijingHell/build/CMakeFiles/CMakeTmp'


File /home/taiwei/code/myBeijingHell/build/CMakeFiles/CMakeTmp/CheckSymbolExists.c:
/* */
#include <stddef.h>
#include <stdarg.h>
#include <stdlib.h>
#include <string.h>
#include <stdio.h>
#include <wchar.h>
#include <float.h>

int main(int argc, char** argv)
{
  (void)argv;
#ifndef wcsncmp
  return ((int*)(&wcsncmp))[argc];
#else
  (void)argc;
  return 0;
#endif
}
Determining if the wcsstr exist passed with the following output:
Change Dir: /home/taiwei/code/myBeijingHell/build/CMakeFiles/CMakeTmp

Run Build Command(s):/usr/bin/gmake -f Makefile cmTC_d180f/fast && /usr/bin/gmake  -f CMakeFiles/cmTC_d180f.dir/build.make CMakeFiles/cmTC_d180f.dir/build
gmake[1]: Entering directory '/home/taiwei/code/myBeijingHell/build/CMakeFiles/CMakeTmp'
Building C object CMakeFiles/cmTC_d180f.dir/CheckSymbolExists.c.o
/usr/bin/cc   -idirafter "/home/taiwei/code/myBeijingHell/external/SDL2/src/video/khronos"  -D_GNU_SOURCE=1 -o CMakeFiles/cmTC_d180f.dir/CheckSymbolExists.c.o -c /home/taiwei/code/myBeijingHell/build/CMakeFiles/CMakeTmp/CheckSymbolExists.c
Linking C executable cmTC_d180f
/usr/bin/cmake -E cmake_link_script CMakeFiles/cmTC_d180f.dir/link.txt --verbose=1
/usr/bin/cc  -idirafter "/home/taiwei/code/myBeijingHell/external/SDL2/src/video/khronos"  -D_GNU_SOURCE=1 -rdynamic CMakeFiles/cmTC_d180f.dir/CheckSymbolExists.c.o -o cmTC_d180f 
gmake[1]: Leaving directory '/home/taiwei/code/myBeijingHell/build/CMakeFiles/CMakeTmp'


File /home/taiwei/code/myBeijingHell/build/CMakeFiles/CMakeTmp/CheckSymbolExists.c:
/* */
#include <stddef.h>
#include <stdarg.h>
#include <stdlib.h>
#include <string.h>
#include <stdio.h>
#include <wchar.h>
#include <float.h>

int main(int argc, char** argv)
{
  (void)argv;
#ifndef wcsstr
  return ((int*)(&wcsstr))[argc];
#else
  (void)argc;
  return 0;
#endif
}
Determining if the wcscasecmp exist passed with the following output:
Change Dir: /home/taiwei/code/myBeijingHell/build/CMakeFiles/CMakeTmp

Run Build Command(s):/usr/bin/gmake -f Makefile cmTC_083bb/fast && /usr/bin/gmake  -f CMakeFiles/cmTC_083bb.dir/build.make CMakeFiles/cmTC_083bb.dir/build
gmake[1]: Entering directory '/home/taiwei/code/myBeijingHell/build/CMakeFiles/CMakeTmp'
Building C object CMakeFiles/cmTC_083bb.dir/CheckSymbolExists.c.o
/usr/bin/cc   -idirafter "/home/taiwei/code/myBeijingHell/external/SDL2/src/video/khronos"  -D_GNU_SOURCE=1 -o CMakeFiles/cmTC_083bb.dir/CheckSymbolExists.c.o -c /home/taiwei/code/myBeijingHell/build/CMakeFiles/CMakeTmp/CheckSymbolExists.c
Linking C executable cmTC_083bb
/usr/bin/cmake -E cmake_link_script CMakeFiles/cmTC_083bb.dir/link.txt --verbose=1
/usr/bin/cc  -idirafter "/home/taiwei/code/myBeijingHell/external/SDL2/src/video/khronos"  -D_GNU_SOURCE=1 -rdynamic CMakeFiles/cmTC_083bb.dir/CheckSymbolExists.c.o -o cmTC_083bb 
gmake[1]: Leaving directory '/home/taiwei/code/myBeijingHell/build/CMakeFiles/CMakeTmp'


File /home/taiwei/code/myBeijingHell/build/CMakeFiles/CMakeTmp/CheckSymbolExists.c:
/* */
#include <stddef.h>
#include <stdarg.h>
#include <stdlib.h>
#include <string.h>
#include <stdio.h>
#include <wchar.h>
#include <float.h>

int main(int argc, char** argv)
{
  (void)argv;
#ifndef wcscasecmp
  return ((int*)(&wcscasecmp))[argc];
#else
  (void)argc;
  return 0;
#endif
}
Determining if the wcsncasecmp exist passed with the following output:
Change Dir: /home/taiwei/code/myBeijingHell/build/CMakeFiles/CMakeTmp

Run Build Command(s):/usr/bin/gmake -f Makefile cmTC_4c8de/fast && /usr/bin/gmake  -f CMakeFiles/cmTC_4c8de.dir/build.make CMakeFiles/cmTC_4c8de.dir/build
gmake[1]: Entering directory '/home/taiwei/code/myBeijingHell/build/CMakeFiles/CMakeTmp'
Building C object CMakeFiles/cmTC_4c8de.dir/CheckSymbolExists.c.o
/usr/bin/cc   -idirafter "/home/taiwei/code/myBeijingHell/external/SDL2/src/video/khronos"  -D_GNU_SOURCE=1 -o CMakeFiles/cmTC_4c8de.dir/CheckSymbolExists.c.o -c /home/taiwei/code/myBeijingHell/build/CMakeFiles/CMakeTmp/CheckSymbolExists.c
Linking C executable cmTC_4c8de
/usr/bin/cmake -E cmake_link_script CMakeFiles/cmTC_4c8de.dir/link.txt --verbose=1
/usr/bin/cc  -idirafter "/home/taiwei/code/myBeijingHell/external/SDL2/src/video/khronos"  -D_GNU_SOURCE=1 -rdynamic CMakeFiles/cmTC_4c8de.dir/CheckSymbolExists.c.o -o cmTC_4c8de 
gmake[1]: Leaving directory '/home/taiwei/code/myBeijingHell/build/CMakeFiles/CMakeTmp'


File /home/taiwei/code/myBeijingHell/build/CMakeFiles/CMakeTmp/CheckSymbolExists.c:
/* */
#include <stddef.h>
#include <stdarg.h>
#include <stdlib.h>
#include <string.h>
#include <stdio.h>
#include <wchar.h>
#include <float.h>

int main(int argc, char** argv)
{
  (void)argv;
#ifndef wcsncasecmp
  return ((int*)(&wcsncasecmp))[argc];
#else
  (void)argc;
  return 0;
#endif
}
Determining if the sscanf exist passed with the following output:
Change Dir: /home/taiwei/code/myBeijingHell/build/CMakeFiles/CMakeTmp

Run Build Command(s):/usr/bin/gmake -f Makefile cmTC_32ae2/fast && /usr/bin/gmake  -f CMakeFiles/cmTC_32ae2.dir/build.make CMakeFiles/cmTC_32ae2.dir/build
gmake[1]: Entering directory '/home/taiwei/code/myBeijingHell/build/CMakeFiles/CMakeTmp'
Building C object CMakeFiles/cmTC_32ae2.dir/CheckSymbolExists.c.o
/usr/bin/cc   -idirafter "/home/taiwei/code/myBeijingHell/external/SDL2/src/video/khronos"  -D_GNU_SOURCE=1 -o CMakeFiles/cmTC_32ae2.dir/CheckSymbolExists.c.o -c /home/taiwei/code/myBeijingHell/build/CMakeFiles/CMakeTmp/CheckSymbolExists.c
Linking C executable cmTC_32ae2
/usr/bin/cmake -E cmake_link_script CMakeFiles/cmTC_32ae2.dir/link.txt --verbose=1
/usr/bin/cc  -idirafter "/home/taiwei/code/myBeijingHell/external/SDL2/src/video/khronos"  -D_GNU_SOURCE=1 -rdynamic CMakeFiles/cmTC_32ae2.dir/CheckSymbolExists.c.o -o cmTC_32ae2 
gmake[1]: Leaving directory '/home/taiwei/code/myBeijingHell/build/CMakeFiles/CMakeTmp'


File /home/taiwei/code/myBeijingHell/build/CMakeFiles/CMakeTmp/CheckSymbolExists.c:
/* */
#include <stddef.h>
#include <stdarg.h>
#include <stdlib.h>
#include <string.h>
#include <stdio.h>
#include <wchar.h>
#include <float.h>

int main(int argc, char** argv)
{
  (void)argv;
#ifndef sscanf
  return ((int*)(&sscanf))[argc];
#else
  (void)argc;
  return 0;
#endif
}
Determining if the vsscanf exist passed with the following output:
Change Dir: /home/taiwei/code/myBeijingHell/build/CMakeFiles/CMakeTmp

Run Build Command(s):/usr/bin/gmake -f Makefile cmTC_079bd/fast && /usr/bin/gmake  -f CMakeFiles/cmTC_079bd.dir/build.make CMakeFiles/cmTC_079bd.dir/build
gmake[1]: Entering directory '/home/taiwei/code/myBeijingHell/build/CMakeFiles/CMakeTmp'
Building C object CMakeFiles/cmTC_079bd.dir/CheckSymbolExists.c.o
/usr/bin/cc   -idirafter "/home/taiwei/code/myBeijingHell/external/SDL2/src/video/khronos"  -D_GNU_SOURCE=1 -o CMakeFiles/cmTC_079bd.dir/CheckSymbolExists.c.o -c /home/taiwei/code/myBeijingHell/build/CMakeFiles/CMakeTmp/CheckSymbolExists.c
Linking C executable cmTC_079bd
/usr/bin/cmake -E cmake_link_script CMakeFiles/cmTC_079bd.dir/link.txt --verbose=1
/usr/bin/cc  -idirafter "/home/taiwei/code/myBeijingHell/external/SDL2/src/video/khronos"  -D_GNU_SOURCE=1 -rdynamic CMakeFiles/cmTC_079bd.dir/CheckSymbolExists.c.o -o cmTC_079bd 
gmake[1]: Leaving directory '/home/taiwei/code/myBeijingHell/build/CMakeFiles/CMakeTmp'


File /home/taiwei/code/myBeijingHell/build/CMakeFiles/CMakeTmp/CheckSymbolExists.c:
/* */
#include <stddef.h>
#include <stdarg.h>
#include <stdlib.h>
#include <string.h>
#include <stdio.h>
#include <wchar.h>
#include <float.h>

int main(int argc, char** argv)
{
  (void)argv;
#ifndef vsscanf
  return ((int*)(&vsscanf))[argc];
#else
  (void)argc;
  return 0;
#endif
}
Determining if the vsnprintf exist passed with the following output:
Change Dir: /home/taiwei/code/myBeijingHell/build/CMakeFiles/CMakeTmp

Run Build Command(s):/usr/bin/gmake -f Makefile cmTC_4c25d/fast && /usr/bin/gmake  -f CMakeFiles/cmTC_4c25d.dir/build.make CMakeFiles/cmTC_4c25d.dir/build
gmake[1]: Entering directory '/home/taiwei/code/myBeijingHell/build/CMakeFiles/CMakeTmp'
Building C object CMakeFiles/cmTC_4c25d.dir/CheckSymbolExists.c.o
/usr/bin/cc   -idirafter "/home/taiwei/code/myBeijingHell/external/SDL2/src/video/khronos"  -D_GNU_SOURCE=1 -o CMakeFiles/cmTC_4c25d.dir/CheckSymbolExists.c.o -c /home/taiwei/code/myBeijingHell/build/CMakeFiles/CMakeTmp/CheckSymbolExists.c
Linking C executable cmTC_4c25d
/usr/bin/cmake -E cmake_link_script CMakeFiles/cmTC_4c25d.dir/link.txt --verbose=1
/usr/bin/cc  -idirafter "/home/taiwei/code/myBeijingHell/external/SDL2/src/video/khronos"  -D_GNU_SOURCE=1 -rdynamic CMakeFiles/cmTC_4c25d.dir/CheckSymbolExists.c.o -o cmTC_4c25d 
gmake[1]: Leaving directory '/home/taiwei/code/myBeijingHell/build/CMakeFiles/CMakeTmp'


File /home/taiwei/code/myBeijingHell/build/CMakeFiles/CMakeTmp/CheckSymbolExists.c:
/* */
#include <stddef.h>
#include <stdarg.h>
#include <stdlib.h>
#include <string.h>
#include <stdio.h>
#include <wchar.h>
#include <float.h>

int main(int argc, char** argv)
{
  (void)argv;
#ifndef vsnprintf
  return ((int*)(&vsnprintf))[argc];
#else
  (void)argc;
  return 0;
#endif
}
Determining if the fopen64 exist passed with the following output:
Change Dir: /home/taiwei/code/myBeijingHell/build/CMakeFiles/CMakeTmp

Run Build Command(s):/usr/bin/gmake -f Makefile cmTC_f57ff/fast && /usr/bin/gmake  -f CMakeFiles/cmTC_f57ff.dir/build.make CMakeFiles/cmTC_f57ff.dir/build
gmake[1]: Entering directory '/home/taiwei/code/myBeijingHell/build/CMakeFiles/CMakeTmp'
Building C object CMakeFiles/cmTC_f57ff.dir/CheckSymbolExists.c.o
/usr/bin/cc   -idirafter "/home/taiwei/code/myBeijingHell/external/SDL2/src/video/khronos"  -D_GNU_SOURCE=1 -o CMakeFiles/cmTC_f57ff.dir/CheckSymbolExists.c.o -c /home/taiwei/code/myBeijingHell/build/CMakeFiles/CMakeTmp/CheckSymbolExists.c
Linking C executable cmTC_f57ff
/usr/bin/cmake -E cmake_link_script CMakeFiles/cmTC_f57ff.dir/link.txt --verbose=1
/usr/bin/cc  -idirafter "/home/taiwei/code/myBeijingHell/external/SDL2/src/video/khronos"  -D_GNU_SOURCE=1 -rdynamic CMakeFiles/cmTC_f57ff.dir/CheckSymbolExists.c.o -o cmTC_f57ff 
gmake[1]: Leaving directory '/home/taiwei/code/myBeijingHell/build/CMakeFiles/CMakeTmp'


File /home/taiwei/code/myBeijingHell/build/CMakeFiles/CMakeTmp/CheckSymbolExists.c:
/* */
#include <stddef.h>
#include <stdarg.h>
#include <stdlib.h>
#include <string.h>
#include <stdio.h>
#include <wchar.h>
#include <float.h>

int main(int argc, char** argv)
{
  (void)argv;
#ifndef fopen64
  return ((int*)(&fopen64))[argc];
#else
  (void)argc;
  return 0;
#endif
}
Determining if the fseeko exist passed with the following output:
Change Dir: /home/taiwei/code/myBeijingHell/build/CMakeFiles/CMakeTmp

Run Build Command(s):/usr/bin/gmake -f Makefile cmTC_34037/fast && /usr/bin/gmake  -f CMakeFiles/cmTC_34037.dir/build.make CMakeFiles/cmTC_34037.dir/build
gmake[1]: Entering directory '/home/taiwei/code/myBeijingHell/build/CMakeFiles/CMakeTmp'
Building C object CMakeFiles/cmTC_34037.dir/CheckSymbolExists.c.o
/usr/bin/cc   -idirafter "/home/taiwei/code/myBeijingHell/external/SDL2/src/video/khronos"  -D_GNU_SOURCE=1 -o CMakeFiles/cmTC_34037.dir/CheckSymbolExists.c.o -c /home/taiwei/code/myBeijingHell/build/CMakeFiles/CMakeTmp/CheckSymbolExists.c
Linking C executable cmTC_34037
/usr/bin/cmake -E cmake_link_script CMakeFiles/cmTC_34037.dir/link.txt --verbose=1
/usr/bin/cc  -idirafter "/home/taiwei/code/myBeijingHell/external/SDL2/src/video/khronos"  -D_GNU_SOURCE=1 -rdynamic CMakeFiles/cmTC_34037.dir/CheckSymbolExists.c.o -o cmTC_34037 
gmake[1]: Leaving directory '/home/taiwei/code/myBeijingHell/build/CMakeFiles/CMakeTmp'


File /home/taiwei/code/myBeijingHell/build/CMakeFiles/CMakeTmp/CheckSymbolExists.c:
/* */
#include <stddef.h>
#include <stdarg.h>
#include <stdlib.h>
#include <string.h>
#include <stdio.h>
#include <wchar.h>
#include <float.h>

int main(int argc, char** argv)
{
  (void)argv;
#ifndef fseeko
  return ((int*)(&fseeko))[argc];
#else
  (void)argc;
  return 0;
#endif
}
Determining if the fseeko64 exist passed with the following output:
Change Dir: /home/taiwei/code/myBeijingHell/build/CMakeFiles/CMakeTmp

Run Build Command(s):/usr/bin/gmake -f Makefile cmTC_62063/fast && /usr/bin/gmake  -f CMakeFiles/cmTC_62063.dir/build.make CMakeFiles/cmTC_62063.dir/build
gmake[1]: Entering directory '/home/taiwei/code/myBeijingHell/build/CMakeFiles/CMakeTmp'
Building C object CMakeFiles/cmTC_62063.dir/CheckSymbolExists.c.o
/usr/bin/cc   -idirafter "/home/taiwei/code/myBeijingHell/external/SDL2/src/video/khronos"  -D_GNU_SOURCE=1 -o CMakeFiles/cmTC_62063.dir/CheckSymbolExists.c.o -c /home/taiwei/code/myBeijingHell/build/CMakeFiles/CMakeTmp/CheckSymbolExists.c
Linking C executable cmTC_62063
/usr/bin/cmake -E cmake_link_script CMakeFiles/cmTC_62063.dir/link.txt --verbose=1
/usr/bin/cc  -idirafter "/home/taiwei/code/myBeijingHell/external/SDL2/src/video/khronos"  -D_GNU_SOURCE=1 -rdynamic CMakeFiles/cmTC_62063.dir/CheckSymbolExists.c.o -o cmTC_62063 
gmake[1]: Leaving directory '/home/taiwei/code/myBeijingHell/build/CMakeFiles/CMakeTmp'


File /home/taiwei/code/myBeijingHell/build/CMakeFiles/CMakeTmp/CheckSymbolExists.c:
/* */
#include <stddef.h>
#include <stdarg.h>
#include <stdlib.h>
#include <string.h>
#include <stdio.h>
#include <wchar.h>
#include <float.h>

int main(int argc, char** argv)
{
  (void)argv;
#ifndef fseeko64
  return ((int*)(&fseeko64))[argc];
#else
  (void)argc;
  return 0;
#endif
}
Determining if the _Exit exist passed with the following output:
Change Dir: /home/taiwei/code/myBeijingHell/build/CMakeFiles/CMakeTmp

Run Build Command(s):/usr/bin/gmake -f Makefile cmTC_c72f2/fast && /usr/bin/gmake  -f CMakeFiles/cmTC_c72f2.dir/build.make CMakeFiles/cmTC_c72f2.dir/build
gmake[1]: Entering directory '/home/taiwei/code/myBeijingHell/build/CMakeFiles/CMakeTmp'
Building C object CMakeFiles/cmTC_c72f2.dir/CheckSymbolExists.c.o
/usr/bin/cc   -idirafter "/home/taiwei/code/myBeijingHell/external/SDL2/src/video/khronos"  -D_GNU_SOURCE=1 -o CMakeFiles/cmTC_c72f2.dir/CheckSymbolExists.c.o -c /home/taiwei/code/myBeijingHell/build/CMakeFiles/CMakeTmp/CheckSymbolExists.c
Linking C executable cmTC_c72f2
/usr/bin/cmake -E cmake_link_script CMakeFiles/cmTC_c72f2.dir/link.txt --verbose=1
/usr/bin/cc  -idirafter "/home/taiwei/code/myBeijingHell/external/SDL2/src/video/khronos"  -D_GNU_SOURCE=1 -rdynamic CMakeFiles/cmTC_c72f2.dir/CheckSymbolExists.c.o -o cmTC_c72f2 
gmake[1]: Leaving directory '/home/taiwei/code/myBeijingHell/build/CMakeFiles/CMakeTmp'


File /home/taiwei/code/myBeijingHell/build/CMakeFiles/CMakeTmp/CheckSymbolExists.c:
/* */
#include <stddef.h>
#include <stdarg.h>
#include <stdlib.h>
#include <string.h>
#include <stdio.h>
#include <wchar.h>
#include <float.h>

int main(int argc, char** argv)
{
  (void)argv;
#ifndef _Exit
  return ((int*)(&_Exit))[argc];
#else
  (void)argc;
  return 0;
#endif
}
Determining if the sigaction exist passed with the following output:
Change Dir: /home/taiwei/code/myBeijingHell/build/CMakeFiles/CMakeTmp

Run Build Command(s):/usr/bin/gmake -f Makefile cmTC_f6778/fast && /usr/bin/gmake  -f CMakeFiles/cmTC_f6778.dir/build.make CMakeFiles/cmTC_f6778.dir/build
gmake[1]: Entering directory '/home/taiwei/code/myBeijingHell/build/CMakeFiles/CMakeTmp'
Building C object CMakeFiles/cmTC_f6778.dir/CheckSymbolExists.c.o
/usr/bin/cc   -idirafter "/home/taiwei/code/myBeijingHell/external/SDL2/src/video/khronos"  -D_GNU_SOURCE=1 -o CMakeFiles/cmTC_f6778.dir/CheckSymbolExists.c.o -c /home/taiwei/code/myBeijingHell/build/CMakeFiles/CMakeTmp/CheckSymbolExists.c
Linking C executable cmTC_f6778
/usr/bin/cmake -E cmake_link_script CMakeFiles/cmTC_f6778.dir/link.txt --verbose=1
/usr/bin/cc  -idirafter "/home/taiwei/code/myBeijingHell/external/SDL2/src/video/khronos"  -D_GNU_SOURCE=1 -rdynamic CMakeFiles/cmTC_f6778.dir/CheckSymbolExists.c.o -o cmTC_f6778 
gmake[1]: Leaving directory '/home/taiwei/code/myBeijingHell/build/CMakeFiles/CMakeTmp'


File /home/taiwei/code/myBeijingHell/build/CMakeFiles/CMakeTmp/CheckSymbolExists.c:
/* */
#include <signal.h>

int main(int argc, char** argv)
{
  (void)argv;
#ifndef sigaction
  return ((int*)(&sigaction))[argc];
#else
  (void)argc;
  return 0;
#endif
}
Determining if the setjmp exist passed with the following output:
Change Dir: /home/taiwei/code/myBeijingHell/build/CMakeFiles/CMakeTmp

Run Build Command(s):/usr/bin/gmake -f Makefile cmTC_ec35e/fast && /usr/bin/gmake  -f CMakeFiles/cmTC_ec35e.dir/build.make CMakeFiles/cmTC_ec35e.dir/build
gmake[1]: Entering directory '/home/taiwei/code/myBeijingHell/build/CMakeFiles/CMakeTmp'
Building C object CMakeFiles/cmTC_ec35e.dir/CheckSymbolExists.c.o
/usr/bin/cc   -idirafter "/home/taiwei/code/myBeijingHell/external/SDL2/src/video/khronos"  -D_GNU_SOURCE=1 -o CMakeFiles/cmTC_ec35e.dir/CheckSymbolExists.c.o -c /home/taiwei/code/myBeijingHell/build/CMakeFiles/CMakeTmp/CheckSymbolExists.c
Linking C executable cmTC_ec35e
/usr/bin/cmake -E cmake_link_script CMakeFiles/cmTC_ec35e.dir/link.txt --verbose=1
/usr/bin/cc  -idirafter "/home/taiwei/code/myBeijingHell/external/SDL2/src/video/khronos"  -D_GNU_SOURCE=1 -rdynamic CMakeFiles/cmTC_ec35e.dir/CheckSymbolExists.c.o -o cmTC_ec35e 
gmake[1]: Leaving directory '/home/taiwei/code/myBeijingHell/build/CMakeFiles/CMakeTmp'


File /home/taiwei/code/myBeijingHell/build/CMakeFiles/CMakeTmp/CheckSymbolExists.c:
/* */
#include <setjmp.h>

int main(int argc, char** argv)
{
  (void)argv;
#ifndef setjmp
  return ((int*)(&setjmp))[argc];
#else
  (void)argc;
  return 0;
#endif
}
Determining if the nanosleep exist passed with the following output:
Change Dir: /home/taiwei/code/myBeijingHell/build/CMakeFiles/CMakeTmp

Run Build Command(s):/usr/bin/gmake -f Makefile cmTC_08ca5/fast && /usr/bin/gmake  -f CMakeFiles/cmTC_08ca5.dir/build.make CMakeFiles/cmTC_08ca5.dir/build
gmake[1]: Entering directory '/home/taiwei/code/myBeijingHell/build/CMakeFiles/CMakeTmp'
Building C object CMakeFiles/cmTC_08ca5.dir/CheckSymbolExists.c.o
/usr/bin/cc   -idirafter "/home/taiwei/code/myBeijingHell/external/SDL2/src/video/khronos"  -D_GNU_SOURCE=1 -o CMakeFiles/cmTC_08ca5.dir/CheckSymbolExists.c.o -c /home/taiwei/code/myBeijingHell/build/CMakeFiles/CMakeTmp/CheckSymbolExists.c
Linking C executable cmTC_08ca5
/usr/bin/cmake -E cmake_link_script CMakeFiles/cmTC_08ca5.dir/link.txt --verbose=1
/usr/bin/cc  -idirafter "/home/taiwei/code/myBeijingHell/external/SDL2/src/video/khronos"  -D_GNU_SOURCE=1 -rdynamic CMakeFiles/cmTC_08ca5.dir/CheckSymbolExists.c.o -o cmTC_08ca5 
gmake[1]: Leaving directory '/home/taiwei/code/myBeijingHell/build/CMakeFiles/CMakeTmp'


File /home/taiwei/code/myBeijingHell/build/CMakeFiles/CMakeTmp/CheckSymbolExists.c:
/* */
#include <time.h>

int main(int argc, char** argv)
{
  (void)argv;
#ifndef nanosleep
  return ((int*)(&nanosleep))[argc];
#else
  (void)argc;
  return 0;
#endif
}
Determining if the sysconf exist passed with the following output:
Change Dir: /home/taiwei/code/myBeijingHell/build/CMakeFiles/CMakeTmp

Run Build Command(s):/usr/bin/gmake -f Makefile cmTC_fc4d1/fast && /usr/bin/gmake  -f CMakeFiles/cmTC_fc4d1.dir/build.make CMakeFiles/cmTC_fc4d1.dir/build
gmake[1]: Entering directory '/home/taiwei/code/myBeijingHell/build/CMakeFiles/CMakeTmp'
Building C object CMakeFiles/cmTC_fc4d1.dir/CheckSymbolExists.c.o
/usr/bin/cc   -idirafter "/home/taiwei/code/myBeijingHell/external/SDL2/src/video/khronos"  -D_GNU_SOURCE=1 -o CMakeFiles/cmTC_fc4d1.dir/CheckSymbolExists.c.o -c /home/taiwei/code/myBeijingHell/build/CMakeFiles/CMakeTmp/CheckSymbolExists.c
Linking C executable cmTC_fc4d1
/usr/bin/cmake -E cmake_link_script CMakeFiles/cmTC_fc4d1.dir/link.txt --verbose=1
/usr/bin/cc  -idirafter "/home/taiwei/code/myBeijingHell/external/SDL2/src/video/khronos"  -D_GNU_SOURCE=1 -rdynamic CMakeFiles/cmTC_fc4d1.dir/CheckSymbolExists.c.o -o cmTC_fc4d1 
gmake[1]: Leaving directory '/home/taiwei/code/myBeijingHell/build/CMakeFiles/CMakeTmp'


File /home/taiwei/code/myBeijingHell/build/CMakeFiles/CMakeTmp/CheckSymbolExists.c:
/* */
#include <unistd.h>

int main(int argc, char** argv)
{
  (void)argv;
#ifndef sysconf
  return ((int*)(&sysconf))[argc];
#else
  (void)argc;
  return 0;
#endif
}
Determining if the getauxval exist passed with the following output:
Change Dir: /home/taiwei/code/myBeijingHell/build/CMakeFiles/CMakeTmp

Run Build Command(s):/usr/bin/gmake -f Makefile cmTC_eb88e/fast && /usr/bin/gmake  -f CMakeFiles/cmTC_eb88e.dir/build.make CMakeFiles/cmTC_eb88e.dir/build
gmake[1]: Entering directory '/home/taiwei/code/myBeijingHell/build/CMakeFiles/CMakeTmp'
Building C object CMakeFiles/cmTC_eb88e.dir/CheckSymbolExists.c.o
/usr/bin/cc   -idirafter "/home/taiwei/code/myBeijingHell/external/SDL2/src/video/khronos"  -D_GNU_SOURCE=1 -o CMakeFiles/cmTC_eb88e.dir/CheckSymbolExists.c.o -c /home/taiwei/code/myBeijingHell/build/CMakeFiles/CMakeTmp/CheckSymbolExists.c
Linking C executable cmTC_eb88e
/usr/bin/cmake -E cmake_link_script CMakeFiles/cmTC_eb88e.dir/link.txt --verbose=1
/usr/bin/cc  -idirafter "/home/taiwei/code/myBeijingHell/external/SDL2/src/video/khronos"  -D_GNU_SOURCE=1 -rdynamic CMakeFiles/cmTC_eb88e.dir/CheckSymbolExists.c.o -o cmTC_eb88e 
gmake[1]: Leaving directory '/home/taiwei/code/myBeijingHell/build/CMakeFiles/CMakeTmp'


File /home/taiwei/code/myBeijingHell/build/CMakeFiles/CMakeTmp/CheckSymbolExists.c:
/* */
#include <sys/auxv.h>

int main(int argc, char** argv)
{
  (void)argv;
#ifndef getauxval
  return ((int*)(&getauxval))[argc];
#else
  (void)argc;
  return 0;
#endif
}
Determining if the poll exist passed with the following output:
Change Dir: /home/taiwei/code/myBeijingHell/build/CMakeFiles/CMakeTmp

Run Build Command(s):/usr/bin/gmake -f Makefile cmTC_5a344/fast && /usr/bin/gmake  -f CMakeFiles/cmTC_5a344.dir/build.make CMakeFiles/cmTC_5a344.dir/build
gmake[1]: Entering directory '/home/taiwei/code/myBeijingHell/build/CMakeFiles/CMakeTmp'
Building C object CMakeFiles/cmTC_5a344.dir/CheckSymbolExists.c.o
/usr/bin/cc   -idirafter "/home/taiwei/code/myBeijingHell/external/SDL2/src/video/khronos"  -D_GNU_SOURCE=1 -o CMakeFiles/cmTC_5a344.dir/CheckSymbolExists.c.o -c /home/taiwei/code/myBeijingHell/build/CMakeFiles/CMakeTmp/CheckSymbolExists.c
Linking C executable cmTC_5a344
/usr/bin/cmake -E cmake_link_script CMakeFiles/cmTC_5a344.dir/link.txt --verbose=1
/usr/bin/cc  -idirafter "/home/taiwei/code/myBeijingHell/external/SDL2/src/video/khronos"  -D_GNU_SOURCE=1 -rdynamic CMakeFiles/cmTC_5a344.dir/CheckSymbolExists.c.o -o cmTC_5a344 
gmake[1]: Leaving directory '/home/taiwei/code/myBeijingHell/build/CMakeFiles/CMakeTmp'


File /home/taiwei/code/myBeijingHell/build/CMakeFiles/CMakeTmp/CheckSymbolExists.c:
/* */
#include <poll.h>

int main(int argc, char** argv)
{
  (void)argv;
#ifndef poll
  return ((int*)(&poll))[argc];
#else
  (void)argc;
  return 0;
#endif
}
Determining if the function pow exists in the m passed with the following output:
Change Dir: /home/taiwei/code/myBeijingHell/build/CMakeFiles/CMakeTmp

Run Build Command(s):/usr/bin/gmake -f Makefile cmTC_618c6/fast && /usr/bin/gmake  -f CMakeFiles/cmTC_618c6.dir/build.make CMakeFiles/cmTC_618c6.dir/build
gmake[1]: Entering directory '/home/taiwei/code/myBeijingHell/build/CMakeFiles/CMakeTmp'
Building C object CMakeFiles/cmTC_618c6.dir/CheckFunctionExists.c.o
/usr/bin/cc   -idirafter "/home/taiwei/code/myBeijingHell/external/SDL2/src/video/khronos" -DCHECK_FUNCTION_EXISTS=pow  -D_GNU_SOURCE=1 -o CMakeFiles/cmTC_618c6.dir/CheckFunctionExists.c.o -c /usr/share/cmake-3.22/Modules/CheckFunctionExists.c
<command-line>: warning: conflicting types for built-in function ‘pow’; expected ‘double(double,  double)’ [-Wbuiltin-declaration-mismatch]
/usr/share/cmake-3.22/Modules/CheckFunctionExists.c:7:3: note: in expansion of macro ‘CHECK_FUNCTION_EXISTS’
    7 |   CHECK_FUNCTION_EXISTS(void);
      |   ^~~~~~~~~~~~~~~~~~~~~
/usr/share/cmake-3.22/Modules/CheckFunctionExists.c:1:1: note: ‘pow’ is declared in header ‘<math.h>’
  +++ |+#include <math.h>
    1 | #ifdef CHECK_FUNCTION_EXISTS
Linking C executable cmTC_618c6
/usr/bin/cmake -E cmake_link_script CMakeFiles/cmTC_618c6.dir/link.txt --verbose=1
/usr/bin/cc  -idirafter "/home/taiwei/code/myBeijingHell/external/SDL2/src/video/khronos" -DCHECK_FUNCTION_EXISTS=pow  -D_GNU_SOURCE=1 -rdynamic CMakeFiles/cmTC_618c6.dir/CheckFunctionExists.c.o -o cmTC_618c6  -lm 
gmake[1]: Leaving directory '/home/taiwei/code/myBeijingHell/build/CMakeFiles/CMakeTmp'



Determining if the atan exist passed with the following output:
Change Dir: /home/taiwei/code/myBeijingHell/build/CMakeFiles/CMakeTmp

Run Build Command(s):/usr/bin/gmake -f Makefile cmTC_a050c/fast && /usr/bin/gmake  -f CMakeFiles/cmTC_a050c.dir/build.make CMakeFiles/cmTC_a050c.dir/build
gmake[1]: Entering directory '/home/taiwei/code/myBeijingHell/build/CMakeFiles/CMakeTmp'
Building C object CMakeFiles/cmTC_a050c.dir/CheckSymbolExists.c.o
/usr/bin/cc   -idirafter "/home/taiwei/code/myBeijingHell/external/SDL2/src/video/khronos"  -D_GNU_SOURCE=1 -o CMakeFiles/cmTC_a050c.dir/CheckSymbolExists.c.o -c /home/taiwei/code/myBeijingHell/build/CMakeFiles/CMakeTmp/CheckSymbolExists.c
Linking C executable cmTC_a050c
/usr/bin/cmake -E cmake_link_script CMakeFiles/cmTC_a050c.dir/link.txt --verbose=1
/usr/bin/cc  -idirafter "/home/taiwei/code/myBeijingHell/external/SDL2/src/video/khronos"  -D_GNU_SOURCE=1 -rdynamic CMakeFiles/cmTC_a050c.dir/CheckSymbolExists.c.o -o cmTC_a050c  -lm 
gmake[1]: Leaving directory '/home/taiwei/code/myBeijingHell/build/CMakeFiles/CMakeTmp'


File /home/taiwei/code/myBeijingHell/build/CMakeFiles/CMakeTmp/CheckSymbolExists.c:
/* */
#include <math.h>

int main(int argc, char** argv)
{
  (void)argv;
#ifndef atan
  return ((int*)(&atan))[argc];
#else
  (void)argc;
  return 0;
#endif
}
Determining if the atan2 exist passed with the following output:
Change Dir: /home/taiwei/code/myBeijingHell/build/CMakeFiles/CMakeTmp

Run Build Command(s):/usr/bin/gmake -f Makefile cmTC_0bdd6/fast && /usr/bin/gmake  -f CMakeFiles/cmTC_0bdd6.dir/build.make CMakeFiles/cmTC_0bdd6.dir/build
gmake[1]: Entering directory '/home/taiwei/code/myBeijingHell/build/CMakeFiles/CMakeTmp'
Building C object CMakeFiles/cmTC_0bdd6.dir/CheckSymbolExists.c.o
/usr/bin/cc   -idirafter "/home/taiwei/code/myBeijingHell/external/SDL2/src/video/khronos"  -D_GNU_SOURCE=1 -o CMakeFiles/cmTC_0bdd6.dir/CheckSymbolExists.c.o -c /home/taiwei/code/myBeijingHell/build/CMakeFiles/CMakeTmp/CheckSymbolExists.c
Linking C executable cmTC_0bdd6
/usr/bin/cmake -E cmake_link_script CMakeFiles/cmTC_0bdd6.dir/link.txt --verbose=1
/usr/bin/cc  -idirafter "/home/taiwei/code/myBeijingHell/external/SDL2/src/video/khronos"  -D_GNU_SOURCE=1 -rdynamic CMakeFiles/cmTC_0bdd6.dir/CheckSymbolExists.c.o -o cmTC_0bdd6  -lm 
gmake[1]: Leaving directory '/home/taiwei/code/myBeijingHell/build/CMakeFiles/CMakeTmp'


File /home/taiwei/code/myBeijingHell/build/CMakeFiles/CMakeTmp/CheckSymbolExists.c:
/* */
#include <math.h>

int main(int argc, char** argv)
{
  (void)argv;
#ifndef atan2
  return ((int*)(&atan2))[argc];
#else
  (void)argc;
  return 0;
#endif
}
Determining if the atanf exist passed with the following output:
Change Dir: /home/taiwei/code/myBeijingHell/build/CMakeFiles/CMakeTmp

Run Build Command(s):/usr/bin/gmake -f Makefile cmTC_5687f/fast && /usr/bin/gmake  -f CMakeFiles/cmTC_5687f.dir/build.make CMakeFiles/cmTC_5687f.dir/build
gmake[1]: Entering directory '/home/taiwei/code/myBeijingHell/build/CMakeFiles/CMakeTmp'
Building C object CMakeFiles/cmTC_5687f.dir/CheckSymbolExists.c.o
/usr/bin/cc   -idirafter "/home/taiwei/code/myBeijingHell/external/SDL2/src/video/khronos"  -D_GNU_SOURCE=1 -o CMakeFiles/cmTC_5687f.dir/CheckSymbolExists.c.o -c /home/taiwei/code/myBeijingHell/build/CMakeFiles/CMakeTmp/CheckSymbolExists.c
Linking C executable cmTC_5687f
/usr/bin/cmake -E cmake_link_script CMakeFiles/cmTC_5687f.dir/link.txt --verbose=1
/usr/bin/cc  -idirafter "/home/taiwei/code/myBeijingHell/external/SDL2/src/video/khronos"  -D_GNU_SOURCE=1 -rdynamic CMakeFiles/cmTC_5687f.dir/CheckSymbolExists.c.o -o cmTC_5687f  -lm 
gmake[1]: Leaving directory '/home/taiwei/code/myBeijingHell/build/CMakeFiles/CMakeTmp'


File /home/taiwei/code/myBeijingHell/build/CMakeFiles/CMakeTmp/CheckSymbolExists.c:
/* */
#include <math.h>

int main(int argc, char** argv)
{
  (void)argv;
#ifndef atanf
  return ((int*)(&atanf))[argc];
#else
  (void)argc;
  return 0;
#endif
}
Determining if the atan2f exist passed with the following output:
Change Dir: /home/taiwei/code/myBeijingHell/build/CMakeFiles/CMakeTmp

Run Build Command(s):/usr/bin/gmake -f Makefile cmTC_7b4cc/fast && /usr/bin/gmake  -f CMakeFiles/cmTC_7b4cc.dir/build.make CMakeFiles/cmTC_7b4cc.dir/build
gmake[1]: Entering directory '/home/taiwei/code/myBeijingHell/build/CMakeFiles/CMakeTmp'
Building C object CMakeFiles/cmTC_7b4cc.dir/CheckSymbolExists.c.o
/usr/bin/cc   -idirafter "/home/taiwei/code/myBeijingHell/external/SDL2/src/video/khronos"  -D_GNU_SOURCE=1 -o CMakeFiles/cmTC_7b4cc.dir/CheckSymbolExists.c.o -c /home/taiwei/code/myBeijingHell/build/CMakeFiles/CMakeTmp/CheckSymbolExists.c
Linking C executable cmTC_7b4cc
/usr/bin/cmake -E cmake_link_script CMakeFiles/cmTC_7b4cc.dir/link.txt --verbose=1
/usr/bin/cc  -idirafter "/home/taiwei/code/myBeijingHell/external/SDL2/src/video/khronos"  -D_GNU_SOURCE=1 -rdynamic CMakeFiles/cmTC_7b4cc.dir/CheckSymbolExists.c.o -o cmTC_7b4cc  -lm 
gmake[1]: Leaving directory '/home/taiwei/code/myBeijingHell/build/CMakeFiles/CMakeTmp'


File /home/taiwei/code/myBeijingHell/build/CMakeFiles/CMakeTmp/CheckSymbolExists.c:
/* */
#include <math.h>

int main(int argc, char** argv)
{
  (void)argv;
#ifndef atan2f
  return ((int*)(&atan2f))[argc];
#else
  (void)argc;
  return 0;
#endif
}
Determining if the ceil exist passed with the following output:
Change Dir: /home/taiwei/code/myBeijingHell/build/CMakeFiles/CMakeTmp

Run Build Command(s):/usr/bin/gmake -f Makefile cmTC_173d0/fast && /usr/bin/gmake  -f CMakeFiles/cmTC_173d0.dir/build.make CMakeFiles/cmTC_173d0.dir/build
gmake[1]: Entering directory '/home/taiwei/code/myBeijingHell/build/CMakeFiles/CMakeTmp'
Building C object CMakeFiles/cmTC_173d0.dir/CheckSymbolExists.c.o
/usr/bin/cc   -idirafter "/home/taiwei/code/myBeijingHell/external/SDL2/src/video/khronos"  -D_GNU_SOURCE=1 -o CMakeFiles/cmTC_173d0.dir/CheckSymbolExists.c.o -c /home/taiwei/code/myBeijingHell/build/CMakeFiles/CMakeTmp/CheckSymbolExists.c
Linking C executable cmTC_173d0
/usr/bin/cmake -E cmake_link_script CMakeFiles/cmTC_173d0.dir/link.txt --verbose=1
/usr/bin/cc  -idirafter "/home/taiwei/code/myBeijingHell/external/SDL2/src/video/khronos"  -D_GNU_SOURCE=1 -rdynamic CMakeFiles/cmTC_173d0.dir/CheckSymbolExists.c.o -o cmTC_173d0  -lm 
gmake[1]: Leaving directory '/home/taiwei/code/myBeijingHell/build/CMakeFiles/CMakeTmp'


File /home/taiwei/code/myBeijingHell/build/CMakeFiles/CMakeTmp/CheckSymbolExists.c:
/* */
#include <math.h>

int main(int argc, char** argv)
{
  (void)argv;
#ifndef ceil
  return ((int*)(&ceil))[argc];
#else
  (void)argc;
  return 0;
#endif
}
Determining if the ceilf exist passed with the following output:
Change Dir: /home/taiwei/code/myBeijingHell/build/CMakeFiles/CMakeTmp

Run Build Command(s):/usr/bin/gmake -f Makefile cmTC_02134/fast && /usr/bin/gmake  -f CMakeFiles/cmTC_02134.dir/build.make CMakeFiles/cmTC_02134.dir/build
gmake[1]: Entering directory '/home/taiwei/code/myBeijingHell/build/CMakeFiles/CMakeTmp'
Building C object CMakeFiles/cmTC_02134.dir/CheckSymbolExists.c.o
/usr/bin/cc   -idirafter "/home/taiwei/code/myBeijingHell/external/SDL2/src/video/khronos"  -D_GNU_SOURCE=1 -o CMakeFiles/cmTC_02134.dir/CheckSymbolExists.c.o -c /home/taiwei/code/myBeijingHell/build/CMakeFiles/CMakeTmp/CheckSymbolExists.c
Linking C executable cmTC_02134
/usr/bin/cmake -E cmake_link_script CMakeFiles/cmTC_02134.dir/link.txt --verbose=1
/usr/bin/cc  -idirafter "/home/taiwei/code/myBeijingHell/external/SDL2/src/video/khronos"  -D_GNU_SOURCE=1 -rdynamic CMakeFiles/cmTC_02134.dir/CheckSymbolExists.c.o -o cmTC_02134  -lm 
gmake[1]: Leaving directory '/home/taiwei/code/myBeijingHell/build/CMakeFiles/CMakeTmp'


File /home/taiwei/code/myBeijingHell/build/CMakeFiles/CMakeTmp/CheckSymbolExists.c:
/* */
#include <math.h>

int main(int argc, char** argv)
{
  (void)argv;
#ifndef ceilf
  return ((int*)(&ceilf))[argc];
#else
  (void)argc;
  return 0;
#endif
}
Determining if the copysign exist passed with the following output:
Change Dir: /home/taiwei/code/myBeijingHell/build/CMakeFiles/CMakeTmp

Run Build Command(s):/usr/bin/gmake -f Makefile cmTC_7b9f4/fast && /usr/bin/gmake  -f CMakeFiles/cmTC_7b9f4.dir/build.make CMakeFiles/cmTC_7b9f4.dir/build
gmake[1]: Entering directory '/home/taiwei/code/myBeijingHell/build/CMakeFiles/CMakeTmp'
Building C object CMakeFiles/cmTC_7b9f4.dir/CheckSymbolExists.c.o
/usr/bin/cc   -idirafter "/home/taiwei/code/myBeijingHell/external/SDL2/src/video/khronos"  -D_GNU_SOURCE=1 -o CMakeFiles/cmTC_7b9f4.dir/CheckSymbolExists.c.o -c /home/taiwei/code/myBeijingHell/build/CMakeFiles/CMakeTmp/CheckSymbolExists.c
Linking C executable cmTC_7b9f4
/usr/bin/cmake -E cmake_link_script CMakeFiles/cmTC_7b9f4.dir/link.txt --verbose=1
/usr/bin/cc  -idirafter "/home/taiwei/code/myBeijingHell/external/SDL2/src/video/khronos"  -D_GNU_SOURCE=1 -rdynamic CMakeFiles/cmTC_7b9f4.dir/CheckSymbolExists.c.o -o cmTC_7b9f4  -lm 
gmake[1]: Leaving directory '/home/taiwei/code/myBeijingHell/build/CMakeFiles/CMakeTmp'


File /home/taiwei/code/myBeijingHell/build/CMakeFiles/CMakeTmp/CheckSymbolExists.c:
/* */
#include <math.h>

int main(int argc, char** argv)
{
  (void)argv;
#ifndef copysign
  return ((int*)(&copysign))[argc];
#else
  (void)argc;
  return 0;
#endif
}
Determining if the copysignf exist passed with the following output:
Change Dir: /home/taiwei/code/myBeijingHell/build/CMakeFiles/CMakeTmp

Run Build Command(s):/usr/bin/gmake -f Makefile cmTC_aee18/fast && /usr/bin/gmake  -f CMakeFiles/cmTC_aee18.dir/build.make CMakeFiles/cmTC_aee18.dir/build
gmake[1]: Entering directory '/home/taiwei/code/myBeijingHell/build/CMakeFiles/CMakeTmp'
Building C object CMakeFiles/cmTC_aee18.dir/CheckSymbolExists.c.o
/usr/bin/cc   -idirafter "/home/taiwei/code/myBeijingHell/external/SDL2/src/video/khronos"  -D_GNU_SOURCE=1 -o CMakeFiles/cmTC_aee18.dir/CheckSymbolExists.c.o -c /home/taiwei/code/myBeijingHell/build/CMakeFiles/CMakeTmp/CheckSymbolExists.c
Linking C executable cmTC_aee18
/usr/bin/cmake -E cmake_link_script CMakeFiles/cmTC_aee18.dir/link.txt --verbose=1
/usr/bin/cc  -idirafter "/home/taiwei/code/myBeijingHell/external/SDL2/src/video/khronos"  -D_GNU_SOURCE=1 -rdynamic CMakeFiles/cmTC_aee18.dir/CheckSymbolExists.c.o -o cmTC_aee18  -lm 
gmake[1]: Leaving directory '/home/taiwei/code/myBeijingHell/build/CMakeFiles/CMakeTmp'


File /home/taiwei/code/myBeijingHell/build/CMakeFiles/CMakeTmp/CheckSymbolExists.c:
/* */
#include <math.h>

int main(int argc, char** argv)
{
  (void)argv;
#ifndef copysignf
  return ((int*)(&copysignf))[argc];
#else
  (void)argc;
  return 0;
#endif
}
Determining if the cos exist passed with the following output:
Change Dir: /home/taiwei/code/myBeijingHell/build/CMakeFiles/CMakeTmp

Run Build Command(s):/usr/bin/gmake -f Makefile cmTC_215ec/fast && /usr/bin/gmake  -f CMakeFiles/cmTC_215ec.dir/build.make CMakeFiles/cmTC_215ec.dir/build
gmake[1]: Entering directory '/home/taiwei/code/myBeijingHell/build/CMakeFiles/CMakeTmp'
Building C object CMakeFiles/cmTC_215ec.dir/CheckSymbolExists.c.o
/usr/bin/cc   -idirafter "/home/taiwei/code/myBeijingHell/external/SDL2/src/video/khronos"  -D_GNU_SOURCE=1 -o CMakeFiles/cmTC_215ec.dir/CheckSymbolExists.c.o -c /home/taiwei/code/myBeijingHell/build/CMakeFiles/CMakeTmp/CheckSymbolExists.c
Linking C executable cmTC_215ec
/usr/bin/cmake -E cmake_link_script CMakeFiles/cmTC_215ec.dir/link.txt --verbose=1
/usr/bin/cc  -idirafter "/home/taiwei/code/myBeijingHell/external/SDL2/src/video/khronos"  -D_GNU_SOURCE=1 -rdynamic CMakeFiles/cmTC_215ec.dir/CheckSymbolExists.c.o -o cmTC_215ec  -lm 
gmake[1]: Leaving directory '/home/taiwei/code/myBeijingHell/build/CMakeFiles/CMakeTmp'


File /home/taiwei/code/myBeijingHell/build/CMakeFiles/CMakeTmp/CheckSymbolExists.c:
/* */
#include <math.h>

int main(int argc, char** argv)
{
  (void)argv;
#ifndef cos
  return ((int*)(&cos))[argc];
#else
  (void)argc;
  return 0;
#endif
}
Determining if the cosf exist passed with the following output:
Change Dir: /home/taiwei/code/myBeijingHell/build/CMakeFiles/CMakeTmp

Run Build Command(s):/usr/bin/gmake -f Makefile cmTC_d15ff/fast && /usr/bin/gmake  -f CMakeFiles/cmTC_d15ff.dir/build.make CMakeFiles/cmTC_d15ff.dir/build
gmake[1]: Entering directory '/home/taiwei/code/myBeijingHell/build/CMakeFiles/CMakeTmp'
Building C object CMakeFiles/cmTC_d15ff.dir/CheckSymbolExists.c.o
/usr/bin/cc   -idirafter "/home/taiwei/code/myBeijingHell/external/SDL2/src/video/khronos"  -D_GNU_SOURCE=1 -o CMakeFiles/cmTC_d15ff.dir/CheckSymbolExists.c.o -c /home/taiwei/code/myBeijingHell/build/CMakeFiles/CMakeTmp/CheckSymbolExists.c
Linking C executable cmTC_d15ff
/usr/bin/cmake -E cmake_link_script CMakeFiles/cmTC_d15ff.dir/link.txt --verbose=1
/usr/bin/cc  -idirafter "/home/taiwei/code/myBeijingHell/external/SDL2/src/video/khronos"  -D_GNU_SOURCE=1 -rdynamic CMakeFiles/cmTC_d15ff.dir/CheckSymbolExists.c.o -o cmTC_d15ff  -lm 
gmake[1]: Leaving directory '/home/taiwei/code/myBeijingHell/build/CMakeFiles/CMakeTmp'


File /home/taiwei/code/myBeijingHell/build/CMakeFiles/CMakeTmp/CheckSymbolExists.c:
/* */
#include <math.h>

int main(int argc, char** argv)
{
  (void)argv;
#ifndef cosf
  return ((int*)(&cosf))[argc];
#else
  (void)argc;
  return 0;
#endif
}
Determining if the exp exist passed with the following output:
Change Dir: /home/taiwei/code/myBeijingHell/build/CMakeFiles/CMakeTmp

Run Build Command(s):/usr/bin/gmake -f Makefile cmTC_92422/fast && /usr/bin/gmake  -f CMakeFiles/cmTC_92422.dir/build.make CMakeFiles/cmTC_92422.dir/build
gmake[1]: Entering directory '/home/taiwei/code/myBeijingHell/build/CMakeFiles/CMakeTmp'
Building C object CMakeFiles/cmTC_92422.dir/CheckSymbolExists.c.o
/usr/bin/cc   -idirafter "/home/taiwei/code/myBeijingHell/external/SDL2/src/video/khronos"  -D_GNU_SOURCE=1 -o CMakeFiles/cmTC_92422.dir/CheckSymbolExists.c.o -c /home/taiwei/code/myBeijingHell/build/CMakeFiles/CMakeTmp/CheckSymbolExists.c
Linking C executable cmTC_92422
/usr/bin/cmake -E cmake_link_script CMakeFiles/cmTC_92422.dir/link.txt --verbose=1
/usr/bin/cc  -idirafter "/home/taiwei/code/myBeijingHell/external/SDL2/src/video/khronos"  -D_GNU_SOURCE=1 -rdynamic CMakeFiles/cmTC_92422.dir/CheckSymbolExists.c.o -o cmTC_92422  -lm 
gmake[1]: Leaving directory '/home/taiwei/code/myBeijingHell/build/CMakeFiles/CMakeTmp'


File /home/taiwei/code/myBeijingHell/build/CMakeFiles/CMakeTmp/CheckSymbolExists.c:
/* */
#include <math.h>

int main(int argc, char** argv)
{
  (void)argv;
#ifndef exp
  return ((int*)(&exp))[argc];
#else
  (void)argc;
  return 0;
#endif
}
Determining if the expf exist passed with the following output:
Change Dir: /home/taiwei/code/myBeijingHell/build/CMakeFiles/CMakeTmp

Run Build Command(s):/usr/bin/gmake -f Makefile cmTC_36557/fast && /usr/bin/gmake  -f CMakeFiles/cmTC_36557.dir/build.make CMakeFiles/cmTC_36557.dir/build
gmake[1]: Entering directory '/home/taiwei/code/myBeijingHell/build/CMakeFiles/CMakeTmp'
Building C object CMakeFiles/cmTC_36557.dir/CheckSymbolExists.c.o
/usr/bin/cc   -idirafter "/home/taiwei/code/myBeijingHell/external/SDL2/src/video/khronos"  -D_GNU_SOURCE=1 -o CMakeFiles/cmTC_36557.dir/CheckSymbolExists.c.o -c /home/taiwei/code/myBeijingHell/build/CMakeFiles/CMakeTmp/CheckSymbolExists.c
Linking C executable cmTC_36557
/usr/bin/cmake -E cmake_link_script CMakeFiles/cmTC_36557.dir/link.txt --verbose=1
/usr/bin/cc  -idirafter "/home/taiwei/code/myBeijingHell/external/SDL2/src/video/khronos"  -D_GNU_SOURCE=1 -rdynamic CMakeFiles/cmTC_36557.dir/CheckSymbolExists.c.o -o cmTC_36557  -lm 
gmake[1]: Leaving directory '/home/taiwei/code/myBeijingHell/build/CMakeFiles/CMakeTmp'


File /home/taiwei/code/myBeijingHell/build/CMakeFiles/CMakeTmp/CheckSymbolExists.c:
/* */
#include <math.h>

int main(int argc, char** argv)
{
  (void)argv;
#ifndef expf
  return ((int*)(&expf))[argc];
#else
  (void)argc;
  return 0;
#endif
}
Determining if the fabs exist passed with the following output:
Change Dir: /home/taiwei/code/myBeijingHell/build/CMakeFiles/CMakeTmp

Run Build Command(s):/usr/bin/gmake -f Makefile cmTC_0fe35/fast && /usr/bin/gmake  -f CMakeFiles/cmTC_0fe35.dir/build.make CMakeFiles/cmTC_0fe35.dir/build
gmake[1]: Entering directory '/home/taiwei/code/myBeijingHell/build/CMakeFiles/CMakeTmp'
Building C object CMakeFiles/cmTC_0fe35.dir/CheckSymbolExists.c.o
/usr/bin/cc   -idirafter "/home/taiwei/code/myBeijingHell/external/SDL2/src/video/khronos"  -D_GNU_SOURCE=1 -o CMakeFiles/cmTC_0fe35.dir/CheckSymbolExists.c.o -c /home/taiwei/code/myBeijingHell/build/CMakeFiles/CMakeTmp/CheckSymbolExists.c
Linking C executable cmTC_0fe35
/usr/bin/cmake -E cmake_link_script CMakeFiles/cmTC_0fe35.dir/link.txt --verbose=1
/usr/bin/cc  -idirafter "/home/taiwei/code/myBeijingHell/external/SDL2/src/video/khronos"  -D_GNU_SOURCE=1 -rdynamic CMakeFiles/cmTC_0fe35.dir/CheckSymbolExists.c.o -o cmTC_0fe35  -lm 
gmake[1]: Leaving directory '/home/taiwei/code/myBeijingHell/build/CMakeFiles/CMakeTmp'


File /home/taiwei/code/myBeijingHell/build/CMakeFiles/CMakeTmp/CheckSymbolExists.c:
/* */
#include <math.h>

int main(int argc, char** argv)
{
  (void)argv;
#ifndef fabs
  return ((int*)(&fabs))[argc];
#else
  (void)argc;
  return 0;
#endif
}
Determining if the fabsf exist passed with the following output:
Change Dir: /home/taiwei/code/myBeijingHell/build/CMakeFiles/CMakeTmp

Run Build Command(s):/usr/bin/gmake -f Makefile cmTC_13176/fast && /usr/bin/gmake  -f CMakeFiles/cmTC_13176.dir/build.make CMakeFiles/cmTC_13176.dir/build
gmake[1]: Entering directory '/home/taiwei/code/myBeijingHell/build/CMakeFiles/CMakeTmp'
Building C object CMakeFiles/cmTC_13176.dir/CheckSymbolExists.c.o
/usr/bin/cc   -idirafter "/home/taiwei/code/myBeijingHell/external/SDL2/src/video/khronos"  -D_GNU_SOURCE=1 -o CMakeFiles/cmTC_13176.dir/CheckSymbolExists.c.o -c /home/taiwei/code/myBeijingHell/build/CMakeFiles/CMakeTmp/CheckSymbolExists.c
Linking C executable cmTC_13176
/usr/bin/cmake -E cmake_link_script CMakeFiles/cmTC_13176.dir/link.txt --verbose=1
/usr/bin/cc  -idirafter "/home/taiwei/code/myBeijingHell/external/SDL2/src/video/khronos"  -D_GNU_SOURCE=1 -rdynamic CMakeFiles/cmTC_13176.dir/CheckSymbolExists.c.o -o cmTC_13176  -lm 
gmake[1]: Leaving directory '/home/taiwei/code/myBeijingHell/build/CMakeFiles/CMakeTmp'


File /home/taiwei/code/myBeijingHell/build/CMakeFiles/CMakeTmp/CheckSymbolExists.c:
/* */
#include <math.h>

int main(int argc, char** argv)
{
  (void)argv;
#ifndef fabsf
  return ((int*)(&fabsf))[argc];
#else
  (void)argc;
  return 0;
#endif
}
Determining if the floor exist passed with the following output:
Change Dir: /home/taiwei/code/myBeijingHell/build/CMakeFiles/CMakeTmp

Run Build Command(s):/usr/bin/gmake -f Makefile cmTC_8e2ad/fast && /usr/bin/gmake  -f CMakeFiles/cmTC_8e2ad.dir/build.make CMakeFiles/cmTC_8e2ad.dir/build
gmake[1]: Entering directory '/home/taiwei/code/myBeijingHell/build/CMakeFiles/CMakeTmp'
Building C object CMakeFiles/cmTC_8e2ad.dir/CheckSymbolExists.c.o
/usr/bin/cc   -idirafter "/home/taiwei/code/myBeijingHell/external/SDL2/src/video/khronos"  -D_GNU_SOURCE=1 -o CMakeFiles/cmTC_8e2ad.dir/CheckSymbolExists.c.o -c /home/taiwei/code/myBeijingHell/build/CMakeFiles/CMakeTmp/CheckSymbolExists.c
Linking C executable cmTC_8e2ad
/usr/bin/cmake -E cmake_link_script CMakeFiles/cmTC_8e2ad.dir/link.txt --verbose=1
/usr/bin/cc  -idirafter "/home/taiwei/code/myBeijingHell/external/SDL2/src/video/khronos"  -D_GNU_SOURCE=1 -rdynamic CMakeFiles/cmTC_8e2ad.dir/CheckSymbolExists.c.o -o cmTC_8e2ad  -lm 
gmake[1]: Leaving directory '/home/taiwei/code/myBeijingHell/build/CMakeFiles/CMakeTmp'


File /home/taiwei/code/myBeijingHell/build/CMakeFiles/CMakeTmp/CheckSymbolExists.c:
/* */
#include <math.h>

int main(int argc, char** argv)
{
  (void)argv;
#ifndef floor
  return ((int*)(&floor))[argc];
#else
  (void)argc;
  return 0;
#endif
}
Determining if the floorf exist passed with the following output:
Change Dir: /home/taiwei/code/myBeijingHell/build/CMakeFiles/CMakeTmp

Run Build Command(s):/usr/bin/gmake -f Makefile cmTC_42e13/fast && /usr/bin/gmake  -f CMakeFiles/cmTC_42e13.dir/build.make CMakeFiles/cmTC_42e13.dir/build
gmake[1]: Entering directory '/home/taiwei/code/myBeijingHell/build/CMakeFiles/CMakeTmp'
Building C object CMakeFiles/cmTC_42e13.dir/CheckSymbolExists.c.o
/usr/bin/cc   -idirafter "/home/taiwei/code/myBeijingHell/external/SDL2/src/video/khronos"  -D_GNU_SOURCE=1 -o CMakeFiles/cmTC_42e13.dir/CheckSymbolExists.c.o -c /home/taiwei/code/myBeijingHell/build/CMakeFiles/CMakeTmp/CheckSymbolExists.c
Linking C executable cmTC_42e13
/usr/bin/cmake -E cmake_link_script CMakeFiles/cmTC_42e13.dir/link.txt --verbose=1
/usr/bin/cc  -idirafter "/home/taiwei/code/myBeijingHell/external/SDL2/src/video/khronos"  -D_GNU_SOURCE=1 -rdynamic CMakeFiles/cmTC_42e13.dir/CheckSymbolExists.c.o -o cmTC_42e13  -lm 
gmake[1]: Leaving directory '/home/taiwei/code/myBeijingHell/build/CMakeFiles/CMakeTmp'


File /home/taiwei/code/myBeijingHell/build/CMakeFiles/CMakeTmp/CheckSymbolExists.c:
/* */
#include <math.h>

int main(int argc, char** argv)
{
  (void)argv;
#ifndef floorf
  return ((int*)(&floorf))[argc];
#else
  (void)argc;
  return 0;
#endif
}
Determining if the fmod exist passed with the following output:
Change Dir: /home/taiwei/code/myBeijingHell/build/CMakeFiles/CMakeTmp

Run Build Command(s):/usr/bin/gmake -f Makefile cmTC_c338d/fast && /usr/bin/gmake  -f CMakeFiles/cmTC_c338d.dir/build.make CMakeFiles/cmTC_c338d.dir/build
gmake[1]: Entering directory '/home/taiwei/code/myBeijingHell/build/CMakeFiles/CMakeTmp'
Building C object CMakeFiles/cmTC_c338d.dir/CheckSymbolExists.c.o
/usr/bin/cc   -idirafter "/home/taiwei/code/myBeijingHell/external/SDL2/src/video/khronos"  -D_GNU_SOURCE=1 -o CMakeFiles/cmTC_c338d.dir/CheckSymbolExists.c.o -c /home/taiwei/code/myBeijingHell/build/CMakeFiles/CMakeTmp/CheckSymbolExists.c
Linking C executable cmTC_c338d
/usr/bin/cmake -E cmake_link_script CMakeFiles/cmTC_c338d.dir/link.txt --verbose=1
/usr/bin/cc  -idirafter "/home/taiwei/code/myBeijingHell/external/SDL2/src/video/khronos"  -D_GNU_SOURCE=1 -rdynamic CMakeFiles/cmTC_c338d.dir/CheckSymbolExists.c.o -o cmTC_c338d  -lm 
gmake[1]: Leaving directory '/home/taiwei/code/myBeijingHell/build/CMakeFiles/CMakeTmp'


File /home/taiwei/code/myBeijingHell/build/CMakeFiles/CMakeTmp/CheckSymbolExists.c:
/* */
#include <math.h>

int main(int argc, char** argv)
{
  (void)argv;
#ifndef fmod
  return ((int*)(&fmod))[argc];
#else
  (void)argc;
  return 0;
#endif
}
Determining if the fmodf exist passed with the following output:
Change Dir: /home/taiwei/code/myBeijingHell/build/CMakeFiles/CMakeTmp

Run Build Command(s):/usr/bin/gmake -f Makefile cmTC_b7df3/fast && /usr/bin/gmake  -f CMakeFiles/cmTC_b7df3.dir/build.make CMakeFiles/cmTC_b7df3.dir/build
gmake[1]: Entering directory '/home/taiwei/code/myBeijingHell/build/CMakeFiles/CMakeTmp'
Building C object CMakeFiles/cmTC_b7df3.dir/CheckSymbolExists.c.o
/usr/bin/cc   -idirafter "/home/taiwei/code/myBeijingHell/external/SDL2/src/video/khronos"  -D_GNU_SOURCE=1 -o CMakeFiles/cmTC_b7df3.dir/CheckSymbolExists.c.o -c /home/taiwei/code/myBeijingHell/build/CMakeFiles/CMakeTmp/CheckSymbolExists.c
Linking C executable cmTC_b7df3
/usr/bin/cmake -E cmake_link_script CMakeFiles/cmTC_b7df3.dir/link.txt --verbose=1
/usr/bin/cc  -idirafter "/home/taiwei/code/myBeijingHell/external/SDL2/src/video/khronos"  -D_GNU_SOURCE=1 -rdynamic CMakeFiles/cmTC_b7df3.dir/CheckSymbolExists.c.o -o cmTC_b7df3  -lm 
gmake[1]: Leaving directory '/home/taiwei/code/myBeijingHell/build/CMakeFiles/CMakeTmp'


File /home/taiwei/code/myBeijingHell/build/CMakeFiles/CMakeTmp/CheckSymbolExists.c:
/* */
#include <math.h>

int main(int argc, char** argv)
{
  (void)argv;
#ifndef fmodf
  return ((int*)(&fmodf))[argc];
#else
  (void)argc;
  return 0;
#endif
}
Determining if the log exist passed with the following output:
Change Dir: /home/taiwei/code/myBeijingHell/build/CMakeFiles/CMakeTmp

Run Build Command(s):/usr/bin/gmake -f Makefile cmTC_bc832/fast && /usr/bin/gmake  -f CMakeFiles/cmTC_bc832.dir/build.make CMakeFiles/cmTC_bc832.dir/build
gmake[1]: Entering directory '/home/taiwei/code/myBeijingHell/build/CMakeFiles/CMakeTmp'
Building C object CMakeFiles/cmTC_bc832.dir/CheckSymbolExists.c.o
/usr/bin/cc   -idirafter "/home/taiwei/code/myBeijingHell/external/SDL2/src/video/khronos"  -D_GNU_SOURCE=1 -o CMakeFiles/cmTC_bc832.dir/CheckSymbolExists.c.o -c /home/taiwei/code/myBeijingHell/build/CMakeFiles/CMakeTmp/CheckSymbolExists.c
Linking C executable cmTC_bc832
/usr/bin/cmake -E cmake_link_script CMakeFiles/cmTC_bc832.dir/link.txt --verbose=1
/usr/bin/cc  -idirafter "/home/taiwei/code/myBeijingHell/external/SDL2/src/video/khronos"  -D_GNU_SOURCE=1 -rdynamic CMakeFiles/cmTC_bc832.dir/CheckSymbolExists.c.o -o cmTC_bc832  -lm 
gmake[1]: Leaving directory '/home/taiwei/code/myBeijingHell/build/CMakeFiles/CMakeTmp'


File /home/taiwei/code/myBeijingHell/build/CMakeFiles/CMakeTmp/CheckSymbolExists.c:
/* */
#include <math.h>

int main(int argc, char** argv)
{
  (void)argv;
#ifndef log
  return ((int*)(&log))[argc];
#else
  (void)argc;
  return 0;
#endif
}
Determining if the logf exist passed with the following output:
Change Dir: /home/taiwei/code/myBeijingHell/build/CMakeFiles/CMakeTmp

Run Build Command(s):/usr/bin/gmake -f Makefile cmTC_fd05e/fast && /usr/bin/gmake  -f CMakeFiles/cmTC_fd05e.dir/build.make CMakeFiles/cmTC_fd05e.dir/build
gmake[1]: Entering directory '/home/taiwei/code/myBeijingHell/build/CMakeFiles/CMakeTmp'
Building C object CMakeFiles/cmTC_fd05e.dir/CheckSymbolExists.c.o
/usr/bin/cc   -idirafter "/home/taiwei/code/myBeijingHell/external/SDL2/src/video/khronos"  -D_GNU_SOURCE=1 -o CMakeFiles/cmTC_fd05e.dir/CheckSymbolExists.c.o -c /home/taiwei/code/myBeijingHell/build/CMakeFiles/CMakeTmp/CheckSymbolExists.c
Linking C executable cmTC_fd05e
/usr/bin/cmake -E cmake_link_script CMakeFiles/cmTC_fd05e.dir/link.txt --verbose=1
/usr/bin/cc  -idirafter "/home/taiwei/code/myBeijingHell/external/SDL2/src/video/khronos"  -D_GNU_SOURCE=1 -rdynamic CMakeFiles/cmTC_fd05e.dir/CheckSymbolExists.c.o -o cmTC_fd05e  -lm 
gmake[1]: Leaving directory '/home/taiwei/code/myBeijingHell/build/CMakeFiles/CMakeTmp'


File /home/taiwei/code/myBeijingHell/build/CMakeFiles/CMakeTmp/CheckSymbolExists.c:
/* */
#include <math.h>

int main(int argc, char** argv)
{
  (void)argv;
#ifndef logf
  return ((int*)(&logf))[argc];
#else
  (void)argc;
  return 0;
#endif
}
Determining if the log10 exist passed with the following output:
Change Dir: /home/taiwei/code/myBeijingHell/build/CMakeFiles/CMakeTmp

Run Build Command(s):/usr/bin/gmake -f Makefile cmTC_09eba/fast && /usr/bin/gmake  -f CMakeFiles/cmTC_09eba.dir/build.make CMakeFiles/cmTC_09eba.dir/build
gmake[1]: Entering directory '/home/taiwei/code/myBeijingHell/build/CMakeFiles/CMakeTmp'
Building C object CMakeFiles/cmTC_09eba.dir/CheckSymbolExists.c.o
/usr/bin/cc   -idirafter "/home/taiwei/code/myBeijingHell/external/SDL2/src/video/khronos"  -D_GNU_SOURCE=1 -o CMakeFiles/cmTC_09eba.dir/CheckSymbolExists.c.o -c /home/taiwei/code/myBeijingHell/build/CMakeFiles/CMakeTmp/CheckSymbolExists.c
Linking C executable cmTC_09eba
/usr/bin/cmake -E cmake_link_script CMakeFiles/cmTC_09eba.dir/link.txt --verbose=1
/usr/bin/cc  -idirafter "/home/taiwei/code/myBeijingHell/external/SDL2/src/video/khronos"  -D_GNU_SOURCE=1 -rdynamic CMakeFiles/cmTC_09eba.dir/CheckSymbolExists.c.o -o cmTC_09eba  -lm 
gmake[1]: Leaving directory '/home/taiwei/code/myBeijingHell/build/CMakeFiles/CMakeTmp'


File /home/taiwei/code/myBeijingHell/build/CMakeFiles/CMakeTmp/CheckSymbolExists.c:
/* */
#include <math.h>

int main(int argc, char** argv)
{
  (void)argv;
#ifndef log10
  return ((int*)(&log10))[argc];
#else
  (void)argc;
  return 0;
#endif
}
Determining if the log10f exist passed with the following output:
Change Dir: /home/taiwei/code/myBeijingHell/build/CMakeFiles/CMakeTmp

Run Build Command(s):/usr/bin/gmake -f Makefile cmTC_ccb5d/fast && /usr/bin/gmake  -f CMakeFiles/cmTC_ccb5d.dir/build.make CMakeFiles/cmTC_ccb5d.dir/build
gmake[1]: Entering directory '/home/taiwei/code/myBeijingHell/build/CMakeFiles/CMakeTmp'
Building C object CMakeFiles/cmTC_ccb5d.dir/CheckSymbolExists.c.o
/usr/bin/cc   -idirafter "/home/taiwei/code/myBeijingHell/external/SDL2/src/video/khronos"  -D_GNU_SOURCE=1 -o CMakeFiles/cmTC_ccb5d.dir/CheckSymbolExists.c.o -c /home/taiwei/code/myBeijingHell/build/CMakeFiles/CMakeTmp/CheckSymbolExists.c
Linking C executable cmTC_ccb5d
/usr/bin/cmake -E cmake_link_script CMakeFiles/cmTC_ccb5d.dir/link.txt --verbose=1
/usr/bin/cc  -idirafter "/home/taiwei/code/myBeijingHell/external/SDL2/src/video/khronos"  -D_GNU_SOURCE=1 -rdynamic CMakeFiles/cmTC_ccb5d.dir/CheckSymbolExists.c.o -o cmTC_ccb5d  -lm 
gmake[1]: Leaving directory '/home/taiwei/code/myBeijingHell/build/CMakeFiles/CMakeTmp'


File /home/taiwei/code/myBeijingHell/build/CMakeFiles/CMakeTmp/CheckSymbolExists.c:
/* */
#include <math.h>

int main(int argc, char** argv)
{
  (void)argv;
#ifndef log10f
  return ((int*)(&log10f))[argc];
#else
  (void)argc;
  return 0;
#endif
}
Determining if the lround exist passed with the following output:
Change Dir: /home/taiwei/code/myBeijingHell/build/CMakeFiles/CMakeTmp

Run Build Command(s):/usr/bin/gmake -f Makefile cmTC_53b4a/fast && /usr/bin/gmake  -f CMakeFiles/cmTC_53b4a.dir/build.make CMakeFiles/cmTC_53b4a.dir/build
gmake[1]: Entering directory '/home/taiwei/code/myBeijingHell/build/CMakeFiles/CMakeTmp'
Building C object CMakeFiles/cmTC_53b4a.dir/CheckSymbolExists.c.o
/usr/bin/cc   -idirafter "/home/taiwei/code/myBeijingHell/external/SDL2/src/video/khronos"  -D_GNU_SOURCE=1 -o CMakeFiles/cmTC_53b4a.dir/CheckSymbolExists.c.o -c /home/taiwei/code/myBeijingHell/build/CMakeFiles/CMakeTmp/CheckSymbolExists.c
Linking C executable cmTC_53b4a
/usr/bin/cmake -E cmake_link_script CMakeFiles/cmTC_53b4a.dir/link.txt --verbose=1
/usr/bin/cc  -idirafter "/home/taiwei/code/myBeijingHell/external/SDL2/src/video/khronos"  -D_GNU_SOURCE=1 -rdynamic CMakeFiles/cmTC_53b4a.dir/CheckSymbolExists.c.o -o cmTC_53b4a  -lm 
gmake[1]: Leaving directory '/home/taiwei/code/myBeijingHell/build/CMakeFiles/CMakeTmp'


File /home/taiwei/code/myBeijingHell/build/CMakeFiles/CMakeTmp/CheckSymbolExists.c:
/* */
#include <math.h>

int main(int argc, char** argv)
{
  (void)argv;
#ifndef lround
  return ((int*)(&lround))[argc];
#else
  (void)argc;
  return 0;
#endif
}
Determining if the lroundf exist passed with the following output:
Change Dir: /home/taiwei/code/myBeijingHell/build/CMakeFiles/CMakeTmp

Run Build Command(s):/usr/bin/gmake -f Makefile cmTC_0282a/fast && /usr/bin/gmake  -f CMakeFiles/cmTC_0282a.dir/build.make CMakeFiles/cmTC_0282a.dir/build
gmake[1]: Entering directory '/home/taiwei/code/myBeijingHell/build/CMakeFiles/CMakeTmp'
Building C object CMakeFiles/cmTC_0282a.dir/CheckSymbolExists.c.o
/usr/bin/cc   -idirafter "/home/taiwei/code/myBeijingHell/external/SDL2/src/video/khronos"  -D_GNU_SOURCE=1 -o CMakeFiles/cmTC_0282a.dir/CheckSymbolExists.c.o -c /home/taiwei/code/myBeijingHell/build/CMakeFiles/CMakeTmp/CheckSymbolExists.c
Linking C executable cmTC_0282a
/usr/bin/cmake -E cmake_link_script CMakeFiles/cmTC_0282a.dir/link.txt --verbose=1
/usr/bin/cc  -idirafter "/home/taiwei/code/myBeijingHell/external/SDL2/src/video/khronos"  -D_GNU_SOURCE=1 -rdynamic CMakeFiles/cmTC_0282a.dir/CheckSymbolExists.c.o -o cmTC_0282a  -lm 
gmake[1]: Leaving directory '/home/taiwei/code/myBeijingHell/build/CMakeFiles/CMakeTmp'


File /home/taiwei/code/myBeijingHell/build/CMakeFiles/CMakeTmp/CheckSymbolExists.c:
/* */
#include <math.h>

int main(int argc, char** argv)
{
  (void)argv;
#ifndef lroundf
  return ((int*)(&lroundf))[argc];
#else
  (void)argc;
  return 0;
#endif
}
Determining if the pow exist passed with the following output:
Change Dir: /home/taiwei/code/myBeijingHell/build/CMakeFiles/CMakeTmp

Run Build Command(s):/usr/bin/gmake -f Makefile cmTC_cc7d8/fast && /usr/bin/gmake  -f CMakeFiles/cmTC_cc7d8.dir/build.make CMakeFiles/cmTC_cc7d8.dir/build
gmake[1]: Entering directory '/home/taiwei/code/myBeijingHell/build/CMakeFiles/CMakeTmp'
Building C object CMakeFiles/cmTC_cc7d8.dir/CheckSymbolExists.c.o
/usr/bin/cc   -idirafter "/home/taiwei/code/myBeijingHell/external/SDL2/src/video/khronos"  -D_GNU_SOURCE=1 -o CMakeFiles/cmTC_cc7d8.dir/CheckSymbolExists.c.o -c /home/taiwei/code/myBeijingHell/build/CMakeFiles/CMakeTmp/CheckSymbolExists.c
Linking C executable cmTC_cc7d8
/usr/bin/cmake -E cmake_link_script CMakeFiles/cmTC_cc7d8.dir/link.txt --verbose=1
/usr/bin/cc  -idirafter "/home/taiwei/code/myBeijingHell/external/SDL2/src/video/khronos"  -D_GNU_SOURCE=1 -rdynamic CMakeFiles/cmTC_cc7d8.dir/CheckSymbolExists.c.o -o cmTC_cc7d8  -lm 
gmake[1]: Leaving directory '/home/taiwei/code/myBeijingHell/build/CMakeFiles/CMakeTmp'


File /home/taiwei/code/myBeijingHell/build/CMakeFiles/CMakeTmp/CheckSymbolExists.c:
/* */
#include <math.h>

int main(int argc, char** argv)
{
  (void)argv;
#ifndef pow
  return ((int*)(&pow))[argc];
#else
  (void)argc;
  return 0;
#endif
}
Determining if the powf exist passed with the following output:
Change Dir: /home/taiwei/code/myBeijingHell/build/CMakeFiles/CMakeTmp

Run Build Command(s):/usr/bin/gmake -f Makefile cmTC_7e47a/fast && /usr/bin/gmake  -f CMakeFiles/cmTC_7e47a.dir/build.make CMakeFiles/cmTC_7e47a.dir/build
gmake[1]: Entering directory '/home/taiwei/code/myBeijingHell/build/CMakeFiles/CMakeTmp'
Building C object CMakeFiles/cmTC_7e47a.dir/CheckSymbolExists.c.o
/usr/bin/cc   -idirafter "/home/taiwei/code/myBeijingHell/external/SDL2/src/video/khronos"  -D_GNU_SOURCE=1 -o CMakeFiles/cmTC_7e47a.dir/CheckSymbolExists.c.o -c /home/taiwei/code/myBeijingHell/build/CMakeFiles/CMakeTmp/CheckSymbolExists.c
Linking C executable cmTC_7e47a
/usr/bin/cmake -E cmake_link_script CMakeFiles/cmTC_7e47a.dir/link.txt --verbose=1
/usr/bin/cc  -idirafter "/home/taiwei/code/myBeijingHell/external/SDL2/src/video/khronos"  -D_GNU_SOURCE=1 -rdynamic CMakeFiles/cmTC_7e47a.dir/CheckSymbolExists.c.o -o cmTC_7e47a  -lm 
gmake[1]: Leaving directory '/home/taiwei/code/myBeijingHell/build/CMakeFiles/CMakeTmp'


File /home/taiwei/code/myBeijingHell/build/CMakeFiles/CMakeTmp/CheckSymbolExists.c:
/* */
#include <math.h>

int main(int argc, char** argv)
{
  (void)argv;
#ifndef powf
  return ((int*)(&powf))[argc];
#else
  (void)argc;
  return 0;
#endif
}
Determining if the round exist passed with the following output:
Change Dir: /home/taiwei/code/myBeijingHell/build/CMakeFiles/CMakeTmp

Run Build Command(s):/usr/bin/gmake -f Makefile cmTC_34c73/fast && /usr/bin/gmake  -f CMakeFiles/cmTC_34c73.dir/build.make CMakeFiles/cmTC_34c73.dir/build
gmake[1]: Entering directory '/home/taiwei/code/myBeijingHell/build/CMakeFiles/CMakeTmp'
Building C object CMakeFiles/cmTC_34c73.dir/CheckSymbolExists.c.o
/usr/bin/cc   -idirafter "/home/taiwei/code/myBeijingHell/external/SDL2/src/video/khronos"  -D_GNU_SOURCE=1 -o CMakeFiles/cmTC_34c73.dir/CheckSymbolExists.c.o -c /home/taiwei/code/myBeijingHell/build/CMakeFiles/CMakeTmp/CheckSymbolExists.c
Linking C executable cmTC_34c73
/usr/bin/cmake -E cmake_link_script CMakeFiles/cmTC_34c73.dir/link.txt --verbose=1
/usr/bin/cc  -idirafter "/home/taiwei/code/myBeijingHell/external/SDL2/src/video/khronos"  -D_GNU_SOURCE=1 -rdynamic CMakeFiles/cmTC_34c73.dir/CheckSymbolExists.c.o -o cmTC_34c73  -lm 
gmake[1]: Leaving directory '/home/taiwei/code/myBeijingHell/build/CMakeFiles/CMakeTmp'


File /home/taiwei/code/myBeijingHell/build/CMakeFiles/CMakeTmp/CheckSymbolExists.c:
/* */
#include <math.h>

int main(int argc, char** argv)
{
  (void)argv;
#ifndef round
  return ((int*)(&round))[argc];
#else
  (void)argc;
  return 0;
#endif
}
Determining if the roundf exist passed with the following output:
Change Dir: /home/taiwei/code/myBeijingHell/build/CMakeFiles/CMakeTmp

Run Build Command(s):/usr/bin/gmake -f Makefile cmTC_09b5a/fast && /usr/bin/gmake  -f CMakeFiles/cmTC_09b5a.dir/build.make CMakeFiles/cmTC_09b5a.dir/build
gmake[1]: Entering directory '/home/taiwei/code/myBeijingHell/build/CMakeFiles/CMakeTmp'
Building C object CMakeFiles/cmTC_09b5a.dir/CheckSymbolExists.c.o
/usr/bin/cc   -idirafter "/home/taiwei/code/myBeijingHell/external/SDL2/src/video/khronos"  -D_GNU_SOURCE=1 -o CMakeFiles/cmTC_09b5a.dir/CheckSymbolExists.c.o -c /home/taiwei/code/myBeijingHell/build/CMakeFiles/CMakeTmp/CheckSymbolExists.c
Linking C executable cmTC_09b5a
/usr/bin/cmake -E cmake_link_script CMakeFiles/cmTC_09b5a.dir/link.txt --verbose=1
/usr/bin/cc  -idirafter "/home/taiwei/code/myBeijingHell/external/SDL2/src/video/khronos"  -D_GNU_SOURCE=1 -rdynamic CMakeFiles/cmTC_09b5a.dir/CheckSymbolExists.c.o -o cmTC_09b5a  -lm 
gmake[1]: Leaving directory '/home/taiwei/code/myBeijingHell/build/CMakeFiles/CMakeTmp'


File /home/taiwei/code/myBeijingHell/build/CMakeFiles/CMakeTmp/CheckSymbolExists.c:
/* */
#include <math.h>

int main(int argc, char** argv)
{
  (void)argv;
#ifndef roundf
  return ((int*)(&roundf))[argc];
#else
  (void)argc;
  return 0;
#endif
}
Determining if the scalbn exist passed with the following output:
Change Dir: /home/taiwei/code/myBeijingHell/build/CMakeFiles/CMakeTmp

Run Build Command(s):/usr/bin/gmake -f Makefile cmTC_677f6/fast && /usr/bin/gmake  -f CMakeFiles/cmTC_677f6.dir/build.make CMakeFiles/cmTC_677f6.dir/build
gmake[1]: Entering directory '/home/taiwei/code/myBeijingHell/build/CMakeFiles/CMakeTmp'
Building C object CMakeFiles/cmTC_677f6.dir/CheckSymbolExists.c.o
/usr/bin/cc   -idirafter "/home/taiwei/code/myBeijingHell/external/SDL2/src/video/khronos"  -D_GNU_SOURCE=1 -o CMakeFiles/cmTC_677f6.dir/CheckSymbolExists.c.o -c /home/taiwei/code/myBeijingHell/build/CMakeFiles/CMakeTmp/CheckSymbolExists.c
Linking C executable cmTC_677f6
/usr/bin/cmake -E cmake_link_script CMakeFiles/cmTC_677f6.dir/link.txt --verbose=1
/usr/bin/cc  -idirafter "/home/taiwei/code/myBeijingHell/external/SDL2/src/video/khronos"  -D_GNU_SOURCE=1 -rdynamic CMakeFiles/cmTC_677f6.dir/CheckSymbolExists.c.o -o cmTC_677f6  -lm 
gmake[1]: Leaving directory '/home/taiwei/code/myBeijingHell/build/CMakeFiles/CMakeTmp'


File /home/taiwei/code/myBeijingHell/build/CMakeFiles/CMakeTmp/CheckSymbolExists.c:
/* */
#include <math.h>

int main(int argc, char** argv)
{
  (void)argv;
#ifndef scalbn
  return ((int*)(&scalbn))[argc];
#else
  (void)argc;
  return 0;
#endif
}
Determining if the scalbnf exist passed with the following output:
Change Dir: /home/taiwei/code/myBeijingHell/build/CMakeFiles/CMakeTmp

Run Build Command(s):/usr/bin/gmake -f Makefile cmTC_60ea2/fast && /usr/bin/gmake  -f CMakeFiles/cmTC_60ea2.dir/build.make CMakeFiles/cmTC_60ea2.dir/build
gmake[1]: Entering directory '/home/taiwei/code/myBeijingHell/build/CMakeFiles/CMakeTmp'
Building C object CMakeFiles/cmTC_60ea2.dir/CheckSymbolExists.c.o
/usr/bin/cc   -idirafter "/home/taiwei/code/myBeijingHell/external/SDL2/src/video/khronos"  -D_GNU_SOURCE=1 -o CMakeFiles/cmTC_60ea2.dir/CheckSymbolExists.c.o -c /home/taiwei/code/myBeijingHell/build/CMakeFiles/CMakeTmp/CheckSymbolExists.c
Linking C executable cmTC_60ea2
/usr/bin/cmake -E cmake_link_script CMakeFiles/cmTC_60ea2.dir/link.txt --verbose=1
/usr/bin/cc  -idirafter "/home/taiwei/code/myBeijingHell/external/SDL2/src/video/khronos"  -D_GNU_SOURCE=1 -rdynamic CMakeFiles/cmTC_60ea2.dir/CheckSymbolExists.c.o -o cmTC_60ea2  -lm 
gmake[1]: Leaving directory '/home/taiwei/code/myBeijingHell/build/CMakeFiles/CMakeTmp'


File /home/taiwei/code/myBeijingHell/build/CMakeFiles/CMakeTmp/CheckSymbolExists.c:
/* */
#include <math.h>

int main(int argc, char** argv)
{
  (void)argv;
#ifndef scalbnf
  return ((int*)(&scalbnf))[argc];
#else
  (void)argc;
  return 0;
#endif
}
Determining if the sin exist passed with the following output:
Change Dir: /home/taiwei/code/myBeijingHell/build/CMakeFiles/CMakeTmp

Run Build Command(s):/usr/bin/gmake -f Makefile cmTC_2d8cb/fast && /usr/bin/gmake  -f CMakeFiles/cmTC_2d8cb.dir/build.make CMakeFiles/cmTC_2d8cb.dir/build
gmake[1]: Entering directory '/home/taiwei/code/myBeijingHell/build/CMakeFiles/CMakeTmp'
Building C object CMakeFiles/cmTC_2d8cb.dir/CheckSymbolExists.c.o
/usr/bin/cc   -idirafter "/home/taiwei/code/myBeijingHell/external/SDL2/src/video/khronos"  -D_GNU_SOURCE=1 -o CMakeFiles/cmTC_2d8cb.dir/CheckSymbolExists.c.o -c /home/taiwei/code/myBeijingHell/build/CMakeFiles/CMakeTmp/CheckSymbolExists.c
Linking C executable cmTC_2d8cb
/usr/bin/cmake -E cmake_link_script CMakeFiles/cmTC_2d8cb.dir/link.txt --verbose=1
/usr/bin/cc  -idirafter "/home/taiwei/code/myBeijingHell/external/SDL2/src/video/khronos"  -D_GNU_SOURCE=1 -rdynamic CMakeFiles/cmTC_2d8cb.dir/CheckSymbolExists.c.o -o cmTC_2d8cb  -lm 
gmake[1]: Leaving directory '/home/taiwei/code/myBeijingHell/build/CMakeFiles/CMakeTmp'


File /home/taiwei/code/myBeijingHell/build/CMakeFiles/CMakeTmp/CheckSymbolExists.c:
/* */
#include <math.h>

int main(int argc, char** argv)
{
  (void)argv;
#ifndef sin
  return ((int*)(&sin))[argc];
#else
  (void)argc;
  return 0;
#endif
}
Determining if the sinf exist passed with the following output:
Change Dir: /home/taiwei/code/myBeijingHell/build/CMakeFiles/CMakeTmp

Run Build Command(s):/usr/bin/gmake -f Makefile cmTC_a75cb/fast && /usr/bin/gmake  -f CMakeFiles/cmTC_a75cb.dir/build.make CMakeFiles/cmTC_a75cb.dir/build
gmake[1]: Entering directory '/home/taiwei/code/myBeijingHell/build/CMakeFiles/CMakeTmp'
Building C object CMakeFiles/cmTC_a75cb.dir/CheckSymbolExists.c.o
/usr/bin/cc   -idirafter "/home/taiwei/code/myBeijingHell/external/SDL2/src/video/khronos"  -D_GNU_SOURCE=1 -o CMakeFiles/cmTC_a75cb.dir/CheckSymbolExists.c.o -c /home/taiwei/code/myBeijingHell/build/CMakeFiles/CMakeTmp/CheckSymbolExists.c
Linking C executable cmTC_a75cb
/usr/bin/cmake -E cmake_link_script CMakeFiles/cmTC_a75cb.dir/link.txt --verbose=1
/usr/bin/cc  -idirafter "/home/taiwei/code/myBeijingHell/external/SDL2/src/video/khronos"  -D_GNU_SOURCE=1 -rdynamic CMakeFiles/cmTC_a75cb.dir/CheckSymbolExists.c.o -o cmTC_a75cb  -lm 
gmake[1]: Leaving directory '/home/taiwei/code/myBeijingHell/build/CMakeFiles/CMakeTmp'


File /home/taiwei/code/myBeijingHell/build/CMakeFiles/CMakeTmp/CheckSymbolExists.c:
/* */
#include <math.h>

int main(int argc, char** argv)
{
  (void)argv;
#ifndef sinf
  return ((int*)(&sinf))[argc];
#else
  (void)argc;
  return 0;
#endif
}
Determining if the sqrt exist passed with the following output:
Change Dir: /home/taiwei/code/myBeijingHell/build/CMakeFiles/CMakeTmp

Run Build Command(s):/usr/bin/gmake -f Makefile cmTC_2731f/fast && /usr/bin/gmake  -f CMakeFiles/cmTC_2731f.dir/build.make CMakeFiles/cmTC_2731f.dir/build
gmake[1]: Entering directory '/home/taiwei/code/myBeijingHell/build/CMakeFiles/CMakeTmp'
Building C object CMakeFiles/cmTC_2731f.dir/CheckSymbolExists.c.o
/usr/bin/cc   -idirafter "/home/taiwei/code/myBeijingHell/external/SDL2/src/video/khronos"  -D_GNU_SOURCE=1 -o CMakeFiles/cmTC_2731f.dir/CheckSymbolExists.c.o -c /home/taiwei/code/myBeijingHell/build/CMakeFiles/CMakeTmp/CheckSymbolExists.c
Linking C executable cmTC_2731f
/usr/bin/cmake -E cmake_link_script CMakeFiles/cmTC_2731f.dir/link.txt --verbose=1
/usr/bin/cc  -idirafter "/home/taiwei/code/myBeijingHell/external/SDL2/src/video/khronos"  -D_GNU_SOURCE=1 -rdynamic CMakeFiles/cmTC_2731f.dir/CheckSymbolExists.c.o -o cmTC_2731f  -lm 
gmake[1]: Leaving directory '/home/taiwei/code/myBeijingHell/build/CMakeFiles/CMakeTmp'


File /home/taiwei/code/myBeijingHell/build/CMakeFiles/CMakeTmp/CheckSymbolExists.c:
/* */
#include <math.h>

int main(int argc, char** argv)
{
  (void)argv;
#ifndef sqrt
  return ((int*)(&sqrt))[argc];
#else
  (void)argc;
  return 0;
#endif
}
Determining if the sqrtf exist passed with the following output:
Change Dir: /home/taiwei/code/myBeijingHell/build/CMakeFiles/CMakeTmp

Run Build Command(s):/usr/bin/gmake -f Makefile cmTC_12d01/fast && /usr/bin/gmake  -f CMakeFiles/cmTC_12d01.dir/build.make CMakeFiles/cmTC_12d01.dir/build
gmake[1]: Entering directory '/home/taiwei/code/myBeijingHell/build/CMakeFiles/CMakeTmp'
Building C object CMakeFiles/cmTC_12d01.dir/CheckSymbolExists.c.o
/usr/bin/cc   -idirafter "/home/taiwei/code/myBeijingHell/external/SDL2/src/video/khronos"  -D_GNU_SOURCE=1 -o CMakeFiles/cmTC_12d01.dir/CheckSymbolExists.c.o -c /home/taiwei/code/myBeijingHell/build/CMakeFiles/CMakeTmp/CheckSymbolExists.c
Linking C executable cmTC_12d01
/usr/bin/cmake -E cmake_link_script CMakeFiles/cmTC_12d01.dir/link.txt --verbose=1
/usr/bin/cc  -idirafter "/home/taiwei/code/myBeijingHell/external/SDL2/src/video/khronos"  -D_GNU_SOURCE=1 -rdynamic CMakeFiles/cmTC_12d01.dir/CheckSymbolExists.c.o -o cmTC_12d01  -lm 
gmake[1]: Leaving directory '/home/taiwei/code/myBeijingHell/build/CMakeFiles/CMakeTmp'


File /home/taiwei/code/myBeijingHell/build/CMakeFiles/CMakeTmp/CheckSymbolExists.c:
/* */
#include <math.h>

int main(int argc, char** argv)
{
  (void)argv;
#ifndef sqrtf
  return ((int*)(&sqrtf))[argc];
#else
  (void)argc;
  return 0;
#endif
}
Determining if the tan exist passed with the following output:
Change Dir: /home/taiwei/code/myBeijingHell/build/CMakeFiles/CMakeTmp

Run Build Command(s):/usr/bin/gmake -f Makefile cmTC_bbd95/fast && /usr/bin/gmake  -f CMakeFiles/cmTC_bbd95.dir/build.make CMakeFiles/cmTC_bbd95.dir/build
gmake[1]: Entering directory '/home/taiwei/code/myBeijingHell/build/CMakeFiles/CMakeTmp'
Building C object CMakeFiles/cmTC_bbd95.dir/CheckSymbolExists.c.o
/usr/bin/cc   -idirafter "/home/taiwei/code/myBeijingHell/external/SDL2/src/video/khronos"  -D_GNU_SOURCE=1 -o CMakeFiles/cmTC_bbd95.dir/CheckSymbolExists.c.o -c /home/taiwei/code/myBeijingHell/build/CMakeFiles/CMakeTmp/CheckSymbolExists.c
Linking C executable cmTC_bbd95
/usr/bin/cmake -E cmake_link_script CMakeFiles/cmTC_bbd95.dir/link.txt --verbose=1
/usr/bin/cc  -idirafter "/home/taiwei/code/myBeijingHell/external/SDL2/src/video/khronos"  -D_GNU_SOURCE=1 -rdynamic CMakeFiles/cmTC_bbd95.dir/CheckSymbolExists.c.o -o cmTC_bbd95  -lm 
gmake[1]: Leaving directory '/home/taiwei/code/myBeijingHell/build/CMakeFiles/CMakeTmp'


File /home/taiwei/code/myBeijingHell/build/CMakeFiles/CMakeTmp/CheckSymbolExists.c:
/* */
#include <math.h>

int main(int argc, char** argv)
{
  (void)argv;
#ifndef tan
  return ((int*)(&tan))[argc];
#else
  (void)argc;
  return 0;
#endif
}
Determining if the tanf exist passed with the following output:
Change Dir: /home/taiwei/code/myBeijingHell/build/CMakeFiles/CMakeTmp

Run Build Command(s):/usr/bin/gmake -f Makefile cmTC_636dd/fast && /usr/bin/gmake  -f CMakeFiles/cmTC_636dd.dir/build.make CMakeFiles/cmTC_636dd.dir/build
gmake[1]: Entering directory '/home/taiwei/code/myBeijingHell/build/CMakeFiles/CMakeTmp'
Building C object CMakeFiles/cmTC_636dd.dir/CheckSymbolExists.c.o
/usr/bin/cc   -idirafter "/home/taiwei/code/myBeijingHell/external/SDL2/src/video/khronos"  -D_GNU_SOURCE=1 -o CMakeFiles/cmTC_636dd.dir/CheckSymbolExists.c.o -c /home/taiwei/code/myBeijingHell/build/CMakeFiles/CMakeTmp/CheckSymbolExists.c
Linking C executable cmTC_636dd
/usr/bin/cmake -E cmake_link_script CMakeFiles/cmTC_636dd.dir/link.txt --verbose=1
/usr/bin/cc  -idirafter "/home/taiwei/code/myBeijingHell/external/SDL2/src/video/khronos"  -D_GNU_SOURCE=1 -rdynamic CMakeFiles/cmTC_636dd.dir/CheckSymbolExists.c.o -o cmTC_636dd  -lm 
gmake[1]: Leaving directory '/home/taiwei/code/myBeijingHell/build/CMakeFiles/CMakeTmp'


File /home/taiwei/code/myBeijingHell/build/CMakeFiles/CMakeTmp/CheckSymbolExists.c:
/* */
#include <math.h>

int main(int argc, char** argv)
{
  (void)argv;
#ifndef tanf
  return ((int*)(&tanf))[argc];
#else
  (void)argc;
  return 0;
#endif
}
Determining if the acos exist passed with the following output:
Change Dir: /home/taiwei/code/myBeijingHell/build/CMakeFiles/CMakeTmp

Run Build Command(s):/usr/bin/gmake -f Makefile cmTC_4fdab/fast && /usr/bin/gmake  -f CMakeFiles/cmTC_4fdab.dir/build.make CMakeFiles/cmTC_4fdab.dir/build
gmake[1]: Entering directory '/home/taiwei/code/myBeijingHell/build/CMakeFiles/CMakeTmp'
Building C object CMakeFiles/cmTC_4fdab.dir/CheckSymbolExists.c.o
/usr/bin/cc   -idirafter "/home/taiwei/code/myBeijingHell/external/SDL2/src/video/khronos"  -D_GNU_SOURCE=1 -o CMakeFiles/cmTC_4fdab.dir/CheckSymbolExists.c.o -c /home/taiwei/code/myBeijingHell/build/CMakeFiles/CMakeTmp/CheckSymbolExists.c
Linking C executable cmTC_4fdab
/usr/bin/cmake -E cmake_link_script CMakeFiles/cmTC_4fdab.dir/link.txt --verbose=1
/usr/bin/cc  -idirafter "/home/taiwei/code/myBeijingHell/external/SDL2/src/video/khronos"  -D_GNU_SOURCE=1 -rdynamic CMakeFiles/cmTC_4fdab.dir/CheckSymbolExists.c.o -o cmTC_4fdab  -lm 
gmake[1]: Leaving directory '/home/taiwei/code/myBeijingHell/build/CMakeFiles/CMakeTmp'


File /home/taiwei/code/myBeijingHell/build/CMakeFiles/CMakeTmp/CheckSymbolExists.c:
/* */
#include <math.h>

int main(int argc, char** argv)
{
  (void)argv;
#ifndef acos
  return ((int*)(&acos))[argc];
#else
  (void)argc;
  return 0;
#endif
}
Determining if the acosf exist passed with the following output:
Change Dir: /home/taiwei/code/myBeijingHell/build/CMakeFiles/CMakeTmp

Run Build Command(s):/usr/bin/gmake -f Makefile cmTC_7c415/fast && /usr/bin/gmake  -f CMakeFiles/cmTC_7c415.dir/build.make CMakeFiles/cmTC_7c415.dir/build
gmake[1]: Entering directory '/home/taiwei/code/myBeijingHell/build/CMakeFiles/CMakeTmp'
Building C object CMakeFiles/cmTC_7c415.dir/CheckSymbolExists.c.o
/usr/bin/cc   -idirafter "/home/taiwei/code/myBeijingHell/external/SDL2/src/video/khronos"  -D_GNU_SOURCE=1 -o CMakeFiles/cmTC_7c415.dir/CheckSymbolExists.c.o -c /home/taiwei/code/myBeijingHell/build/CMakeFiles/CMakeTmp/CheckSymbolExists.c
Linking C executable cmTC_7c415
/usr/bin/cmake -E cmake_link_script CMakeFiles/cmTC_7c415.dir/link.txt --verbose=1
/usr/bin/cc  -idirafter "/home/taiwei/code/myBeijingHell/external/SDL2/src/video/khronos"  -D_GNU_SOURCE=1 -rdynamic CMakeFiles/cmTC_7c415.dir/CheckSymbolExists.c.o -o cmTC_7c415  -lm 
gmake[1]: Leaving directory '/home/taiwei/code/myBeijingHell/build/CMakeFiles/CMakeTmp'


File /home/taiwei/code/myBeijingHell/build/CMakeFiles/CMakeTmp/CheckSymbolExists.c:
/* */
#include <math.h>

int main(int argc, char** argv)
{
  (void)argv;
#ifndef acosf
  return ((int*)(&acosf))[argc];
#else
  (void)argc;
  return 0;
#endif
}
Determining if the asin exist passed with the following output:
Change Dir: /home/taiwei/code/myBeijingHell/build/CMakeFiles/CMakeTmp

Run Build Command(s):/usr/bin/gmake -f Makefile cmTC_54e1e/fast && /usr/bin/gmake  -f CMakeFiles/cmTC_54e1e.dir/build.make CMakeFiles/cmTC_54e1e.dir/build
gmake[1]: Entering directory '/home/taiwei/code/myBeijingHell/build/CMakeFiles/CMakeTmp'
Building C object CMakeFiles/cmTC_54e1e.dir/CheckSymbolExists.c.o
/usr/bin/cc   -idirafter "/home/taiwei/code/myBeijingHell/external/SDL2/src/video/khronos"  -D_GNU_SOURCE=1 -o CMakeFiles/cmTC_54e1e.dir/CheckSymbolExists.c.o -c /home/taiwei/code/myBeijingHell/build/CMakeFiles/CMakeTmp/CheckSymbolExists.c
Linking C executable cmTC_54e1e
/usr/bin/cmake -E cmake_link_script CMakeFiles/cmTC_54e1e.dir/link.txt --verbose=1
/usr/bin/cc  -idirafter "/home/taiwei/code/myBeijingHell/external/SDL2/src/video/khronos"  -D_GNU_SOURCE=1 -rdynamic CMakeFiles/cmTC_54e1e.dir/CheckSymbolExists.c.o -o cmTC_54e1e  -lm 
gmake[1]: Leaving directory '/home/taiwei/code/myBeijingHell/build/CMakeFiles/CMakeTmp'


File /home/taiwei/code/myBeijingHell/build/CMakeFiles/CMakeTmp/CheckSymbolExists.c:
/* */
#include <math.h>

int main(int argc, char** argv)
{
  (void)argv;
#ifndef asin
  return ((int*)(&asin))[argc];
#else
  (void)argc;
  return 0;
#endif
}
Determining if the asinf exist passed with the following output:
Change Dir: /home/taiwei/code/myBeijingHell/build/CMakeFiles/CMakeTmp

Run Build Command(s):/usr/bin/gmake -f Makefile cmTC_b6d48/fast && /usr/bin/gmake  -f CMakeFiles/cmTC_b6d48.dir/build.make CMakeFiles/cmTC_b6d48.dir/build
gmake[1]: Entering directory '/home/taiwei/code/myBeijingHell/build/CMakeFiles/CMakeTmp'
Building C object CMakeFiles/cmTC_b6d48.dir/CheckSymbolExists.c.o
/usr/bin/cc   -idirafter "/home/taiwei/code/myBeijingHell/external/SDL2/src/video/khronos"  -D_GNU_SOURCE=1 -o CMakeFiles/cmTC_b6d48.dir/CheckSymbolExists.c.o -c /home/taiwei/code/myBeijingHell/build/CMakeFiles/CMakeTmp/CheckSymbolExists.c
Linking C executable cmTC_b6d48
/usr/bin/cmake -E cmake_link_script CMakeFiles/cmTC_b6d48.dir/link.txt --verbose=1
/usr/bin/cc  -idirafter "/home/taiwei/code/myBeijingHell/external/SDL2/src/video/khronos"  -D_GNU_SOURCE=1 -rdynamic CMakeFiles/cmTC_b6d48.dir/CheckSymbolExists.c.o -o cmTC_b6d48  -lm 
gmake[1]: Leaving directory '/home/taiwei/code/myBeijingHell/build/CMakeFiles/CMakeTmp'


File /home/taiwei/code/myBeijingHell/build/CMakeFiles/CMakeTmp/CheckSymbolExists.c:
/* */
#include <math.h>

int main(int argc, char** argv)
{
  (void)argv;
#ifndef asinf
  return ((int*)(&asinf))[argc];
#else
  (void)argc;
  return 0;
#endif
}
Determining if the trunc exist passed with the following output:
Change Dir: /home/taiwei/code/myBeijingHell/build/CMakeFiles/CMakeTmp

Run Build Command(s):/usr/bin/gmake -f Makefile cmTC_3ce25/fast && /usr/bin/gmake  -f CMakeFiles/cmTC_3ce25.dir/build.make CMakeFiles/cmTC_3ce25.dir/build
gmake[1]: Entering directory '/home/taiwei/code/myBeijingHell/build/CMakeFiles/CMakeTmp'
Building C object CMakeFiles/cmTC_3ce25.dir/CheckSymbolExists.c.o
/usr/bin/cc   -idirafter "/home/taiwei/code/myBeijingHell/external/SDL2/src/video/khronos"  -D_GNU_SOURCE=1 -o CMakeFiles/cmTC_3ce25.dir/CheckSymbolExists.c.o -c /home/taiwei/code/myBeijingHell/build/CMakeFiles/CMakeTmp/CheckSymbolExists.c
Linking C executable cmTC_3ce25
/usr/bin/cmake -E cmake_link_script CMakeFiles/cmTC_3ce25.dir/link.txt --verbose=1
/usr/bin/cc  -idirafter "/home/taiwei/code/myBeijingHell/external/SDL2/src/video/khronos"  -D_GNU_SOURCE=1 -rdynamic CMakeFiles/cmTC_3ce25.dir/CheckSymbolExists.c.o -o cmTC_3ce25  -lm 
gmake[1]: Leaving directory '/home/taiwei/code/myBeijingHell/build/CMakeFiles/CMakeTmp'


File /home/taiwei/code/myBeijingHell/build/CMakeFiles/CMakeTmp/CheckSymbolExists.c:
/* */
#include <math.h>

int main(int argc, char** argv)
{
  (void)argv;
#ifndef trunc
  return ((int*)(&trunc))[argc];
#else
  (void)argc;
  return 0;
#endif
}
Determining if the truncf exist passed with the following output:
Change Dir: /home/taiwei/code/myBeijingHell/build/CMakeFiles/CMakeTmp

Run Build Command(s):/usr/bin/gmake -f Makefile cmTC_fd147/fast && /usr/bin/gmake  -f CMakeFiles/cmTC_fd147.dir/build.make CMakeFiles/cmTC_fd147.dir/build
gmake[1]: Entering directory '/home/taiwei/code/myBeijingHell/build/CMakeFiles/CMakeTmp'
Building C object CMakeFiles/cmTC_fd147.dir/CheckSymbolExists.c.o
/usr/bin/cc   -idirafter "/home/taiwei/code/myBeijingHell/external/SDL2/src/video/khronos"  -D_GNU_SOURCE=1 -o CMakeFiles/cmTC_fd147.dir/CheckSymbolExists.c.o -c /home/taiwei/code/myBeijingHell/build/CMakeFiles/CMakeTmp/CheckSymbolExists.c
Linking C executable cmTC_fd147
/usr/bin/cmake -E cmake_link_script CMakeFiles/cmTC_fd147.dir/link.txt --verbose=1
/usr/bin/cc  -idirafter "/home/taiwei/code/myBeijingHell/external/SDL2/src/video/khronos"  -D_GNU_SOURCE=1 -rdynamic CMakeFiles/cmTC_fd147.dir/CheckSymbolExists.c.o -o cmTC_fd147  -lm 
gmake[1]: Leaving directory '/home/taiwei/code/myBeijingHell/build/CMakeFiles/CMakeTmp'


File /home/taiwei/code/myBeijingHell/build/CMakeFiles/CMakeTmp/CheckSymbolExists.c:
/* */
#include <math.h>

int main(int argc, char** argv)
{
  (void)argv;
#ifndef truncf
  return ((int*)(&truncf))[argc];
#else
  (void)argc;
  return 0;
#endif
}
Determining if the function iconv_open exists in the c passed with the following output:
Change Dir: /home/taiwei/code/myBeijingHell/build/CMakeFiles/CMakeTmp

Run Build Command(s):/usr/bin/gmake -f Makefile cmTC_d003a/fast && /usr/bin/gmake  -f CMakeFiles/cmTC_d003a.dir/build.make CMakeFiles/cmTC_d003a.dir/build
gmake[1]: Entering directory '/home/taiwei/code/myBeijingHell/build/CMakeFiles/CMakeTmp'
Building C object CMakeFiles/cmTC_d003a.dir/CheckFunctionExists.c.o
/usr/bin/cc   -idirafter "/home/taiwei/code/myBeijingHell/external/SDL2/src/video/khronos" -DCHECK_FUNCTION_EXISTS=iconv_open  -D_GNU_SOURCE=1 -o CMakeFiles/cmTC_d003a.dir/CheckFunctionExists.c.o -c /usr/share/cmake-3.22/Modules/CheckFunctionExists.c
Linking C executable cmTC_d003a
/usr/bin/cmake -E cmake_link_script CMakeFiles/cmTC_d003a.dir/link.txt --verbose=1
/usr/bin/cc  -idirafter "/home/taiwei/code/myBeijingHell/external/SDL2/src/video/khronos" -DCHECK_FUNCTION_EXISTS=iconv_open  -D_GNU_SOURCE=1 -rdynamic CMakeFiles/cmTC_d003a.dir/CheckFunctionExists.c.o -o cmTC_d003a  -lc 
gmake[1]: Leaving directory '/home/taiwei/code/myBeijingHell/build/CMakeFiles/CMakeTmp'



Determining if the include file alloca.h exists passed with the following output:
Change Dir: /home/taiwei/code/myBeijingHell/build/CMakeFiles/CMakeTmp

Run Build Command(s):/usr/bin/gmake -f Makefile cmTC_27bb9/fast && /usr/bin/gmake  -f CMakeFiles/cmTC_27bb9.dir/build.make CMakeFiles/cmTC_27bb9.dir/build
gmake[1]: Entering directory '/home/taiwei/code/myBeijingHell/build/CMakeFiles/CMakeTmp'
Building C object CMakeFiles/cmTC_27bb9.dir/CheckIncludeFile.c.o
/usr/bin/cc   -idirafter "/home/taiwei/code/myBeijingHell/external/SDL2/src/video/khronos"  -D_GNU_SOURCE=1 -o CMakeFiles/cmTC_27bb9.dir/CheckIncludeFile.c.o -c /home/taiwei/code/myBeijingHell/build/CMakeFiles/CMakeTmp/CheckIncludeFile.c
Linking C executable cmTC_27bb9
/usr/bin/cmake -E cmake_link_script CMakeFiles/cmTC_27bb9.dir/link.txt --verbose=1
/usr/bin/cc  -idirafter "/home/taiwei/code/myBeijingHell/external/SDL2/src/video/khronos"  -D_GNU_SOURCE=1 -rdynamic CMakeFiles/cmTC_27bb9.dir/CheckIncludeFile.c.o -o cmTC_27bb9 
gmake[1]: Leaving directory '/home/taiwei/code/myBeijingHell/build/CMakeFiles/CMakeTmp'



Determining if the alloca exist passed with the following output:
Change Dir: /home/taiwei/code/myBeijingHell/build/CMakeFiles/CMakeTmp

Run Build Command(s):/usr/bin/gmake -f Makefile cmTC_32903/fast && /usr/bin/gmake  -f CMakeFiles/cmTC_32903.dir/build.make CMakeFiles/cmTC_32903.dir/build
gmake[1]: Entering directory '/home/taiwei/code/myBeijingHell/build/CMakeFiles/CMakeTmp'
Building C object CMakeFiles/cmTC_32903.dir/CheckSymbolExists.c.o
/usr/bin/cc   -idirafter "/home/taiwei/code/myBeijingHell/external/SDL2/src/video/khronos"  -D_GNU_SOURCE=1 -o CMakeFiles/cmTC_32903.dir/CheckSymbolExists.c.o -c /home/taiwei/code/myBeijingHell/build/CMakeFiles/CMakeTmp/CheckSymbolExists.c
Linking C executable cmTC_32903
/usr/bin/cmake -E cmake_link_script CMakeFiles/cmTC_32903.dir/link.txt --verbose=1
/usr/bin/cc  -idirafter "/home/taiwei/code/myBeijingHell/external/SDL2/src/video/khronos"  -D_GNU_SOURCE=1 -rdynamic CMakeFiles/cmTC_32903.dir/CheckSymbolExists.c.o -o cmTC_32903 
gmake[1]: Leaving directory '/home/taiwei/code/myBeijingHell/build/CMakeFiles/CMakeTmp'


File /home/taiwei/code/myBeijingHell/build/CMakeFiles/CMakeTmp/CheckSymbolExists.c:
/* */
#include <alloca.h>

int main(int argc, char** argv)
{
  (void)argv;
#ifndef alloca
  return ((int*)(&alloca))[argc];
#else
  (void)argc;
  return 0;
#endif
}
Determining if the alloca exist passed with the following output:
Change Dir: /home/taiwei/code/myBeijingHell/build/CMakeFiles/CMakeTmp

Run Build Command(s):/usr/bin/gmake -f Makefile cmTC_edd7b/fast && /usr/bin/gmake  -f CMakeFiles/cmTC_edd7b.dir/build.make CMakeFiles/cmTC_edd7b.dir/build
gmake[1]: Entering directory '/home/taiwei/code/myBeijingHell/build/CMakeFiles/CMakeTmp'
Building C object CMakeFiles/cmTC_edd7b.dir/CheckSymbolExists.c.o
/usr/bin/cc   -idirafter "/home/taiwei/code/myBeijingHell/external/SDL2/src/video/khronos"  -D_GNU_SOURCE=1 -o CMakeFiles/cmTC_edd7b.dir/CheckSymbolExists.c.o -c /home/taiwei/code/myBeijingHell/build/CMakeFiles/CMakeTmp/CheckSymbolExists.c
Linking C executable cmTC_edd7b
/usr/bin/cmake -E cmake_link_script CMakeFiles/cmTC_edd7b.dir/link.txt --verbose=1
/usr/bin/cc  -idirafter "/home/taiwei/code/myBeijingHell/external/SDL2/src/video/khronos"  -D_GNU_SOURCE=1 -rdynamic CMakeFiles/cmTC_edd7b.dir/CheckSymbolExists.c.o -o cmTC_edd7b 
gmake[1]: Leaving directory '/home/taiwei/code/myBeijingHell/build/CMakeFiles/CMakeTmp'


File /home/taiwei/code/myBeijingHell/build/CMakeFiles/CMakeTmp/CheckSymbolExists.c:
/* */
#include <stdlib.h>

int main(int argc, char** argv)
{
  (void)argv;
#ifndef alloca
  return ((int*)(&alloca))[argc];
#else
  (void)argc;
  return 0;
#endif
}
Performing C SOURCE FILE Test HAVE_SA_SIGACTION succeeded with the following output:
Change Dir: /home/taiwei/code/myBeijingHell/build/CMakeFiles/CMakeTmp

Run Build Command(s):/usr/bin/gmake -f Makefile cmTC_0747a/fast && /usr/bin/gmake  -f CMakeFiles/cmTC_0747a.dir/build.make CMakeFiles/cmTC_0747a.dir/build
gmake[1]: Entering directory '/home/taiwei/code/myBeijingHell/build/CMakeFiles/CMakeTmp'
Building C object CMakeFiles/cmTC_0747a.dir/src.c.o
/usr/bin/cc -DHAVE_SA_SIGACTION  -idirafter "/home/taiwei/code/myBeijingHell/external/SDL2/src/video/khronos"  -D_GNU_SOURCE=1 -o CMakeFiles/cmTC_0747a.dir/src.c.o -c /home/taiwei/code/myBeijingHell/build/CMakeFiles/CMakeTmp/src.c
Linking C executable cmTC_0747a
/usr/bin/cmake -E cmake_link_script CMakeFiles/cmTC_0747a.dir/link.txt --verbose=1
/usr/bin/cc  -idirafter "/home/taiwei/code/myBeijingHell/external/SDL2/src/video/khronos"  -D_GNU_SOURCE=1 -rdynamic CMakeFiles/cmTC_0747a.dir/src.c.o -o cmTC_0747a 
gmake[1]: Leaving directory '/home/taiwei/code/myBeijingHell/build/CMakeFiles/CMakeTmp'


Source file was:

#include <signal.h>

int main()
{
  (void)sizeof(((struct sigaction *)0)->sa_sigaction);
  return 0;
}

Determining if the dlopen exist passed with the following output:
Change Dir: /home/taiwei/code/myBeijingHell/build/CMakeFiles/CMakeTmp

Run Build Command(s):/usr/bin/gmake -f Makefile cmTC_1a6ae/fast && /usr/bin/gmake  -f CMakeFiles/cmTC_1a6ae.dir/build.make CMakeFiles/cmTC_1a6ae.dir/build
gmake[1]: Entering directory '/home/taiwei/code/myBeijingHell/build/CMakeFiles/CMakeTmp'
Building C object CMakeFiles/cmTC_1a6ae.dir/CheckSymbolExists.c.o
/usr/bin/cc   -idirafter "/home/taiwei/code/myBeijingHell/external/SDL2/src/video/khronos"  -o CMakeFiles/cmTC_1a6ae.dir/CheckSymbolExists.c.o -c /home/taiwei/code/myBeijingHell/build/CMakeFiles/CMakeTmp/CheckSymbolExists.c
Linking C executable cmTC_1a6ae
/usr/bin/cmake -E cmake_link_script CMakeFiles/cmTC_1a6ae.dir/link.txt --verbose=1
/usr/bin/cc  -idirafter "/home/taiwei/code/myBeijingHell/external/SDL2/src/video/khronos"  -rdynamic CMakeFiles/cmTC_1a6ae.dir/CheckSymbolExists.c.o -o cmTC_1a6ae 
gmake[1]: Leaving directory '/home/taiwei/code/myBeijingHell/build/CMakeFiles/CMakeTmp'


File /home/taiwei/code/myBeijingHell/build/CMakeFiles/CMakeTmp/CheckSymbolExists.c:
/* */
#include <dlfcn.h>

int main(int argc, char** argv)
{
  (void)argv;
#ifndef dlopen
  return ((int*)(&dlopen))[argc];
#else
  (void)argc;
  return 0;
#endif
}
Performing C SOURCE FILE Test HAVE_O_CLOEXEC succeeded with the following output:
Change Dir: /home/taiwei/code/myBeijingHell/build/CMakeFiles/CMakeTmp

Run Build Command(s):/usr/bin/gmake -f Makefile cmTC_3ef46/fast && /usr/bin/gmake  -f CMakeFiles/cmTC_3ef46.dir/build.make CMakeFiles/cmTC_3ef46.dir/build
gmake[1]: Entering directory '/home/taiwei/code/myBeijingHell/build/CMakeFiles/CMakeTmp'
Building C object CMakeFiles/cmTC_3ef46.dir/src.c.o
/usr/bin/cc -DHAVE_O_CLOEXEC  -idirafter "/home/taiwei/code/myBeijingHell/external/SDL2/src/video/khronos"  -D_GNU_SOURCE=1 -o CMakeFiles/cmTC_3ef46.dir/src.c.o -c /home/taiwei/code/myBeijingHell/build/CMakeFiles/CMakeTmp/src.c
Linking C executable cmTC_3ef46
/usr/bin/cmake -E cmake_link_script CMakeFiles/cmTC_3ef46.dir/link.txt --verbose=1
/usr/bin/cc  -idirafter "/home/taiwei/code/myBeijingHell/external/SDL2/src/video/khronos"  -D_GNU_SOURCE=1 -rdynamic CMakeFiles/cmTC_3ef46.dir/src.c.o -o cmTC_3ef46 
gmake[1]: Leaving directory '/home/taiwei/code/myBeijingHell/build/CMakeFiles/CMakeTmp'


Source file was:

    #include <fcntl.h>
    int flag = O_CLOEXEC;
    int main(int argc, char **argv) { return 0; }
Performing C SOURCE FILE Test HAVE_OSS_SYS_SOUNDCARD_H succeeded with the following output:
Change Dir: /home/taiwei/code/myBeijingHell/build/CMakeFiles/CMakeTmp

Run Build Command(s):/usr/bin/gmake -f Makefile cmTC_a7a43/fast && /usr/bin/gmake  -f CMakeFiles/cmTC_a7a43.dir/build.make CMakeFiles/cmTC_a7a43.dir/build
gmake[1]: Entering directory '/home/taiwei/code/myBeijingHell/build/CMakeFiles/CMakeTmp'
Building C object CMakeFiles/cmTC_a7a43.dir/src.c.o
/usr/bin/cc -DHAVE_OSS_SYS_SOUNDCARD_H  -idirafter "/home/taiwei/code/myBeijingHell/external/SDL2/src/video/khronos"  -D_GNU_SOURCE=1 -o CMakeFiles/cmTC_a7a43.dir/src.c.o -c /home/taiwei/code/myBeijingHell/build/CMakeFiles/CMakeTmp/src.c
Linking C executable cmTC_a7a43
/usr/bin/cmake -E cmake_link_script CMakeFiles/cmTC_a7a43.dir/link.txt --verbose=1
/usr/bin/cc  -idirafter "/home/taiwei/code/myBeijingHell/external/SDL2/src/video/khronos"  -D_GNU_SOURCE=1 -rdynamic CMakeFiles/cmTC_a7a43.dir/src.c.o -o cmTC_a7a43 
gmake[1]: Leaving directory '/home/taiwei/code/myBeijingHell/build/CMakeFiles/CMakeTmp'


Source file was:

        #include <sys/soundcard.h>
        int main(int argc, char **argv) { int arg = SNDCTL_DSP_SETFRAGMENT; return 0; }
Determining if the include file alsa/asoundlib.h exists passed with the following output:
Change Dir: /home/taiwei/code/myBeijingHell/build/CMakeFiles/CMakeTmp

Run Build Command(s):/usr/bin/gmake -f Makefile cmTC_cfa98/fast && /usr/bin/gmake  -f CMakeFiles/cmTC_cfa98.dir/build.make CMakeFiles/cmTC_cfa98.dir/build
gmake[1]: Entering directory '/home/taiwei/code/myBeijingHell/build/CMakeFiles/CMakeTmp'
Building C object CMakeFiles/cmTC_cfa98.dir/CheckIncludeFile.c.o
/usr/bin/cc   -idirafter "/home/taiwei/code/myBeijingHell/external/SDL2/src/video/khronos"  -D_GNU_SOURCE=1 -o CMakeFiles/cmTC_cfa98.dir/CheckIncludeFile.c.o -c /home/taiwei/code/myBeijingHell/build/CMakeFiles/CMakeTmp/CheckIncludeFile.c
Linking C executable cmTC_cfa98
/usr/bin/cmake -E cmake_link_script CMakeFiles/cmTC_cfa98.dir/link.txt --verbose=1
/usr/bin/cc  -idirafter "/home/taiwei/code/myBeijingHell/external/SDL2/src/video/khronos"  -D_GNU_SOURCE=1 -rdynamic CMakeFiles/cmTC_cfa98.dir/CheckIncludeFile.c.o -o cmTC_cfa98 
gmake[1]: Leaving directory '/home/taiwei/code/myBeijingHell/build/CMakeFiles/CMakeTmp'



Determining if the function snd_pcm_recover exists in the asound passed with the following output:
Change Dir: /home/taiwei/code/myBeijingHell/build/CMakeFiles/CMakeTmp

Run Build Command(s):/usr/bin/gmake -f Makefile cmTC_211f7/fast && /usr/bin/gmake  -f CMakeFiles/cmTC_211f7.dir/build.make CMakeFiles/cmTC_211f7.dir/build
gmake[1]: Entering directory '/home/taiwei/code/myBeijingHell/build/CMakeFiles/CMakeTmp'
Building C object CMakeFiles/cmTC_211f7.dir/CheckFunctionExists.c.o
/usr/bin/cc   -idirafter "/home/taiwei/code/myBeijingHell/external/SDL2/src/video/khronos" -DCHECK_FUNCTION_EXISTS=snd_pcm_recover  -D_GNU_SOURCE=1 -o CMakeFiles/cmTC_211f7.dir/CheckFunctionExists.c.o -c /usr/share/cmake-3.22/Modules/CheckFunctionExists.c
Linking C executable cmTC_211f7
/usr/bin/cmake -E cmake_link_script CMakeFiles/cmTC_211f7.dir/link.txt --verbose=1
/usr/bin/cc  -idirafter "/home/taiwei/code/myBeijingHell/external/SDL2/src/video/khronos" -DCHECK_FUNCTION_EXISTS=snd_pcm_recover  -D_GNU_SOURCE=1 -rdynamic CMakeFiles/cmTC_211f7.dir/CheckFunctionExists.c.o -o cmTC_211f7  -lasound 
gmake[1]: Leaving directory '/home/taiwei/code/myBeijingHell/build/CMakeFiles/CMakeTmp'



Determining if the shmat exist passed with the following output:
Change Dir: /home/taiwei/code/myBeijingHell/build/CMakeFiles/CMakeTmp

Run Build Command(s):/usr/bin/gmake -f Makefile cmTC_e1a0f/fast && /usr/bin/gmake  -f CMakeFiles/cmTC_e1a0f.dir/build.make CMakeFiles/cmTC_e1a0f.dir/build
gmake[1]: Entering directory '/home/taiwei/code/myBeijingHell/build/CMakeFiles/CMakeTmp'
Building C object CMakeFiles/cmTC_e1a0f.dir/CheckSymbolExists.c.o
/usr/bin/cc   -idirafter "/home/taiwei/code/myBeijingHell/external/SDL2/src/video/khronos"  -o CMakeFiles/cmTC_e1a0f.dir/CheckSymbolExists.c.o -c /home/taiwei/code/myBeijingHell/build/CMakeFiles/CMakeTmp/CheckSymbolExists.c
Linking C executable cmTC_e1a0f
/usr/bin/cmake -E cmake_link_script CMakeFiles/cmTC_e1a0f.dir/link.txt --verbose=1
/usr/bin/cc  -idirafter "/home/taiwei/code/myBeijingHell/external/SDL2/src/video/khronos"  -rdynamic CMakeFiles/cmTC_e1a0f.dir/CheckSymbolExists.c.o -o cmTC_e1a0f 
gmake[1]: Leaving directory '/home/taiwei/code/myBeijingHell/build/CMakeFiles/CMakeTmp'


File /home/taiwei/code/myBeijingHell/build/CMakeFiles/CMakeTmp/CheckSymbolExists.c:
/* */
#include <sys/shm.h>

int main(int argc, char** argv)
{
  (void)argv;
#ifndef shmat
  return ((int*)(&shmat))[argc];
#else
  (void)argc;
  return 0;
#endif
}
Performing C SOURCE FILE Test HAVE_XGENERICEVENT succeeded with the following output:
Change Dir: /home/taiwei/code/myBeijingHell/build/CMakeFiles/CMakeTmp

Run Build Command(s):/usr/bin/gmake -f Makefile cmTC_5d3d6/fast && /usr/bin/gmake  -f CMakeFiles/cmTC_5d3d6.dir/build.make CMakeFiles/cmTC_5d3d6.dir/build
gmake[1]: Entering directory '/home/taiwei/code/myBeijingHell/build/CMakeFiles/CMakeTmp'
Building C object CMakeFiles/cmTC_5d3d6.dir/src.c.o
/usr/bin/cc -DHAVE_XGENERICEVENT  -idirafter "/home/taiwei/code/myBeijingHell/external/SDL2/src/video/khronos"  -o CMakeFiles/cmTC_5d3d6.dir/src.c.o -c /home/taiwei/code/myBeijingHell/build/CMakeFiles/CMakeTmp/src.c
Linking C executable cmTC_5d3d6
/usr/bin/cmake -E cmake_link_script CMakeFiles/cmTC_5d3d6.dir/link.txt --verbose=1
/usr/bin/cc  -idirafter "/home/taiwei/code/myBeijingHell/external/SDL2/src/video/khronos"  -rdynamic CMakeFiles/cmTC_5d3d6.dir/src.c.o -o cmTC_5d3d6  /usr/lib/x86_64-linux-gnu/libX11.so /usr/lib/x86_64-linux-gnu/libX11.so 
gmake[1]: Leaving directory '/home/taiwei/code/myBeijingHell/build/CMakeFiles/CMakeTmp'


Source file was:

          #include <X11/Xlib.h>
          int main(int argc, char **argv) {
            Display *display;
            XEvent event;
            XGenericEventCookie *cookie = &event.xcookie;
            XNextEvent(display, &event);
            XGetEventData(display, cookie);
            XFreeEventData(display, cookie);
            return 0; }
Determining if the XkbKeycodeToKeysym exist passed with the following output:
Change Dir: /home/taiwei/code/myBeijingHell/build/CMakeFiles/CMakeTmp

Run Build Command(s):/usr/bin/gmake -f Makefile cmTC_f1289/fast && /usr/bin/gmake  -f CMakeFiles/cmTC_f1289.dir/build.make CMakeFiles/cmTC_f1289.dir/build
gmake[1]: Entering directory '/home/taiwei/code/myBeijingHell/build/CMakeFiles/CMakeTmp'
Building C object CMakeFiles/cmTC_f1289.dir/CheckSymbolExists.c.o
/usr/bin/cc   -idirafter "/home/taiwei/code/myBeijingHell/external/SDL2/src/video/khronos"  -o CMakeFiles/cmTC_f1289.dir/CheckSymbolExists.c.o -c /home/taiwei/code/myBeijingHell/build/CMakeFiles/CMakeTmp/CheckSymbolExists.c
Linking C executable cmTC_f1289
/usr/bin/cmake -E cmake_link_script CMakeFiles/cmTC_f1289.dir/link.txt --verbose=1
/usr/bin/cc  -idirafter "/home/taiwei/code/myBeijingHell/external/SDL2/src/video/khronos"  -rdynamic CMakeFiles/cmTC_f1289.dir/CheckSymbolExists.c.o -o cmTC_f1289  /usr/lib/x86_64-linux-gnu/libX11.so /usr/lib/x86_64-linux-gnu/libX11.so 
gmake[1]: Leaving directory '/home/taiwei/code/myBeijingHell/build/CMakeFiles/CMakeTmp'


File /home/taiwei/code/myBeijingHell/build/CMakeFiles/CMakeTmp/CheckSymbolExists.c:
/* */
#include <X11/Xlib.h>
#include <X11/XKBlib.h>

int main(int argc, char** argv)
{
  (void)argv;
#ifndef XkbKeycodeToKeysym
  return ((int*)(&XkbKeycodeToKeysym))[argc];
#else
  (void)argc;
  return 0;
#endif
}
Performing C SOURCE FILE Test HAVE_XINPUT2_MULTITOUCH succeeded with the following output:
Change Dir: /home/taiwei/code/myBeijingHell/build/CMakeFiles/CMakeTmp

Run Build Command(s):/usr/bin/gmake -f Makefile cmTC_6c202/fast && /usr/bin/gmake  -f CMakeFiles/cmTC_6c202.dir/build.make CMakeFiles/cmTC_6c202.dir/build
gmake[1]: Entering directory '/home/taiwei/code/myBeijingHell/build/CMakeFiles/CMakeTmp'
Building C object CMakeFiles/cmTC_6c202.dir/src.c.o
/usr/bin/cc -DHAVE_XINPUT2_MULTITOUCH  -idirafter "/home/taiwei/code/myBeijingHell/external/SDL2/src/video/khronos"  -o CMakeFiles/cmTC_6c202.dir/src.c.o -c /home/taiwei/code/myBeijingHell/build/CMakeFiles/CMakeTmp/src.c
Linking C executable cmTC_6c202
/usr/bin/cmake -E cmake_link_script CMakeFiles/cmTC_6c202.dir/link.txt --verbose=1
/usr/bin/cc  -idirafter "/home/taiwei/code/myBeijingHell/external/SDL2/src/video/khronos"  -rdynamic CMakeFiles/cmTC_6c202.dir/src.c.o -o cmTC_6c202  /usr/lib/x86_64-linux-gnu/libX11.so /usr/lib/x86_64-linux-gnu/libX11.so 
gmake[1]: Leaving directory '/home/taiwei/code/myBeijingHell/build/CMakeFiles/CMakeTmp'


Source file was:

            #include <X11/Xlib.h>
            #include <X11/Xproto.h>
            #include <X11/extensions/XInput2.h>
            int event_type = XI_TouchBegin;
            XITouchClassInfo *t;
            Status XIAllowTouchEvents(Display *a,int b,unsigned int c,Window d,int f) {
              return (Status)0;
            }
            int main(int argc, char **argv) { return 0; }
Performing C SOURCE FILE Test HAVE_XFIXES_H succeeded with the following output:
Change Dir: /home/taiwei/code/myBeijingHell/build/CMakeFiles/CMakeTmp

Run Build Command(s):/usr/bin/gmake -f Makefile cmTC_bc009/fast && /usr/bin/gmake  -f CMakeFiles/cmTC_bc009.dir/build.make CMakeFiles/cmTC_bc009.dir/build
gmake[1]: Entering directory '/home/taiwei/code/myBeijingHell/build/CMakeFiles/CMakeTmp'
Building C object CMakeFiles/cmTC_bc009.dir/src.c.o
/usr/bin/cc -DHAVE_XFIXES_H  -idirafter "/home/taiwei/code/myBeijingHell/external/SDL2/src/video/khronos"  -o CMakeFiles/cmTC_bc009.dir/src.c.o -c /home/taiwei/code/myBeijingHell/build/CMakeFiles/CMakeTmp/src.c
Linking C executable cmTC_bc009
/usr/bin/cmake -E cmake_link_script CMakeFiles/cmTC_bc009.dir/link.txt --verbose=1
/usr/bin/cc  -idirafter "/home/taiwei/code/myBeijingHell/external/SDL2/src/video/khronos"  -rdynamic CMakeFiles/cmTC_bc009.dir/src.c.o -o cmTC_bc009  /usr/lib/x86_64-linux-gnu/libX11.so /usr/lib/x86_64-linux-gnu/libX11.so 
gmake[1]: Leaving directory '/home/taiwei/code/myBeijingHell/build/CMakeFiles/CMakeTmp'


Source file was:

            #include <X11/Xlib.h>
            #include <X11/Xproto.h>
            #include <X11/extensions/XInput2.h>
            #include <X11/extensions/Xfixes.h>
            BarrierEventID b;
            int main(int argc, char **argv) { return 0; }
Performing C SOURCE FILE Test HAVE_OPENGL_EGL succeeded with the following output:
Change Dir: /home/taiwei/code/myBeijingHell/build/CMakeFiles/CMakeTmp

Run Build Command(s):/usr/bin/gmake -f Makefile cmTC_ba1d4/fast && /usr/bin/gmake  -f CMakeFiles/cmTC_ba1d4.dir/build.make CMakeFiles/cmTC_ba1d4.dir/build
gmake[1]: Entering directory '/home/taiwei/code/myBeijingHell/build/CMakeFiles/CMakeTmp'
Building C object CMakeFiles/cmTC_ba1d4.dir/src.c.o
/usr/bin/cc -DHAVE_OPENGL_EGL  -idirafter "/home/taiwei/code/myBeijingHell/external/SDL2/src/video/khronos"  -D_GNU_SOURCE=1 -o CMakeFiles/cmTC_ba1d4.dir/src.c.o -c /home/taiwei/code/myBeijingHell/build/CMakeFiles/CMakeTmp/src.c
Linking C executable cmTC_ba1d4
/usr/bin/cmake -E cmake_link_script CMakeFiles/cmTC_ba1d4.dir/link.txt --verbose=1
/usr/bin/cc  -idirafter "/home/taiwei/code/myBeijingHell/external/SDL2/src/video/khronos"  -D_GNU_SOURCE=1 -rdynamic CMakeFiles/cmTC_ba1d4.dir/src.c.o -o cmTC_ba1d4 
gmake[1]: Leaving directory '/home/taiwei/code/myBeijingHell/build/CMakeFiles/CMakeTmp'


Source file was:

        #define EGL_API_FB
        #define MESA_EGL_NO_X11_HEADERS
        #define EGL_NO_X11
        #include <EGL/egl.h>
        #include <EGL/eglext.h>
        int main (int argc, char** argv) { return 0; }
Performing C SOURCE FILE Test HAVE_OPENGL_GLX succeeded with the following output:
Change Dir: /home/taiwei/code/myBeijingHell/build/CMakeFiles/CMakeTmp

Run Build Command(s):/usr/bin/gmake -f Makefile cmTC_38239/fast && /usr/bin/gmake  -f CMakeFiles/cmTC_38239.dir/build.make CMakeFiles/cmTC_38239.dir/build
gmake[1]: Entering directory '/home/taiwei/code/myBeijingHell/build/CMakeFiles/CMakeTmp'
Building C object CMakeFiles/cmTC_38239.dir/src.c.o
/usr/bin/cc -DHAVE_OPENGL_GLX  -idirafter "/home/taiwei/code/myBeijingHell/external/SDL2/src/video/khronos"  -D_GNU_SOURCE=1 -o CMakeFiles/cmTC_38239.dir/src.c.o -c /home/taiwei/code/myBeijingHell/build/CMakeFiles/CMakeTmp/src.c
Linking C executable cmTC_38239
/usr/bin/cmake -E cmake_link_script CMakeFiles/cmTC_38239.dir/link.txt --verbose=1
/usr/bin/cc  -idirafter "/home/taiwei/code/myBeijingHell/external/SDL2/src/video/khronos"  -D_GNU_SOURCE=1 -rdynamic CMakeFiles/cmTC_38239.dir/src.c.o -o cmTC_38239 
gmake[1]: Leaving directory '/home/taiwei/code/myBeijingHell/build/CMakeFiles/CMakeTmp'


Source file was:

        #include <GL/glx.h>
        int main(int argc, char** argv) { return 0; }
Performing C SOURCE FILE Test HAVE_OPENGL succeeded with the following output:
Change Dir: /home/taiwei/code/myBeijingHell/build/CMakeFiles/CMakeTmp

Run Build Command(s):/usr/bin/gmake -f Makefile cmTC_57edd/fast && /usr/bin/gmake  -f CMakeFiles/cmTC_57edd.dir/build.make CMakeFiles/cmTC_57edd.dir/build
gmake[1]: Entering directory '/home/taiwei/code/myBeijingHell/build/CMakeFiles/CMakeTmp'
Building C object CMakeFiles/cmTC_57edd.dir/src.c.o
/usr/bin/cc -DHAVE_OPENGL  -idirafter "/home/taiwei/code/myBeijingHell/external/SDL2/src/video/khronos"  -D_GNU_SOURCE=1 -o CMakeFiles/cmTC_57edd.dir/src.c.o -c /home/taiwei/code/myBeijingHell/build/CMakeFiles/CMakeTmp/src.c
Linking C executable cmTC_57edd
/usr/bin/cmake -E cmake_link_script CMakeFiles/cmTC_57edd.dir/link.txt --verbose=1
/usr/bin/cc  -idirafter "/home/taiwei/code/myBeijingHell/external/SDL2/src/video/khronos"  -D_GNU_SOURCE=1 -rdynamic CMakeFiles/cmTC_57edd.dir/src.c.o -o cmTC_57edd 
gmake[1]: Leaving directory '/home/taiwei/code/myBeijingHell/build/CMakeFiles/CMakeTmp'


Source file was:

        #include <GL/gl.h>
        #include <GL/glext.h>
        int main(int argc, char** argv) { return 0; }
Performing C SOURCE FILE Test HAVE_OPENGLES_V1 succeeded with the following output:
Change Dir: /home/taiwei/code/myBeijingHell/build/CMakeFiles/CMakeTmp

Run Build Command(s):/usr/bin/gmake -f Makefile cmTC_ff285/fast && /usr/bin/gmake  -f CMakeFiles/cmTC_ff285.dir/build.make CMakeFiles/cmTC_ff285.dir/build
gmake[1]: Entering directory '/home/taiwei/code/myBeijingHell/build/CMakeFiles/CMakeTmp'
Building C object CMakeFiles/cmTC_ff285.dir/src.c.o
/usr/bin/cc -DHAVE_OPENGLES_V1  -idirafter "/home/taiwei/code/myBeijingHell/external/SDL2/src/video/khronos"  -D_GNU_SOURCE=1 -o CMakeFiles/cmTC_ff285.dir/src.c.o -c /home/taiwei/code/myBeijingHell/build/CMakeFiles/CMakeTmp/src.c
Linking C executable cmTC_ff285
/usr/bin/cmake -E cmake_link_script CMakeFiles/cmTC_ff285.dir/link.txt --verbose=1
/usr/bin/cc  -idirafter "/home/taiwei/code/myBeijingHell/external/SDL2/src/video/khronos"  -D_GNU_SOURCE=1 -rdynamic CMakeFiles/cmTC_ff285.dir/src.c.o -o cmTC_ff285 
gmake[1]: Leaving directory '/home/taiwei/code/myBeijingHell/build/CMakeFiles/CMakeTmp'


Source file was:

        #include <GLES/gl.h>
        #include <GLES/glext.h>
        int main (int argc, char** argv) { return 0; }
Performing C SOURCE FILE Test HAVE_OPENGLES_V2 succeeded with the following output:
Change Dir: /home/taiwei/code/myBeijingHell/build/CMakeFiles/CMakeTmp

Run Build Command(s):/usr/bin/gmake -f Makefile cmTC_039e9/fast && /usr/bin/gmake  -f CMakeFiles/cmTC_039e9.dir/build.make CMakeFiles/cmTC_039e9.dir/build
gmake[1]: Entering directory '/home/taiwei/code/myBeijingHell/build/CMakeFiles/CMakeTmp'
Building C object CMakeFiles/cmTC_039e9.dir/src.c.o
/usr/bin/cc -DHAVE_OPENGLES_V2  -idirafter "/home/taiwei/code/myBeijingHell/external/SDL2/src/video/khronos"  -D_GNU_SOURCE=1 -o CMakeFiles/cmTC_039e9.dir/src.c.o -c /home/taiwei/code/myBeijingHell/build/CMakeFiles/CMakeTmp/src.c
Linking C executable cmTC_039e9
/usr/bin/cmake -E cmake_link_script CMakeFiles/cmTC_039e9.dir/link.txt --verbose=1
/usr/bin/cc  -idirafter "/home/taiwei/code/myBeijingHell/external/SDL2/src/video/khronos"  -D_GNU_SOURCE=1 -rdynamic CMakeFiles/cmTC_039e9.dir/src.c.o -o cmTC_039e9 
gmake[1]: Leaving directory '/home/taiwei/code/myBeijingHell/build/CMakeFiles/CMakeTmp'


Source file was:

        #include <GLES2/gl2.h>
        #include <GLES2/gl2ext.h>
        int main (int argc, char** argv) { return 0; }
Performing C SOURCE FILE Test HAVE_INPUT_EVENTS succeeded with the following output:
Change Dir: /home/taiwei/code/myBeijingHell/build/CMakeFiles/CMakeTmp

Run Build Command(s):/usr/bin/gmake -f Makefile cmTC_88e7f/fast && /usr/bin/gmake  -f CMakeFiles/cmTC_88e7f.dir/build.make CMakeFiles/cmTC_88e7f.dir/build
gmake[1]: Entering directory '/home/taiwei/code/myBeijingHell/build/CMakeFiles/CMakeTmp'
Building C object CMakeFiles/cmTC_88e7f.dir/src.c.o
/usr/bin/cc -DHAVE_INPUT_EVENTS  -idirafter "/home/taiwei/code/myBeijingHell/external/SDL2/src/video/khronos"  -D_GNU_SOURCE=1 -o CMakeFiles/cmTC_88e7f.dir/src.c.o -c /home/taiwei/code/myBeijingHell/build/CMakeFiles/CMakeTmp/src.c
Linking C executable cmTC_88e7f
/usr/bin/cmake -E cmake_link_script CMakeFiles/cmTC_88e7f.dir/link.txt --verbose=1
/usr/bin/cc  -idirafter "/home/taiwei/code/myBeijingHell/external/SDL2/src/video/khronos"  -D_GNU_SOURCE=1 -rdynamic CMakeFiles/cmTC_88e7f.dir/src.c.o -o cmTC_88e7f 
gmake[1]: Leaving directory '/home/taiwei/code/myBeijingHell/build/CMakeFiles/CMakeTmp'


Source file was:

        #include <linux/input.h>
        #ifndef EVIOCGNAME
        #error EVIOCGNAME() ioctl not available
        #endif
        int main(int argc, char** argv) { return 0; }
Performing C SOURCE FILE Test HAVE_INPUT_KD succeeded with the following output:
Change Dir: /home/taiwei/code/myBeijingHell/build/CMakeFiles/CMakeTmp

Run Build Command(s):/usr/bin/gmake -f Makefile cmTC_d5407/fast && /usr/bin/gmake  -f CMakeFiles/cmTC_d5407.dir/build.make CMakeFiles/cmTC_d5407.dir/build
gmake[1]: Entering directory '/home/taiwei/code/myBeijingHell/build/CMakeFiles/CMakeTmp'
Building C object CMakeFiles/cmTC_d5407.dir/src.c.o
/usr/bin/cc -DHAVE_INPUT_KD  -idirafter "/home/taiwei/code/myBeijingHell/external/SDL2/src/video/khronos"  -D_GNU_SOURCE=1 -o CMakeFiles/cmTC_d5407.dir/src.c.o -c /home/taiwei/code/myBeijingHell/build/CMakeFiles/CMakeTmp/src.c
Linking C executable cmTC_d5407
/usr/bin/cmake -E cmake_link_script CMakeFiles/cmTC_d5407.dir/link.txt --verbose=1
/usr/bin/cc  -idirafter "/home/taiwei/code/myBeijingHell/external/SDL2/src/video/khronos"  -D_GNU_SOURCE=1 -rdynamic CMakeFiles/cmTC_d5407.dir/src.c.o -o cmTC_d5407 
gmake[1]: Leaving directory '/home/taiwei/code/myBeijingHell/build/CMakeFiles/CMakeTmp'


Source file was:

          #include <linux/kd.h>
          #include <linux/keyboard.h>
          #include <sys/ioctl.h>
          int main(int argc, char **argv) {
              struct kbentry kbe;
              kbe.kb_table = KG_CTRL;
              ioctl(0, KDGKBENT, &kbe);
              return 0;
          }
Determining if the include file libudev.h exists passed with the following output:
Change Dir: /home/taiwei/code/myBeijingHell/build/CMakeFiles/CMakeTmp

Run Build Command(s):/usr/bin/gmake -f Makefile cmTC_22bc6/fast && /usr/bin/gmake  -f CMakeFiles/cmTC_22bc6.dir/build.make CMakeFiles/cmTC_22bc6.dir/build
gmake[1]: Entering directory '/home/taiwei/code/myBeijingHell/build/CMakeFiles/CMakeTmp'
Building C object CMakeFiles/cmTC_22bc6.dir/CheckIncludeFile.c.o
/usr/bin/cc   -idirafter "/home/taiwei/code/myBeijingHell/external/SDL2/src/video/khronos"  -D_GNU_SOURCE=1 -o CMakeFiles/cmTC_22bc6.dir/CheckIncludeFile.c.o -c /home/taiwei/code/myBeijingHell/build/CMakeFiles/CMakeTmp/CheckIncludeFile.c
Linking C executable cmTC_22bc6
/usr/bin/cmake -E cmake_link_script CMakeFiles/cmTC_22bc6.dir/link.txt --verbose=1
/usr/bin/cc  -idirafter "/home/taiwei/code/myBeijingHell/external/SDL2/src/video/khronos"  -D_GNU_SOURCE=1 -rdynamic CMakeFiles/cmTC_22bc6.dir/CheckIncludeFile.c.o -o cmTC_22bc6 
gmake[1]: Leaving directory '/home/taiwei/code/myBeijingHell/build/CMakeFiles/CMakeTmp'



Determining if the include file sys/inotify.h exists passed with the following output:
Change Dir: /home/taiwei/code/myBeijingHell/build/CMakeFiles/CMakeTmp

Run Build Command(s):/usr/bin/gmake -f Makefile cmTC_a9089/fast && /usr/bin/gmake  -f CMakeFiles/cmTC_a9089.dir/build.make CMakeFiles/cmTC_a9089.dir/build
gmake[1]: Entering directory '/home/taiwei/code/myBeijingHell/build/CMakeFiles/CMakeTmp'
Building C object CMakeFiles/cmTC_a9089.dir/CheckIncludeFile.c.o
/usr/bin/cc   -idirafter "/home/taiwei/code/myBeijingHell/external/SDL2/src/video/khronos"  -D_GNU_SOURCE=1 -o CMakeFiles/cmTC_a9089.dir/CheckIncludeFile.c.o -c /home/taiwei/code/myBeijingHell/build/CMakeFiles/CMakeTmp/CheckIncludeFile.c
Linking C executable cmTC_a9089
/usr/bin/cmake -E cmake_link_script CMakeFiles/cmTC_a9089.dir/link.txt --verbose=1
/usr/bin/cc  -idirafter "/home/taiwei/code/myBeijingHell/external/SDL2/src/video/khronos"  -D_GNU_SOURCE=1 -rdynamic CMakeFiles/cmTC_a9089.dir/CheckIncludeFile.c.o -o cmTC_a9089 
gmake[1]: Leaving directory '/home/taiwei/code/myBeijingHell/build/CMakeFiles/CMakeTmp'



Determining if the inotify_init exist passed with the following output:
Change Dir: /home/taiwei/code/myBeijingHell/build/CMakeFiles/CMakeTmp

Run Build Command(s):/usr/bin/gmake -f Makefile cmTC_75364/fast && /usr/bin/gmake  -f CMakeFiles/cmTC_75364.dir/build.make CMakeFiles/cmTC_75364.dir/build
gmake[1]: Entering directory '/home/taiwei/code/myBeijingHell/build/CMakeFiles/CMakeTmp'
Building C object CMakeFiles/cmTC_75364.dir/CheckSymbolExists.c.o
/usr/bin/cc   -idirafter "/home/taiwei/code/myBeijingHell/external/SDL2/src/video/khronos"  -D_GNU_SOURCE=1 -o CMakeFiles/cmTC_75364.dir/CheckSymbolExists.c.o -c /home/taiwei/code/myBeijingHell/build/CMakeFiles/CMakeTmp/CheckSymbolExists.c
Linking C executable cmTC_75364
/usr/bin/cmake -E cmake_link_script CMakeFiles/cmTC_75364.dir/link.txt --verbose=1
/usr/bin/cc  -idirafter "/home/taiwei/code/myBeijingHell/external/SDL2/src/video/khronos"  -D_GNU_SOURCE=1 -rdynamic CMakeFiles/cmTC_75364.dir/CheckSymbolExists.c.o -o cmTC_75364 
gmake[1]: Leaving directory '/home/taiwei/code/myBeijingHell/build/CMakeFiles/CMakeTmp'


File /home/taiwei/code/myBeijingHell/build/CMakeFiles/CMakeTmp/CheckSymbolExists.c:
/* */
#include <sys/inotify.h>

int main(int argc, char** argv)
{
  (void)argv;
#ifndef inotify_init
  return ((int*)(&inotify_init))[argc];
#else
  (void)argc;
  return 0;
#endif
}
Determining if the inotify_init1 exist passed with the following output:
Change Dir: /home/taiwei/code/myBeijingHell/build/CMakeFiles/CMakeTmp

Run Build Command(s):/usr/bin/gmake -f Makefile cmTC_8453c/fast && /usr/bin/gmake  -f CMakeFiles/cmTC_8453c.dir/build.make CMakeFiles/cmTC_8453c.dir/build
gmake[1]: Entering directory '/home/taiwei/code/myBeijingHell/build/CMakeFiles/CMakeTmp'
Building C object CMakeFiles/cmTC_8453c.dir/CheckSymbolExists.c.o
/usr/bin/cc   -idirafter "/home/taiwei/code/myBeijingHell/external/SDL2/src/video/khronos"  -D_GNU_SOURCE=1 -o CMakeFiles/cmTC_8453c.dir/CheckSymbolExists.c.o -c /home/taiwei/code/myBeijingHell/build/CMakeFiles/CMakeTmp/CheckSymbolExists.c
Linking C executable cmTC_8453c
/usr/bin/cmake -E cmake_link_script CMakeFiles/cmTC_8453c.dir/link.txt --verbose=1
/usr/bin/cc  -idirafter "/home/taiwei/code/myBeijingHell/external/SDL2/src/video/khronos"  -D_GNU_SOURCE=1 -rdynamic CMakeFiles/cmTC_8453c.dir/CheckSymbolExists.c.o -o cmTC_8453c 
gmake[1]: Leaving directory '/home/taiwei/code/myBeijingHell/build/CMakeFiles/CMakeTmp'


File /home/taiwei/code/myBeijingHell/build/CMakeFiles/CMakeTmp/CheckSymbolExists.c:
/* */
#include <sys/inotify.h>

int main(int argc, char** argv)
{
  (void)argv;
#ifndef inotify_init1
  return ((int*)(&inotify_init1))[argc];
#else
  (void)argc;
  return 0;
#endif
}
Performing C SOURCE FILE Test HAVE_PTHREADS succeeded with the following output:
Change Dir: /home/taiwei/code/myBeijingHell/build/CMakeFiles/CMakeTmp

Run Build Command(s):/usr/bin/gmake -f Makefile cmTC_45953/fast && /usr/bin/gmake  -f CMakeFiles/cmTC_45953.dir/build.make CMakeFiles/cmTC_45953.dir/build
gmake[1]: Entering directory '/home/taiwei/code/myBeijingHell/build/CMakeFiles/CMakeTmp'
Building C object CMakeFiles/cmTC_45953.dir/src.c.o
/usr/bin/cc -DHAVE_PTHREADS  -idirafter "/home/taiwei/code/myBeijingHell/external/SDL2/src/video/khronos"  -D_GNU_SOURCE=1 -D_REENTRANT -pthread -o CMakeFiles/cmTC_45953.dir/src.c.o -c /home/taiwei/code/myBeijingHell/build/CMakeFiles/CMakeTmp/src.c
Linking C executable cmTC_45953
/usr/bin/cmake -E cmake_link_script CMakeFiles/cmTC_45953.dir/link.txt --verbose=1
/usr/bin/cc  -idirafter "/home/taiwei/code/myBeijingHell/external/SDL2/src/video/khronos"  -D_GNU_SOURCE=1 -D_REENTRANT -pthread -rdynamic CMakeFiles/cmTC_45953.dir/src.c.o -o cmTC_45953 
gmake[1]: Leaving directory '/home/taiwei/code/myBeijingHell/build/CMakeFiles/CMakeTmp'


Source file was:

      #include <pthread.h>
      int main(int argc, char** argv) {
        pthread_attr_t type;
        pthread_attr_init(&type);
        return 0;
      }
Performing C SOURCE FILE Test HAVE_RECURSIVE_MUTEXES succeeded with the following output:
Change Dir: /home/taiwei/code/myBeijingHell/build/CMakeFiles/CMakeTmp

Run Build Command(s):/usr/bin/gmake -f Makefile cmTC_6771f/fast && /usr/bin/gmake  -f CMakeFiles/cmTC_6771f.dir/build.make CMakeFiles/cmTC_6771f.dir/build
gmake[1]: Entering directory '/home/taiwei/code/myBeijingHell/build/CMakeFiles/CMakeTmp'
Building C object CMakeFiles/cmTC_6771f.dir/src.c.o
/usr/bin/cc -DHAVE_RECURSIVE_MUTEXES  -idirafter "/home/taiwei/code/myBeijingHell/external/SDL2/src/video/khronos"  -D_GNU_SOURCE=1 -D_REENTRANT -pthread -o CMakeFiles/cmTC_6771f.dir/src.c.o -c /home/taiwei/code/myBeijingHell/build/CMakeFiles/CMakeTmp/src.c
Linking C executable cmTC_6771f
/usr/bin/cmake -E cmake_link_script CMakeFiles/cmTC_6771f.dir/link.txt --verbose=1
/usr/bin/cc  -idirafter "/home/taiwei/code/myBeijingHell/external/SDL2/src/video/khronos"  -D_GNU_SOURCE=1 -D_REENTRANT -pthread -rdynamic CMakeFiles/cmTC_6771f.dir/src.c.o -o cmTC_6771f 
gmake[1]: Leaving directory '/home/taiwei/code/myBeijingHell/build/CMakeFiles/CMakeTmp'


Source file was:

        #include <pthread.h>
        int main(int argc, char **argv) {
          pthread_mutexattr_t attr;
          pthread_mutexattr_settype(&attr, PTHREAD_MUTEX_RECURSIVE);
          return 0;
        }
Performing C SOURCE FILE Test HAVE_PTHREADS_SEM succeeded with the following output:
Change Dir: /home/taiwei/code/myBeijingHell/build/CMakeFiles/CMakeTmp

Run Build Command(s):/usr/bin/gmake -f Makefile cmTC_6d29d/fast && /usr/bin/gmake  -f CMakeFiles/cmTC_6d29d.dir/build.make CMakeFiles/cmTC_6d29d.dir/build
gmake[1]: Entering directory '/home/taiwei/code/myBeijingHell/build/CMakeFiles/CMakeTmp'
Building C object CMakeFiles/cmTC_6d29d.dir/src.c.o
/usr/bin/cc -DHAVE_PTHREADS_SEM  -idirafter "/home/taiwei/code/myBeijingHell/external/SDL2/src/video/khronos"  -D_GNU_SOURCE=1 -D_REENTRANT -pthread -o CMakeFiles/cmTC_6d29d.dir/src.c.o -c /home/taiwei/code/myBeijingHell/build/CMakeFiles/CMakeTmp/src.c
Linking C executable cmTC_6d29d
/usr/bin/cmake -E cmake_link_script CMakeFiles/cmTC_6d29d.dir/link.txt --verbose=1
/usr/bin/cc  -idirafter "/home/taiwei/code/myBeijingHell/external/SDL2/src/video/khronos"  -D_GNU_SOURCE=1 -D_REENTRANT -pthread -rdynamic CMakeFiles/cmTC_6d29d.dir/src.c.o -o cmTC_6d29d 
gmake[1]: Leaving directory '/home/taiwei/code/myBeijingHell/build/CMakeFiles/CMakeTmp'


Source file was:
#include <pthread.h>
                                 #include <semaphore.h>
                                 int main(int argc, char **argv) { return 0; }
Performing C SOURCE FILE Test HAVE_SEM_TIMEDWAIT succeeded with the following output:
Change Dir: /home/taiwei/code/myBeijingHell/build/CMakeFiles/CMakeTmp

Run Build Command(s):/usr/bin/gmake -f Makefile cmTC_d5088/fast && /usr/bin/gmake  -f CMakeFiles/cmTC_d5088.dir/build.make CMakeFiles/cmTC_d5088.dir/build
gmake[1]: Entering directory '/home/taiwei/code/myBeijingHell/build/CMakeFiles/CMakeTmp'
Building C object CMakeFiles/cmTC_d5088.dir/src.c.o
/usr/bin/cc -DHAVE_SEM_TIMEDWAIT  -idirafter "/home/taiwei/code/myBeijingHell/external/SDL2/src/video/khronos"  -D_GNU_SOURCE=1 -D_REENTRANT -pthread -o CMakeFiles/cmTC_d5088.dir/src.c.o -c /home/taiwei/code/myBeijingHell/build/CMakeFiles/CMakeTmp/src.c
/home/taiwei/code/myBeijingHell/build/CMakeFiles/CMakeTmp/src.c: In function ‘main’:
/home/taiwei/code/myBeijingHell/build/CMakeFiles/CMakeTmp/src.c:5:19: warning: argument 1 null where non-null expected [-Wnonnull]
    5 |                   sem_timedwait(NULL, NULL);
      |                   ^~~~~~~~~~~~~
In file included from /home/taiwei/code/myBeijingHell/build/CMakeFiles/CMakeTmp/src.c:3:
/usr/include/semaphore.h:63:12: note: in a call to function ‘sem_timedwait’ declared ‘nonnull’
   63 | extern int sem_timedwait (sem_t *__restrict __sem,
      |            ^~~~~~~~~~~~~
/home/taiwei/code/myBeijingHell/build/CMakeFiles/CMakeTmp/src.c:5:19: warning: argument 2 null where non-null expected [-Wnonnull]
    5 |                   sem_timedwait(NULL, NULL);
      |                   ^~~~~~~~~~~~~
In file included from /home/taiwei/code/myBeijingHell/build/CMakeFiles/CMakeTmp/src.c:3:
/usr/include/semaphore.h:63:12: note: in a call to function ‘sem_timedwait’ declared ‘nonnull’
   63 | extern int sem_timedwait (sem_t *__restrict __sem,
      |            ^~~~~~~~~~~~~
Linking C executable cmTC_d5088
/usr/bin/cmake -E cmake_link_script CMakeFiles/cmTC_d5088.dir/link.txt --verbose=1
/usr/bin/cc  -idirafter "/home/taiwei/code/myBeijingHell/external/SDL2/src/video/khronos"  -D_GNU_SOURCE=1 -D_REENTRANT -pthread -rdynamic CMakeFiles/cmTC_d5088.dir/src.c.o -o cmTC_d5088 
gmake[1]: Leaving directory '/home/taiwei/code/myBeijingHell/build/CMakeFiles/CMakeTmp'


Source file was:

              #include <pthread.h>
              #include <semaphore.h>
              int main(int argc, char **argv) {
                  sem_timedwait(NULL, NULL);
                  return 0;
              }
Determining if files pthread.h exist passed with the following output:
Change Dir: /home/taiwei/code/myBeijingHell/build/CMakeFiles/CMakeTmp

Run Build Command(s):/usr/bin/gmake -f Makefile cmTC_16546/fast && /usr/bin/gmake  -f CMakeFiles/cmTC_16546.dir/build.make CMakeFiles/cmTC_16546.dir/build
gmake[1]: Entering directory '/home/taiwei/code/myBeijingHell/build/CMakeFiles/CMakeTmp'
Building C object CMakeFiles/cmTC_16546.dir/HAVE_PTHREAD_H.c.o
/usr/bin/cc   -idirafter "/home/taiwei/code/myBeijingHell/external/SDL2/src/video/khronos"  -D_GNU_SOURCE=1 -D_REENTRANT -pthread -o CMakeFiles/cmTC_16546.dir/HAVE_PTHREAD_H.c.o -c /home/taiwei/code/myBeijingHell/build/CMakeFiles/CheckIncludeFiles/HAVE_PTHREAD_H.c
Linking C executable cmTC_16546
/usr/bin/cmake -E cmake_link_script CMakeFiles/cmTC_16546.dir/link.txt --verbose=1
/usr/bin/cc  -idirafter "/home/taiwei/code/myBeijingHell/external/SDL2/src/video/khronos"  -D_GNU_SOURCE=1 -D_REENTRANT -pthread -rdynamic CMakeFiles/cmTC_16546.dir/HAVE_PTHREAD_H.c.o -o cmTC_16546 
gmake[1]: Leaving directory '/home/taiwei/code/myBeijingHell/build/CMakeFiles/CMakeTmp'



Performing C SOURCE FILE Test HAVE_PTHREAD_SETNAME_NP succeeded with the following output:
Change Dir: /home/taiwei/code/myBeijingHell/build/CMakeFiles/CMakeTmp

Run Build Command(s):/usr/bin/gmake -f Makefile cmTC_15309/fast && /usr/bin/gmake  -f CMakeFiles/cmTC_15309.dir/build.make CMakeFiles/cmTC_15309.dir/build
gmake[1]: Entering directory '/home/taiwei/code/myBeijingHell/build/CMakeFiles/CMakeTmp'
Building C object CMakeFiles/cmTC_15309.dir/src.c.o
/usr/bin/cc -DHAVE_PTHREAD_SETNAME_NP  -idirafter "/home/taiwei/code/myBeijingHell/external/SDL2/src/video/khronos"  -D_GNU_SOURCE=1 -D_REENTRANT -pthread -o CMakeFiles/cmTC_15309.dir/src.c.o -c /home/taiwei/code/myBeijingHell/build/CMakeFiles/CMakeTmp/src.c
Linking C executable cmTC_15309
/usr/bin/cmake -E cmake_link_script CMakeFiles/cmTC_15309.dir/link.txt --verbose=1
/usr/bin/cc  -idirafter "/home/taiwei/code/myBeijingHell/external/SDL2/src/video/khronos"  -D_GNU_SOURCE=1 -D_REENTRANT -pthread -rdynamic CMakeFiles/cmTC_15309.dir/src.c.o -o cmTC_15309 
gmake[1]: Leaving directory '/home/taiwei/code/myBeijingHell/build/CMakeFiles/CMakeTmp'


Source file was:

            #include <pthread.h>
            int main(int argc, char **argv) {
              #ifdef __APPLE__
              pthread_setname_np("");
              #else
              pthread_setname_np(pthread_self(),"");
              #endif
              return 0;
            }
Determining if the function clock_gettime exists in the rt passed with the following output:
Change Dir: /home/taiwei/code/myBeijingHell/build/CMakeFiles/CMakeTmp

Run Build Command(s):/usr/bin/gmake -f Makefile cmTC_9ae98/fast && /usr/bin/gmake  -f CMakeFiles/cmTC_9ae98.dir/build.make CMakeFiles/cmTC_9ae98.dir/build
gmake[1]: Entering directory '/home/taiwei/code/myBeijingHell/build/CMakeFiles/CMakeTmp'
Building C object CMakeFiles/cmTC_9ae98.dir/CheckFunctionExists.c.o
/usr/bin/cc   -idirafter "/home/taiwei/code/myBeijingHell/external/SDL2/src/video/khronos" -DCHECK_FUNCTION_EXISTS=clock_gettime  -D_GNU_SOURCE=1 -o CMakeFiles/cmTC_9ae98.dir/CheckFunctionExists.c.o -c /usr/share/cmake-3.22/Modules/CheckFunctionExists.c
Linking C executable cmTC_9ae98
/usr/bin/cmake -E cmake_link_script CMakeFiles/cmTC_9ae98.dir/link.txt --verbose=1
/usr/bin/cc  -idirafter "/home/taiwei/code/myBeijingHell/external/SDL2/src/video/khronos" -DCHECK_FUNCTION_EXISTS=clock_gettime  -D_GNU_SOURCE=1 -rdynamic CMakeFiles/cmTC_9ae98.dir/CheckFunctionExists.c.o -o cmTC_9ae98  -lrt 
gmake[1]: Leaving directory '/home/taiwei/code/myBeijingHell/build/CMakeFiles/CMakeTmp'



Determining if the include file linux/version.h exists passed with the following output:
Change Dir: /home/taiwei/code/myBeijingHell/build/CMakeFiles/CMakeTmp

Run Build Command(s):/usr/bin/gmake -f Makefile cmTC_793f5/fast && /usr/bin/gmake  -f CMakeFiles/cmTC_793f5.dir/build.make CMakeFiles/cmTC_793f5.dir/build
gmake[1]: Entering directory '/home/taiwei/code/myBeijingHell/build/CMakeFiles/CMakeTmp'
Building C object CMakeFiles/cmTC_793f5.dir/CheckIncludeFile.c.o
/usr/bin/cc   -idirafter "/home/taiwei/code/myBeijingHell/external/SDL2/src/video/khronos"  -D_GNU_SOURCE=1 -o CMakeFiles/cmTC_793f5.dir/CheckIncludeFile.c.o -c /home/taiwei/code/myBeijingHell/build/CMakeFiles/CMakeTmp/CheckIncludeFile.c
Linking C executable cmTC_793f5
/usr/bin/cmake -E cmake_link_script CMakeFiles/cmTC_793f5.dir/link.txt --verbose=1
/usr/bin/cc  -idirafter "/home/taiwei/code/myBeijingHell/external/SDL2/src/video/khronos"  -D_GNU_SOURCE=1 -rdynamic CMakeFiles/cmTC_793f5.dir/CheckIncludeFile.c.o -o cmTC_793f5 
gmake[1]: Leaving directory '/home/taiwei/code/myBeijingHell/build/CMakeFiles/CMakeTmp'



Performing C SOURCE FILE Test HAVE_ENABLE_NEW_DTAGS succeeded with the following output:
Change Dir: /home/taiwei/code/myBeijingHell/build/CMakeFiles/CMakeTmp

Run Build Command(s):/usr/bin/gmake -f Makefile cmTC_177e4/fast && /usr/bin/gmake  -f CMakeFiles/cmTC_177e4.dir/build.make CMakeFiles/cmTC_177e4.dir/build
gmake[1]: Entering directory '/home/taiwei/code/myBeijingHell/build/CMakeFiles/CMakeTmp'
Building C object CMakeFiles/cmTC_177e4.dir/src.c.o
/usr/bin/cc -DHAVE_ENABLE_NEW_DTAGS  -idirafter "/home/taiwei/code/myBeijingHell/external/SDL2/src/video/khronos" -DHAVE_LINUX_VERSION_H -Wl,--enable-new-dtags -o CMakeFiles/cmTC_177e4.dir/src.c.o -c /home/taiwei/code/myBeijingHell/build/CMakeFiles/CMakeTmp/src.c
Linking C executable cmTC_177e4
/usr/bin/cmake -E cmake_link_script CMakeFiles/cmTC_177e4.dir/link.txt --verbose=1
/usr/bin/cc  -idirafter "/home/taiwei/code/myBeijingHell/external/SDL2/src/video/khronos" -DHAVE_LINUX_VERSION_H -Wl,--enable-new-dtags -rdynamic CMakeFiles/cmTC_177e4.dir/src.c.o -o cmTC_177e4 
gmake[1]: Leaving directory '/home/taiwei/code/myBeijingHell/build/CMakeFiles/CMakeTmp'


Source file was:
int main(void) { return 0; }
